date,stock_id,Trading_Volume,Trading_money,open,max,min,close,spread,Trading_turnover
2020-12-29,02001B,25000,250250,10.01,10.01,10.01,10.01,0.01,6
2020-12-30,02001B,3000,30000,10.0,10.0,10.0,10.0,-0.01,1
2020-12-31,02001B,0,0,0.0,0.0,0.0,0.0,0.0,0
2021-01-04,02001B,2000,20020,10.01,10.01,10.01,10.01,0.01,2
2021-01-05,02001B,0,0,0.0,0.0,0.0,0.0,0.0,0
2021-01-06,02001B,0,0,0.0,0.0,0.0,0.0,0.0,0
2021-01-07,02001B,5000,49800,9.96,9.96,9.96,9.96,-0.05,4
2021-01-08,02001B,0,0,0.0,0.0,0.0,0.0,0.0,0
2021-01-11,02001B,0,0,0.0,0.0,0.0,0.0,0.0,0
2021-01-12,02001B,1000,9920,9.92,9.92,9.92,9.92,0.02,1
2021-01-13,02001B,0,0,0.0,0.0,0.0,0.0,0.0,0
2021-01-14,02001B,0,0,0.0,0.0,0.0,0.0,0.0,0
2021-01-15,02001B,12000,118480,9.87,9.89,9.87,9.89,0.01,2
2021-01-18,02001B,0,0,0.0,0.0,0.0,0.0,0.0,0
2021-01-19,02001B,1000,9890,9.89,9.89,9.89,9.89,0.0,1
2021-01-20,02001B,0,0,0.0,0.0,0.0,0.0,0.0,0
2021-01-21,02001B,1000,9880,9.88,9.88,9.88,9.88,-0.01,1
2021-01-22,02001B,0,0,0.0,0.0,0.0,0.0,0.0,0
2021-01-25,02001B,1000,9860,9.86,9.86,9.86,9.86,-0.02,1
2021-01-26,02001B,0,0,0.0,0.0,0.0,0.0,0.0,0
2021-01-27,02001B,0,0,0.0,0.0,0.0,0.0,0.0,0
2021-01-28,02001B,0,0,0.0,0.0,0.0,0.0,0.0,0
2021-01-29,02001B,1000,9910,9.91,9.91,9.91,9.91,-0.02,1
2021-02-01,02001B,0,0,0.0,0.0,0.0,0.0,0.0,0
2021-02-02,02001B,0,0,0.0,0.0,0.0,0.0,0.0,0
2021-02-03,02001B,0,0,0.0,0.0,0.0,0.0,0.0,0
2021-02-04,02001B,2000,19720,9.86,9.86,9.86,9.86,-0.02,1
2021-02-05,02001B,0,0,0.0,0.0,0.0,0.0,0.0,0
2021-02-17,02001B,0,0,0.0,0.0,0.0,0.0,0.0,0
2021-02-18,02001B,0,0,0.0,0.0,0.0,0.0,0.0,0
2021-02-19,02001B,0,0,0.0,0.0,0.0,0.0,0.0,0
2021-02-22,02001B,0,0,0.0,0.0,0.0,0.0,0.0,0
2021-02-23,02001B,0,0,0.0,0.0,0.0,0.0,0.0,0
2021-02-24,02001B,0,0,0.0,0.0,0.0,0.0,0.0,0
2021-02-25,02001B,1000,9700,9.7,9.7,9.7,9.7,-0.02,1
2021-02-26,02001B,0,0,0.0,0.0,0.0,0.0,0.0,0
2021-03-02,02001B,7000,67600,9.66,9.66,9.65,9.65,0.05,4
2021-03-03,02001B,0,0,0.0,0.0,0.0,0.0,0.0,0
2021-03-04,02001B,0,0,0.0,0.0,0.0,0.0,0.0,0
2021-03-05,02001B,0,0,0.0,0.0,0.0,0.0,0.0,0
2021-03-08,02001B,10000,95400,9.54,9.54,9.54,9.54,-0.01,3
2021-03-09,02001B,40000,381600,9.54,9.54,9.54,9.54,0.0,1
2021-03-10,02001B,0,0,0.0,0.0,0.0,0.0,0.0,0
2021-03-11,02001B,0,0,0.0,0.0,0.0,0.0,0.0,0
2021-03-12,02001B,0,0,0.0,0.0,0.0,0.0,0.0,0
2021-03-15,02001B,0,0,0.0,0.0,0.0,0.0,0.0,0
2021-03-16,02001B,1000,9520,9.52,9.52,9.52,9.52,0.01,1
2021-03-17,02001B,51000,485520,9.52,9.52,9.52,9.52,0.0,2
2021-03-18,02001B,1000,9490,9.49,9.49,9.49,9.49,-0.03,1
2021-03-19,02001B,1000,9450,9.45,9.45,9.45,9.45,-0.04,1
2021-03-22,02001B,0,0,0.0,0.0,0.0,0.0,0.0,0
2021-03-23,02001B,27000,255960,9.48,9.48,9.48,9.48,0.03,2
2021-03-24,02001B,3000,28510,9.5,9.51,9.5,9.51,0.03,3
2021-03-25,02001B,5000,47550,9.51,9.51,9.51,9.51,0.0,1
2021-03-26,02001B,0,0,0.0,0.0,0.0,0.0,0.0,0
2021-03-29,02001B,56000,531950,9.49,9.5,9.49,9.49,-0.02,5
2021-03-30,02001B,1000,9440,9.44,9.44,9.44,9.44,-0.05,1
2021-03-31,02001B,6000,56640,9.44,9.44,9.44,9.44,0.0,2
2021-04-01,02001B,3000,28270,9.43,9.43,9.41,9.41,-0.03,2
2021-04-06,02001B,0,0,0.0,0.0,0.0,0.0,0.0,0
2021-04-07,02001B,1000,9480,9.48,9.48,9.48,9.48,0.04,1
2021-04-08,02001B,1000,9470,9.47,9.47,9.47,9.47,-0.01,1
2021-04-09,02001B,0,0,0.0,0.0,0.0,0.0,0.0,0
2021-04-12,02001B,0,0,0.0,0.0,0.0,0.0,0.0,0
2021-04-13,02001B,0,0,0.0,0.0,0.0,0.0,0.0,0
2021-04-14,02001B,0,0,0.0,0.0,0.0,0.0,0.0,0
2021-04-15,02001B,0,0,0.0,0.0,0.0,0.0,0.0,0
2021-04-16,02001B,0,0,0.0,0.0,0.0,0.0,0.0,0
2021-04-19,02001B,55000,524720,9.54,9.56,9.54,9.56,0.01,2
2021-04-20,02001B,0,0,0.0,0.0,0.0,0.0,0.0,0
2021-04-21,02001B,1000,9550,9.55,9.55,9.55,9.55,0.02,1
2021-04-22,02001B,0,0,0.0,0.0,0.0,0.0,0.0,0
2021-04-23,02001B,0,0,0.0,0.0,0.0,0.0,0.0,0
2021-04-26,02001B,4000,38200,9.55,9.55,9.55,9.55,-0.01,1
2021-04-27,02001B,15000,143250,9.55,9.55,9.55,9.55,0.0,2
2021-04-28,02001B,111000,1056660,9.52,9.52,9.51,9.51,-0.04,8
2021-04-29,02001B,30000,285600,9.52,9.52,9.52,9.52,0.01,1
2021-05-03,02001B,50000,475500,9.51,9.51,9.51,9.51,-0.01,1
2021-05-04,02001B,1013000,9654080,9.54,9.54,9.53,9.54,0.03,6
2021-05-05,02001B,0,0,0.0,0.0,0.0,0.0,0.0,0
2021-05-06,02001B,10000,95600,9.56,9.56,9.56,9.56,0.02,1
2021-05-07,02001B,100000,957000,9.57,9.57,9.57,9.57,0.01,1
2021-05-10,02001B,0,0,0.0,0.0,0.0,0.0,0.0,0
2021-05-11,02001B,10000,95500,9.55,9.55,9.55,9.55,0.0,2
2021-05-12,02001B,20000,190200,9.51,9.51,9.51,9.51,-0.04,2
2021-05-13,02001B,0,0,0.0,0.0,0.0,0.0,0.0,0
2021-05-14,02001B,992000,9424000,9.51,9.51,9.49,9.49,0.0,2
2021-05-17,02001B,990000,9419770,9.52,9.52,9.5,9.5,0.01,3
2021-05-18,02001B,8000,76000,9.5,9.5,9.5,9.5,0.0,1
2021-05-19,02001B,0,0,0.0,0.0,0.0,0.0,0.0,0
2021-05-20,02001B,100000,949000,9.49,9.49,9.49,9.49,-0.02,1
2021-05-21,02001B,0,0,0.0,0.0,0.0,0.0,0.0,0
2021-05-24,02001B,0,0,0.0,0.0,0.0,0.0,0.0,0
2021-05-25,02001B,1098000,10488710,9.55,9.56,9.53,9.53,0.01,3
2021-05-26,02001B,0,0,0.0,0.0,0.0,0.0,0.0,0
2021-05-27,02001B,0,0,0.0,0.0,0.0,0.0,0.0,0
2021-05-28,02001B,135000,1288400,9.55,9.55,9.54,9.54,-0.02,2
2021-05-31,02001B,20000,191000,9.55,9.55,9.55,9.55,0.01,1
2021-06-01,02001B,604000,5757080,9.54,9.54,9.52,9.52,-0.03,3
2021-06-02,02001B,514000,4898820,9.53,9.55,9.53,9.53,0.01,3
2021-06-03,02001B,40000,382600,9.55,9.57,9.55,9.57,0.04,2
2021-06-04,02001B,2000,19120,9.56,9.56,9.56,9.56,-0.01,1
2021-06-07,02001B,4000,38240,9.56,9.56,9.56,9.56,0.0,1
2021-06-08,02001B,50000,478200,9.56,9.57,9.56,9.57,0.01,2
2021-06-09,02001B,5000,48000,9.6,9.6,9.6,9.6,0.03,1
2021-06-10,02001B,11000,105820,9.62,9.62,9.62,9.62,0.02,2
2021-06-11,02001B,0,0,0.0,0.0,0.0,0.0,0.0,0
2021-06-15,02001B,0,0,0.0,0.0,0.0,0.0,0.0,0
2021-06-16,02001B,0,0,0.0,0.0,0.0,0.0,0.0,0
2021-06-17,02001B,635000,6068440,9.55,9.57,9.55,9.56,-0.07,15
2021-06-18,02001B,1000,9610,9.61,9.61,9.61,9.61,0.05,1
2021-06-21,02001B,3000,28950,9.64,9.66,9.64,9.65,0.04,3
2021-06-22,02001B,0,0,0.0,0.0,0.0,0.0,0.0,0
2021-06-23,02001B,12000,115680,9.64,9.64,9.64,9.64,0.02,2
2021-06-24,02001B,1000,9600,9.6,9.6,9.6,9.6,-0.04,1
2021-06-25,02001B,15000,144150,9.61,9.61,9.61,9.61,0.01,3
2021-06-28,02001B,0,0,0.0,0.0,0.0,0.0,0.0,0
2021-06-29,02001B,0,0,0.0,0.0,0.0,0.0,0.0,0
2021-06-30,02001B,277000,2667460,9.63,9.63,9.62,9.62,0.01,5
2021-07-01,02001B,0,0,0.0,0.0,0.0,0.0,0.0,0
2021-07-02,02001B,0,0,0.0,0.0,0.0,0.0,0.0,0
2021-07-05,02001B,115000,1111900,9.66,9.67,9.66,9.67,0.05,2
2021-07-06,02001B,0,0,0.0,0.0,0.0,0.0,0.0,0
2021-07-07,02001B,1000,9720,9.72,9.72,9.72,9.72,0.06,1
2021-07-08,02001B,12000,116670,9.72,9.73,9.72,9.73,0.01,2
2021-07-09,02001B,0,0,0.0,0.0,0.0,0.0,0.0,0
2021-07-12,02001B,0,0,0.0,0.0,0.0,0.0,0.0,0
2021-07-13,02001B,30000,291350,9.71,9.72,9.71,9.72,-0.01,3
2021-07-14,02001B,0,0,0.0,0.0,0.0,0.0,0.0,0
2021-07-15,02001B,446000,4337920,9.73,9.74,9.72,9.72,0.03,9
2021-07-16,02001B,136000,1325670,9.73,9.75,9.73,9.74,0.02,11
2021-07-19,02001B,285000,2784450,9.77,9.77,9.77,9.77,0.03,6
2021-07-20,02001B,12000,117960,9.83,9.83,9.83,9.83,0.06,2
2021-07-21,02001B,610000,5987100,9.81,9.82,9.81,9.82,-0.01,5
2021-07-22,02001B,1000,9770,9.77,9.77,9.77,9.77,-0.05,1
2021-07-23,02001B,0,0,0.0,0.0,0.0,0.0,0.0,0
2021-07-26,02001B,35000,342300,9.78,9.78,9.78,9.78,0.0,1
2021-07-27,02001B,0,0,0.0,0.0,0.0,0.0,0.0,0
2021-07-28,02001B,0,0,0.0,0.0,0.0,0.0,0.0,0
2021-07-29,02001B,0,0,0.0,0.0,0.0,0.0,0.0,0
2021-07-30,02001B,0,0,0.0,0.0,0.0,0.0,0.0,0
2021-08-02,02001B,0,0,0.0,0.0,0.0,0.0,0.0,0
2021-08-03,02001B,1000,9870,9.87,9.87,9.87,9.87,0.06,1
2021-08-04,02001B,1000,9850,9.85,9.85,9.85,9.85,-0.02,1
2021-08-05,02001B,0,0,0.0,0.0,0.0,0.0,0.0,0
2021-08-06,02001B,1000,9850,9.85,9.85,9.85,9.85,0.0,1
2021-08-09,02001B,0,0,0.0,0.0,0.0,0.0,0.0,0
2021-08-10,02001B,0,0,0.0,0.0,0.0,0.0,0.0,0
2021-08-11,02001B,0,0,0.0,0.0,0.0,0.0,0.0,0
2021-08-12,02001B,0,0,0.0,0.0,0.0,0.0,0.0,0
2021-08-13,02001B,0,0,0.0,0.0,0.0,0.0,0.0,0
2021-08-16,02001B,0,0,0.0,0.0,0.0,0.0,0.0,0
2021-08-17,02001B,50000,491000,9.82,9.82,9.82,9.82,0.03,1
2021-08-18,02001B,3000,29400,9.8,9.8,9.8,9.8,-0.02,1
2021-08-19,02001B,55000,538450,9.79,9.79,9.79,9.79,-0.01,2
2021-08-20,02001B,50000,489000,9.78,9.78,9.78,9.78,-0.01,1
2021-08-23,02001B,0,0,0.0,0.0,0.0,0.0,0.0,0
2021-08-24,02001B,0,0,0.0,0.0,0.0,0.0,0.0,0
2021-08-25,02001B,0,0,0.0,0.0,0.0,0.0,0.0,0
2021-08-26,02001B,0,0,0.0,0.0,0.0,0.0,0.0,0
2021-08-27,02001B,0,0,0.0,0.0,0.0,0.0,0.0,0
2021-08-30,02001B,0,0,0.0,0.0,0.0,0.0,0.0,0
2021-08-31,02001B,3000,29400,9.8,9.8,9.8,9.8,0.04,1
2021-09-01,02001B,0,0,0.0,0.0,0.0,0.0,0.0,0
2021-09-02,02001B,0,0,0.0,0.0,0.0,0.0,0.0,0
2021-09-03,02001B,0,0,0.0,0.0,0.0,0.0,0.0,0
2021-09-06,02001B,0,0,0.0,0.0,0.0,0.0,0.0,0
2021-09-07,02001B,0,0,0.0,0.0,0.0,0.0,0.0,0
2021-09-08,02001B,0,0,0.0,0.0,0.0,0.0,0.0,0
2021-09-09,02001B,0,0,0.0,0.0,0.0,0.0,0.0,0
2021-09-10,02001B,0,0,0.0,0.0,0.0,0.0,0.0,0
2021-09-13,02001B,6000,58440,9.74,9.74,9.74,9.74,-0.03,1
2021-09-14,02001B,0,0,0.0,0.0,0.0,0.0,0.0,0
2021-09-15,02001B,0,0,0.0,0.0,0.0,0.0,0.0,0
2021-09-16,02001B,0,0,0.0,0.0,0.0,0.0,0.0,0
2021-09-17,02001B,0,0,0.0,0.0,0.0,0.0,0.0,0
2021-09-22,02001B,0,0,0.0,0.0,0.0,0.0,0.0,0
2021-09-23,02001B,0,0,0.0,0.0,0.0,0.0,0.0,0
2021-09-24,02001B,0,0,0.0,0.0,0.0,0.0,0.0,0
2021-09-27,02001B,0,0,0.0,0.0,0.0,0.0,0.0,0
2021-09-28,02001B,0,0,0.0,0.0,0.0,0.0,0.0,0
2021-09-29,02001B,0,0,0.0,0.0,0.0,0.0,0.0,0
2021-09-30,02001B,1000,9620,9.62,9.62,9.62,9.62,-0.01,1
2021-10-01,02001B,0,0,0.0,0.0,0.0,0.0,0.0,0
2021-10-04,02001B,1000,9640,9.64,9.64,9.64,9.64,0.02,1
2021-10-05,02001B,0,0,0.0,0.0,0.0,0.0,0.0,0
2021-10-06,02001B,1000,9600,9.6,9.6,9.6,9.6,-0.04,1
2021-10-07,02001B,0,0,0.0,0.0,0.0,0.0,0.0,0
2021-10-08,02001B,0,0,0.0,0.0,0.0,0.0,0.0,0
2021-10-12,02001B,0,0,0.0,0.0,0.0,0.0,0.0,0
2021-10-13,02001B,0,0,0.0,0.0,0.0,0.0,0.0,0
2021-10-14,02001B,0,0,0.0,0.0,0.0,0.0,0.0,0
2021-10-15,02001B,0,0,0.0,0.0,0.0,0.0,0.0,0
2021-10-18,02001B,0,0,0.0,0.0,0.0,0.0,0.0,0
2021-10-19,02001B,0,0,0.0,0.0,0.0,0.0,0.0,0
2021-10-20,02001B,0,0,0.0,0.0,0.0,0.0,0.0,0
2021-10-21,02001B,282000,2681820,9.51,9.51,9.51,9.51,-0.02,2
2021-10-22,02001B,100000,949000,9.49,9.49,9.49,9.49,-0.02,1
2021-10-25,02001B,0,0,0.0,0.0,0.0,0.0,0.0,0
2021-10-26,02001B,0,0,0.0,0.0,0.0,0.0,0.0,0
2021-10-27,02001B,0,0,0.0,0.0,0.0,0.0,0.0,0
2021-10-28,02001B,0,0,0.0,0.0,0.0,0.0,0.0,0
2021-10-29,02001B,0,0,0.0,0.0,0.0,0.0,0.0,0
2021-11-01,02001B,0,0,0.0,0.0,0.0,0.0,0.0,0
2021-11-02,02001B,0,0,0.0,0.0,0.0,0.0,0.0,0
2021-11-03,02001B,0,0,0.0,0.0,0.0,0.0,0.0,0
2021-11-04,02001B,0,0,0.0,0.0,0.0,0.0,0.0,0
2021-11-05,02001B,0,0,0.0,0.0,0.0,0.0,0.0,0
2021-11-08,02001B,0,0,0.0,0.0,0.0,0.0,0.0,0
2021-11-09,02001B,0,0,0.0,0.0,0.0,0.0,0.0,0
2021-11-10,02001B,0,0,0.0,0.0,0.0,0.0,0.0,0
2021-11-11,02001B,0,0,0.0,0.0,0.0,0.0,0.0,0
2021-11-12,02001B,0,0,0.0,0.0,0.0,0.0,0.0,0
2021-11-15,02001B,0,0,0.0,0.0,0.0,0.0,0.0,0
2021-11-16,02001B,0,0,0.0,0.0,0.0,0.0,0.0,0
2021-11-17,02001B,0,0,0.0,0.0,0.0,0.0,0.0,0
2021-11-18,02001B,0,0,0.0,0.0,0.0,0.0,0.0,0
2021-11-19,02001B,0,0,0.0,0.0,0.0,0.0,0.0,0
2021-11-22,02001B,0,0,0.0,0.0,0.0,0.0,0.0,0
2021-11-23,02001B,0,0,0.0,0.0,0.0,0.0,0.0,0
2021-11-24,02001B,0,0,0.0,0.0,0.0,0.0,0.0,0
2021-11-25,02001B,0,0,0.0,0.0,0.0,0.0,0.0,0
2021-11-26,02001B,0,0,0.0,0.0,0.0,0.0,0.0,0
2021-11-29,02001B,0,0,0.0,0.0,0.0,0.0,0.0,0
2021-11-30,02001B,0,0,0.0,0.0,0.0,0.0,0.0,0
2021-12-01,02001B,0,0,0.0,0.0,0.0,0.0,0.0,0
2021-12-02,02001B,0,0,0.0,0.0,0.0,0.0,0.0,0
2021-12-03,02001B,0,0,0.0,0.0,0.0,0.0,0.0,0
2021-12-06,02001B,0,0,0.0,0.0,0.0,0.0,0.0,0
2021-12-07,02001B,0,0,0.0,0.0,0.0,0.0,0.0,0
2021-12-08,02001B,0,0,0.0,0.0,0.0,0.0,0.0,0
2021-12-09,02001B,0,0,0.0,0.0,0.0,0.0,0.0,0
2021-12-10,02001B,0,0,0.0,0.0,0.0,0.0,0.0,0
2021-12-13,02001B,0,0,0.0,0.0,0.0,0.0,0.0,0
2021-12-14,02001B,0,0,0.0,0.0,0.0,0.0,0.0,0
2021-12-15,02001B,0,0,0.0,0.0,0.0,0.0,0.0,0
2021-12-16,02001B,0,0,0.0,0.0,0.0,0.0,0.0,0
2021-12-17,02001B,1000,9680,9.68,9.68,9.68,9.68,0.03,1
2021-12-20,02001B,0,0,0.0,0.0,0.0,0.0,0.0,0
2021-12-21,02001B,0,0,0.0,0.0,0.0,0.0,0.0,0
2021-12-22,02001B,0,0,0.0,0.0,0.0,0.0,0.0,0
2021-12-23,02001B,0,0,0.0,0.0,0.0,0.0,0.0,0
2021-12-24,02001B,0,0,0.0,0.0,0.0,0.0,0.0,0
2021-12-27,02001B,0,0,0.0,0.0,0.0,0.0,0.0,0
2021-12-28,02001B,0,0,0.0,0.0,0.0,0.0,0.0,0
2021-12-29,02001B,0,0,0.0,0.0,0.0,0.0,0.0,0
2021-12-30,02001B,0,0,0.0,0.0,0.0,0.0,0.0,0
2022-01-03,02001B,1000,9600,9.6,9.6,9.6,9.6,0.0,1
2022-01-04,02001B,0,0,0.0,0.0,0.0,0.0,0.0,0
2022-01-05,02001B,200000,1902000,9.51,9.51,9.51,9.51,-0.02,3
2022-01-06,02001B,0,0,0.0,0.0,0.0,0.0,0.0,0
2022-01-07,02001B,0,0,0.0,0.0,0.0,0.0,0.0,0
2022-01-10,02001B,0,0,0.0,0.0,0.0,0.0,0.0,0
2022-01-11,02001B,0,0,0.0,0.0,0.0,0.0,0.0,0
2022-01-12,02001B,0,0,0.0,0.0,0.0,0.0,0.0,0
2022-01-13,02001B,0,0,0.0,0.0,0.0,0.0,0.0,0
2022-01-14,02001B,0,0,0.0,0.0,0.0,0.0,0.0,0
2022-01-17,02001B,0,0,0.0,0.0,0.0,0.0,0.0,0
2022-01-18,02001B,582000,5435880,9.34,9.34,9.34,9.34,-0.04,2
2022-01-19,02001B,2000,18650,9.33,9.33,9.32,9.32,-0.02,2
2022-01-20,02001B,0,0,0.0,0.0,0.0,0.0,0.0,0
2022-01-21,02001B,0,0,0.0,0.0,0.0,0.0,0.0,0
2022-01-24,02001B,0,0,0.0,0.0,0.0,0.0,0.0,0
2022-01-25,02001B,0,0,0.0,0.0,0.0,0.0,0.0,0
2022-01-26,02001B,0,0,0.0,0.0,0.0,0.0,0.0,0
2022-02-07,02001B,1000,9280,9.28,9.28,9.28,9.28,-0.11,1
2022-02-08,02001B,0,0,0.0,0.0,0.0,0.0,0.0,0
2022-02-09,02001B,5000,46300,9.26,9.26,9.26,9.26,0.0,1
2022-02-10,02001B,0,0,0.0,0.0,0.0,0.0,0.0,0
2022-02-11,02001B,0,0,0.0,0.0,0.0,0.0,0.0,0
2022-02-14,02001B,0,0,0.0,0.0,0.0,0.0,0.0,0
2022-02-15,02001B,0,0,0.0,0.0,0.0,0.0,0.0,0
2022-02-16,02001B,1000,9190,9.19,9.19,9.19,9.19,-0.04,1
2022-02-17,02001B,0,0,0.0,0.0,0.0,0.0,0.0,0
2022-02-18,02001B,2000,18460,9.23,9.23,9.23,9.23,0.03,1
2022-02-21,02001B,0,0,0.0,0.0,0.0,0.0,0.0,0
2022-02-22,02001B,0,0,0.0,0.0,0.0,0.0,0.0,0
2022-02-23,02001B,0,0,0.0,0.0,0.0,0.0,0.0,0
2022-02-24,02001B,105000,973250,9.25,9.27,9.25,9.27,0.0,2
2022-02-25,02001B,0,0,0.0,0.0,0.0,0.0,0.0,0
2022-03-01,02001B,0,0,0.0,0.0,0.0,0.0,0.0,0
2022-03-02,02001B,0,0,0.0,0.0,0.0,0.0,0.0,0
2022-03-03,02001B,0,0,0.0,0.0,0.0,0.0,0.0,0
2022-03-04,02001B,0,0,0.0,0.0,0.0,0.0,0.0,0
2022-03-07,02001B,0,0,0.0,0.0,0.0,0.0,0.0,0
2022-03-08,02001B,0,0,0.0,0.0,0.0,0.0,0.0,0
2022-03-09,02001B,0,0,0.0,0.0,0.0,0.0,0.0,0
2022-03-10,02001B,0,0,0.0,0.0,0.0,0.0,0.0,0
2022-03-11,02001B,0,0,0.0,0.0,0.0,0.0,0.0,0
2022-03-14,02001B,0,0,0.0,0.0,0.0,0.0,0.0,0
2022-03-15,02001B,102000,936390,9.21,9.21,9.18,9.18,-0.11,3
2022-03-16,02001B,0,0,0.0,0.0,0.0,0.0,0.0,0
2022-03-17,02001B,266000,2439220,9.17,9.17,9.17,9.17,-0.01,1
2022-03-18,02001B,0,0,0.0,0.0,0.0,0.0,0.0,0
2022-03-21,02001B,0,0,0.0,0.0,0.0,0.0,0.0,0
2022-03-22,02001B,0,0,0.0,0.0,0.0,0.0,0.0,0
2022-03-23,02001B,100000,899000,8.99,8.99,8.99,8.99,-0.06,1
2022-03-24,02001B,0,0,0.0,0.0,0.0,0.0,0.0,0
2022-03-25,02001B,0,0,0.0,0.0,0.0,0.0,0.0,0
2022-03-28,02001B,0,0,0.0,0.0,0.0,0.0,0.0,0
2022-03-29,02001B,123000,1095720,8.91,8.91,8.9,8.9,0.01,4
2022-03-30,02001B,1000,8990,8.99,8.99,8.99,8.99,0.09,1
2022-03-31,02001B,0,0,0.0,0.0,0.0,0.0,0.0,0
2022-04-01,02001B,0,0,0.0,0.0,0.0,0.0,0.0,0
2022-04-06,02001B,1000,8830,8.83,8.83,8.83,8.83,-0.14,1
2022-04-07,02001B,1000,8830,8.83,8.83,8.83,8.83,0.0,1
2022-04-08,02001B,0,0,0.0,0.0,0.0,0.0,0.0,0
2022-04-11,02001B,1000,8710,8.71,8.71,8.71,8.71,-0.07,1
2022-04-12,02001B,240000,2079790,8.66,8.67,8.66,8.67,-0.04,5
2022-04-13,02001B,0,0,0.0,0.0,0.0,0.0,0.0,0
2022-04-14,02001B,0,0,0.0,0.0,0.0,0.0,0.0,0
2022-04-15,02001B,0,0,0.0,0.0,0.0,0.0,0.0,0
2022-04-18,02001B,0,0,0.0,0.0,0.0,0.0,0.0,0
2022-04-19,02001B,2000,17300,8.65,8.65,8.65,8.65,0.0,1
2022-04-20,02001B,0,0,0.0,0.0,0.0,0.0,0.0,0
2022-04-21,02001B,11000,94810,8.61,8.62,8.61,8.62,0.04,2
2022-04-22,02001B,0,0,0.0,0.0,0.0,0.0,0.0,0
2022-04-25,02001B,10000,86100,8.61,8.61,8.61,8.61,0.04,1
2022-04-26,02001B,0,0,0.0,0.0,0.0,0.0,0.0,0
2022-04-27,02001B,0,0,0.0,0.0,0.0,0.0,0.0,0
2022-04-28,02001B,50000,433000,8.66,8.66,8.66,8.66,-0.03,1
2022-04-29,02001B,30000,259200,8.64,8.64,8.64,8.64,-0.02,1
2022-05-03,02001B,630000,5386800,8.56,8.56,8.54,8.54,-0.1,2
2022-05-04,02001B,310000,2650500,8.55,8.55,8.55,8.55,0.01,3
2022-05-05,02001B,0,0,0.0,0.0,0.0,0.0,0.0,0
2022-05-06,02001B,0,0,0.0,0.0,0.0,0.0,0.0,0
2022-05-09,02001B,0,0,0.0,0.0,0.0,0.0,0.0,0
2022-05-10,02001B,0,0,0.0,0.0,0.0,0.0,0.0,0
2022-05-11,02001B,0,0,0.0,0.0,0.0,0.0,0.0,0
2022-05-12,02001B,0,0,0.0,0.0,0.0,0.0,0.0,0
2022-05-13,02001B,0,0,0.0,0.0,0.0,0.0,0.0,0
2022-05-16,02001B,0,0,0.0,0.0,0.0,0.0,0.0,0
2022-05-17,02001B,0,0,0.0,0.0,0.0,0.0,0.0,0
2022-05-18,02001B,0,0,0.0,0.0,0.0,0.0,0.0,0
2022-05-19,02001B,0,0,0.0,0.0,0.0,0.0,0.0,0
2022-05-20,02001B,0,0,0.0,0.0,0.0,0.0,0.0,0
2022-05-23,02001B,0,0,0.0,0.0,0.0,0.0,0.0,0
2022-05-24,02001B,0,0,0.0,0.0,0.0,0.0,0.0,0
2022-05-25,02001B,0,0,0.0,0.0,0.0,0.0,0.0,0
2022-05-26,02001B,0,0,0.0,0.0,0.0,0.0,0.0,0
2022-05-27,02001B,0,0,0.0,0.0,0.0,0.0,0.0,0
2022-05-30,02001B,0,0,0.0,0.0,0.0,0.0,0.0,0
2022-05-31,02001B,0,0,0.0,0.0,0.0,0.0,0.0,0
2022-06-01,02001B,0,0,0.0,0.0,0.0,0.0,0.0,0
2022-06-02,02001B,0,0,0.0,0.0,0.0,0.0,0.0,0
2022-06-06,02001B,190000,1628300,8.57,8.57,8.57,8.57,-0.02,1
2022-06-07,02001B,150000,1275000,8.5,8.5,8.5,8.5,-0.07,2
2022-06-08,02001B,0,0,0.0,0.0,0.0,0.0,0.0,0
2022-06-09,02001B,1000,8500,8.5,8.5,8.5,8.5,-0.03,1
2022-06-10,02001B,50000,425000,8.5,8.5,8.5,8.5,0.0,1
2022-06-13,02001B,0,0,0.0,0.0,0.0,0.0,0.0,0
2022-06-14,02001B,101000,835260,8.26,8.28,8.26,8.28,-0.12,4
2022-06-15,02001B,369000,3025800,8.2,8.2,8.2,8.2,-0.08,2
2022-06-16,02001B,0,0,0.0,0.0,0.0,0.0,0.0,0
2022-06-17,02001B,0,0,0.0,0.0,0.0,0.0,0.0,0
2022-06-20,02001B,0,0,0.0,0.0,0.0,0.0,0.0,0
2022-06-21,02001B,0,0,0.0,0.0,0.0,0.0,0.0,0
2022-06-22,02001B,0,0,0.0,0.0,0.0,0.0,0.0,0
2022-06-23,02001B,0,0,0.0,0.0,0.0,0.0,0.0,0
2022-06-24,02001B,0,0,0.0,0.0,0.0,0.0,0.0,0
2022-06-27,02001B,0,0,0.0,0.0,0.0,0.0,0.0,0
2022-06-28,02001B,30000,252000,8.4,8.4,8.4,8.4,-0.04,1
2022-06-29,02001B,40000,336800,8.42,8.42,8.42,8.42,0.02,1
2022-06-30,02001B,0,0,0.0,0.0,0.0,0.0,0.0,0
2022-07-01,02001B,0,0,0.0,0.0,0.0,0.0,0.0,0
2022-07-04,02001B,20000,172400,8.62,8.62,8.62,8.62,0.05,1
2022-07-05,02001B,10000,85800,8.58,8.58,8.58,8.58,-0.04,1
2022-07-06,02001B,20000,173200,8.66,8.66,8.66,8.66,0.08,1
2022-07-07,02001B,40000,344000,8.6,8.6,8.6,8.6,-0.06,1
2022-07-08,02001B,100000,855000,8.55,8.55,8.55,8.55,-0.05,1
2022-07-11,02001B,180000,1526400,8.48,8.48,8.48,8.48,-0.07,1
2022-07-12,02001B,0,0,0.0,0.0,0.0,0.0,0.0,0
2022-07-13,02001B,50000,428000,8.56,8.56,8.56,8.56,0.01,1
2022-07-14,02001B,150000,1288000,8.6,8.6,8.58,8.58,0.02,2
2022-07-15,02001B,0,0,0.0,0.0,0.0,0.0,0.0,0
2022-07-18,02001B,0,0,0.0,0.0,0.0,0.0,0.0,0
2022-07-19,02001B,100000,855000,8.55,8.55,8.55,8.55,-0.04,1
2022-07-20,02001B,100000,853000,8.53,8.53,8.53,8.53,-0.02,1
2022-07-21,02001B,0,0,0.0,0.0,0.0,0.0,0.0,0
2022-07-22,02001B,0,0,0.0,0.0,0.0,0.0,0.0,0
2022-07-25,02001B,0,0,0.0,0.0,0.0,0.0,0.0,0
2022-07-26,02001B,50000,435000,8.7,8.7,8.7,8.7,0.0,1
2022-07-27,02001B,100000,867000,8.67,8.67,8.67,8.67,-0.03,1
2022-07-28,02001B,0,0,0.0,0.0,0.0,0.0,0.0,0
2022-07-29,02001B,0,0,0.0,0.0,0.0,0.0,0.0,0
2022-08-01,02001B,0,0,0.0,0.0,0.0,0.0,0.0,0
2022-08-02,02001B,0,0,0.0,0.0,0.0,0.0,0.0,0
2022-08-03,02001B,0,0,0.0,0.0,0.0,0.0,0.0,0
2022-08-04,02001B,0,0,0.0,0.0,0.0,0.0,0.0,0
2022-08-05,02001B,0,0,0.0,0.0,0.0,0.0,0.0,0
2022-08-08,02001B,0,0,0.0,0.0,0.0,0.0,0.0,0
2022-08-09,02001B,0,0,0.0,0.0,0.0,0.0,0.0,0
2022-08-10,02001B,0,0,0.0,0.0,0.0,0.0,0.0,0
2022-08-11,02001B,0,0,0.0,0.0,0.0,0.0,0.0,0
2022-08-12,02001B,0,0,0.0,0.0,0.0,0.0,0.0,0
2022-08-15,02001B,0,0,0.0,0.0,0.0,0.0,0.0,0
2022-08-16,02001B,0,0,0.0,0.0,0.0,0.0,0.0,0
2022-08-17,02001B,0,0,0.0,0.0,0.0,0.0,0.0,0
2022-08-18,02001B,0,0,0.0,0.0,0.0,0.0,0.0,0
2022-08-19,02001B,0,0,0.0,0.0,0.0,0.0,0.0,0
2022-08-22,02001B,1000,8580,8.58,8.58,8.58,8.58,-0.06,1
2022-08-23,02001B,201000,1718550,8.55,8.55,8.55,8.55,-0.03,2
2022-08-24,02001B,0,0,0.0,0.0,0.0,0.0,0.0,0
2022-08-25,02001B,0,0,0.0,0.0,0.0,0.0,0.0,0
2022-08-26,02001B,0,0,0.0,0.0,0.0,0.0,0.0,0
2022-08-29,02001B,0,0,0.0,0.0,0.0,0.0,0.0,0
2022-08-30,02001B,0,0,0.0,0.0,0.0,0.0,0.0,0
2022-08-31,02001B,0,0,0.0,0.0,0.0,0.0,0.0,0
2022-09-01,02001B,0,0,0.0,0.0,0.0,0.0,0.0,0
2022-09-02,02001B,0,0,0.0,0.0,0.0,0.0,0.0,0
2022-09-05,02001B,0,0,0.0,0.0,0.0,0.0,0.0,0
2022-09-06,02001B,0,0,0.0,0.0,0.0,0.0,0.0,0
2022-09-07,02001B,0,0,0.0,0.0,0.0,0.0,0.0,0
2022-09-08,02001B,20000,168000,8.4,8.4,8.4,8.4,0.07,1
2022-09-12,02001B,0,0,0.0,0.0,0.0,0.0,0.0,0
2022-09-13,02001B,0,0,0.0,0.0,0.0,0.0,0.0,0
2022-09-14,02001B,0,0,0.0,0.0,0.0,0.0,0.0,0
2022-09-15,02001B,0,0,0.0,0.0,0.0,0.0,0.0,0
2022-09-16,02001B,0,0,0.0,0.0,0.0,0.0,0.0,0
2022-09-19,02001B,20000,165200,8.26,8.26,8.26,8.26,-0.02,1
2022-09-20,02001B,0,0,0.0,0.0,0.0,0.0,0.0,0
2022-09-21,02001B,4000,32800,8.2,8.2,8.2,8.2,-0.06,1
2022-09-22,02001B,30000,245700,8.19,8.19,8.19,8.19,-0.01,1
2022-09-23,02001B,0,0,0.0,0.0,0.0,0.0,0.0,0
2022-09-26,02001B,20000,161800,8.09,8.09,8.09,8.09,-0.01,1
2022-09-27,02001B,10000,79800,7.98,7.98,7.98,7.98,-0.11,1
2022-09-28,02001B,40000,316900,7.92,7.93,7.92,7.93,-0.05,2
2022-09-29,02001B,0,0,0.0,0.0,0.0,0.0,0.0,0
2022-09-30,02001B,0,0,0.0,0.0,0.0,0.0,0.0,0
2022-10-03,02001B,0,0,0.0,0.0,0.0,0.0,0.0,0
2022-10-04,02001B,1000,8130,8.13,8.13,8.13,8.13,0.08,1
2022-10-05,02001B,20000,163000,8.15,8.15,8.15,8.15,0.02,1
2022-10-06,02001B,3000,24210,8.07,8.07,8.07,8.07,-0.08,1
2022-10-07,02001B,1000,8070,8.07,8.07,8.07,8.07,0.0,1
2022-10-11,02001B,0,0,0.0,0.0,0.0,0.0,0.0,0
2022-10-12,02001B,10000,79700,7.97,7.97,7.97,7.97,0.0,1
2022-10-13,02001B,0,0,0.0,0.0,0.0,0.0,0.0,0
2022-10-14,02001B,0,0,0.0,0.0,0.0,0.0,0.0,0
2022-10-17,02001B,0,0,0.0,0.0,0.0,0.0,0.0,0
2022-10-18,02001B,0,0,0.0,0.0,0.0,0.0,0.0,0
2022-10-19,02001B,1000,7930,7.93,7.93,7.93,7.93,0.0,1
2022-10-20,02001B,0,0,0.0,0.0,0.0,0.0,0.0,0
2022-10-21,02001B,5000,39000,7.8,7.8,7.8,7.8,-0.05,1
2022-10-24,02001B,0,0,0.0,0.0,0.0,0.0,0.0,0
2022-10-25,02001B,0,0,0.0,0.0,0.0,0.0,0.0,0
2022-10-26,02001B,0,0,0.0,0.0,0.0,0.0,0.0,0
2022-10-27,02001B,0,0,0.0,0.0,0.0,0.0,0.0,0
2022-10-28,02001B,0,0,0.0,0.0,0.0,0.0,0.0,0
2022-10-31,02001B,0,0,0.0,0.0,0.0,0.0,0.0,0
2022-11-01,02001B,0,0,0.0,0.0,0.0,0.0,0.0,0
2022-11-02,02001B,5000,39650,7.93,7.93,7.93,7.93,-0.01,1
2022-11-03,02001B,0,0,0.0,0.0,0.0,0.0,0.0,0
2022-11-04,02001B,0,0,0.0,0.0,0.0,0.0,0.0,0
2022-11-07,02001B,0,0,0.0,0.0,0.0,0.0,0.0,0
2022-11-08,02001B,0,0,0.0,0.0,0.0,0.0,0.0,0
2022-11-09,02001B,0,0,0.0,0.0,0.0,0.0,0.0,0
2022-11-10,02001B,0,0,0.0,0.0,0.0,0.0,0.0,0
2022-11-11,02001B,0,0,0.0,0.0,0.0,0.0,0.0,0
2022-11-14,02001B,0,0,0.0,0.0,0.0,0.0,0.0,0
2022-11-15,02001B,0,0,0.0,0.0,0.0,0.0,0.0,0
2022-11-16,02001B,10000,81000,8.1,8.1,8.1,8.1,0.06,1
2022-11-17,02001B,0,0,0.0,0.0,0.0,0.0,0.0,0
2022-11-18,02001B,0,0,0.0,0.0,0.0,0.0,0.0,0
2022-11-21,02001B,0,0,0.0,0.0,0.0,0.0,0.0,0
2022-11-22,02001B,0,0,0.0,0.0,0.0,0.0,0.0,0
2022-11-23,02001B,0,0,0.0,0.0,0.0,0.0,0.0,0
2022-11-24,02001B,10000,81600,8.16,8.16,8.16,8.16,0.07,1
2022-11-25,02001B,0,0,0.0,0.0,0.0,0.0,0.0,0
2022-11-28,02001B,10000,82000,8.2,8.2,8.2,8.2,0.02,1
2022-11-29,02001B,30000,245100,8.17,8.17,8.17,8.17,-0.03,3
2022-11-30,02001B,0,0,0.0,0.0,0.0,0.0,0.0,0
2022-12-01,02001B,60000,493300,8.23,8.23,8.22,8.22,0.08,3
2022-12-02,02001B,0,0,0.0,0.0,0.0,0.0,0.0,0
2022-12-05,02001B,5000,41500,8.3,8.3,8.3,8.3,0.03,1
2022-12-06,02001B,0,0,0.0,0.0,0.0,0.0,0.0,0
2022-12-07,02001B,0,0,0.0,0.0,0.0,0.0,0.0,0
2022-12-08,02001B,0,0,0.0,0.0,0.0,0.0,0.0,0
2022-12-09,02001B,2000,16580,8.29,8.29,8.29,8.29,-0.03,1
2022-12-12,02001B,0,0,0.0,0.0,0.0,0.0,0.0,0
2022-12-13,02001B,0,0,0.0,0.0,0.0,0.0,0.0,0
2022-12-14,02001B,0,0,0.0,0.0,0.0,0.0,0.0,0
2022-12-15,02001B,0,0,0.0,0.0,0.0,0.0,0.0,0
2022-12-16,02001B,0,0,0.0,0.0,0.0,0.0,0.0,0
2022-12-19,02001B,0,0,0.0,0.0,0.0,0.0,0.0,0
2022-12-20,02001B,0,0,0.0,0.0,0.0,0.0,0.0,0
2022-12-21,02001B,0,0,0.0,0.0,0.0,0.0,0.0,0
2022-12-22,02001B,0,0,0.0,0.0,0.0,0.0,0.0,0
2022-12-23,02001B,0,0,0.0,0.0,0.0,0.0,0.0,0
2022-12-26,02001B,0,0,0.0,0.0,0.0,0.0,0.0,0
2022-12-27,02001B,0,0,0.0,0.0,0.0,0.0,0.0,0
2022-12-28,02001B,0,0,0.0,0.0,0.0,0.0,0.0,0
2022-12-29,02001B,0,0,0.0,0.0,0.0,0.0,0.0,0
2022-12-30,02001B,0,0,0.0,0.0,0.0,0.0,0.0,0
2023-01-03,02001B,5000,40500,8.1,8.1,8.1,8.1,0.0,4
2023-01-04,02001B,0,0,0.0,0.0,0.0,0.0,0.0,0
2023-01-05,02001B,200000,1640000,8.2,8.2,8.2,8.2,0.03,1
2023-01-06,02001B,0,0,0.0,0.0,0.0,0.0,0.0,0
2023-01-09,02001B,10000,82800,8.28,8.28,8.28,8.28,0.1,1
2023-01-10,02001B,10000,82900,8.29,8.29,8.29,8.29,0.01,1
2023-01-11,02001B,11000,90960,8.26,8.27,8.26,8.27,-0.02,2
2023-01-12,02001B,10000,83100,8.31,8.31,8.31,8.31,0.04,1
2023-01-13,02001B,20000,166700,8.31,8.36,8.31,8.36,0.05,2
2023-01-16,02001B,10000,83400,8.34,8.34,8.34,8.34,-0.02,1
2023-01-17,02001B,50000,416500,8.33,8.33,8.33,8.33,-0.01,1
2023-01-30,02001B,1000,8330,8.33,8.33,8.33,8.33,0.0,1
2023-01-31,02001B,0,0,0.0,0.0,0.0,0.0,0.0,0
2023-02-01,02001B,0,0,0.0,0.0,0.0,0.0,0.0,0
2023-02-02,02001B,0,0,0.0,0.0,0.0,0.0,0.0,0
2023-02-03,02001B,0,0,0.0,0.0,0.0,0.0,0.0,0
2023-02-06,02001B,0,0,0.0,0.0,0.0,0.0,0.0,0
2023-02-07,02001B,0,0,0.0,0.0,0.0,0.0,0.0,0
2023-02-08,02001B,0,0,0.0,0.0,0.0,0.0,0.0,0
2023-02-09,02001B,0,0,0.0,0.0,0.0,0.0,0.0,0
2023-02-10,02001B,0,0,0.0,0.0,0.0,0.0,0.0,0
2023-02-13,02001B,0,0,0.0,0.0,0.0,0.0,0.0,0
2023-02-14,02001B,0,0,0.0,0.0,0.0,0.0,0.0,0
2023-02-15,02001B,3000,24510,8.17,8.17,8.17,8.17,-0.03,1
2023-02-16,02001B,5000,40780,8.16,8.16,8.15,8.15,-0.02,2
2023-02-17,02001B,5000,40410,8.08,8.09,8.08,8.09,-0.06,2
2023-02-20,02001B,4000,32480,8.12,8.12,8.12,8.12,0.03,1
2023-02-21,02001B,0,0,0.0,0.0,0.0,0.0,0.0,0
2023-02-22,02001B,1000,8050,8.05,8.05,8.05,8.05,-0.07,1
2023-02-23,02001B,0,0,0.0,0.0,0.0,0.0,0.0,0
2023-02-24,02001B,0,0,0.0,0.0,0.0,0.0,0.0,0
2023-03-01,02001B,0,0,0.0,0.0,0.0,0.0,0.0,0
2023-03-02,02001B,1000,8040,8.04,8.04,8.04,8.04,-0.03,1
2023-03-03,02001B,5000,39950,7.99,7.99,7.99,7.99,-0.05,1
2023-03-06,02001B,0,0,0.0,0.0,0.0,0.0,0.0,0
2023-03-07,02001B,3000,24120,8.04,8.04,8.04,8.04,-0.01,1
2023-03-08,02001B,16000,128160,8.01,8.01,8.01,8.01,-0.03,2
2023-03-09,02001B,0,0,0.0,0.0,0.0,0.0,0.0,0
2023-03-10,02001B,18000,146310,8.12,8.13,8.12,8.13,0.11,2
2023-03-13,02001B,4000,32850,8.21,8.22,8.21,8.22,0.09,2
2023-03-14,02001B,0,0,0.0,0.0,0.0,0.0,0.0,0
2023-03-15,02001B,0,0,0.0,0.0,0.0,0.0,0.0,0
2023-03-16,02001B,0,0,0.0,0.0,0.0,0.0,0.0,0
2023-03-17,02001B,0,0,0.0,0.0,0.0,0.0,0.0,0
2023-03-20,02001B,8000,67040,8.38,8.38,8.38,8.38,0.09,1
2023-03-21,02001B,0,0,0.0,0.0,0.0,0.0,0.0,0
2023-03-22,02001B,0,0,0.0,0.0,0.0,0.0,0.0,0
2023-03-23,02001B,0,0,0.0,0.0,0.0,0.0,0.0,0
2023-03-24,02001B,0,0,0.0,0.0,0.0,0.0,0.0,0
2023-03-27,02001B,0,0,0.0,0.0,0.0,0.0,0.0,0
2023-03-28,02001B,0,0,0.0,0.0,0.0,0.0,0.0,0
2023-03-29,02001B,0,0,0.0,0.0,0.0,0.0,0.0,0
2023-03-30,02001B,0,0,0.0,0.0,0.0,0.0,0.0,0
2023-03-31,02001B,0,0,0.0,0.0,0.0,0.0,0.0,0
2023-04-06,02001B,0,0,0.0,0.0,0.0,0.0,0.0,0
2023-04-07,02001B,5000,42400,8.48,8.48,8.48,8.48,0.0,1
2023-04-10,02001B,0,0,0.0,0.0,0.0,0.0,0.0,0
2023-04-11,02001B,15000,126350,8.43,8.43,8.42,8.42,-0.02,3
2023-04-12,02001B,0,0,0.0,0.0,0.0,0.0,0.0,0
2023-04-13,02001B,0,0,0.0,0.0,0.0,0.0,0.0,0
2023-04-14,02001B,0,0,0.0,0.0,0.0,0.0,0.0,0
2023-04-17,02001B,35000,292950,8.37,8.37,8.37,8.37,-0.05,3
2023-04-18,02001B,5000,41550,8.31,8.31,8.31,8.31,-0.06,1
2023-04-19,02001B,0,0,0.0,0.0,0.0,0.0,0.0,0
2023-04-20,02001B,0,0,0.0,0.0,0.0,0.0,0.0,0
2023-04-21,02001B,0,0,0.0,0.0,0.0,0.0,0.0,0
2023-04-24,02001B,0,0,0.0,0.0,0.0,0.0,0.0,0
2023-04-25,02001B,5000,41950,8.39,8.39,8.39,8.39,0.05,1
2023-04-26,02001B,45000,380100,8.44,8.45,8.44,8.45,0.06,3
2023-04-27,02001B,15000,126300,8.42,8.42,8.42,8.42,-0.03,1
2023-04-28,02001B,15000,125550,8.37,8.37,8.37,8.37,-0.05,1
2023-05-02,02001B,0,0,0.0,0.0,0.0,0.0,0.0,0
2023-05-03,02001B,30000,253200,8.44,8.44,8.44,8.44,0.1,1
2023-05-04,02001B,0,0,0.0,0.0,0.0,0.0,0.0,0
2023-05-05,02001B,0,0,0.0,0.0,0.0,0.0,0.0,0
2023-05-08,02001B,10000,84500,8.45,8.45,8.45,8.45,-0.02,1
2023-05-09,02001B,0,0,0.0,0.0,0.0,0.0,0.0,0
2023-05-10,02001B,9000,75460,8.39,8.39,8.38,8.38,-0.03,3
2023-05-11,02001B,5000,42200,8.44,8.44,8.44,8.44,0.06,3
2023-05-12,02001B,2000,16980,8.49,8.49,8.49,8.49,0.05,1
2023-05-15,02001B,4000,33720,8.43,8.43,8.43,8.43,-0.06,2
2023-05-16,02001B,2000,16820,8.41,8.41,8.41,8.41,-0.02,1
2023-05-17,02001B,2000,16780,8.39,8.39,8.39,8.39,-0.02,1
2023-05-18,02001B,0,0,0.0,0.0,0.0,0.0,0.0,0
2023-05-19,02001B,0,0,0.0,0.0,0.0,0.0,0.0,0
2023-05-22,02001B,6000,49740,8.29,8.29,8.29,8.29,-0.02,2
2023-05-23,02001B,0,0,0.0,0.0,0.0,0.0,0.0,0
2023-05-24,02001B,2000,16560,8.28,8.28,8.28,8.28,0.02,1
2023-05-25,02001B,5000,41150,8.23,8.23,8.23,8.23,-0.05,1
2023-05-26,02001B,0,0,0.0,0.0,0.0,0.0,0.0,0
2023-05-29,02001B,0,0,0.0,0.0,0.0,0.0,0.0,0
2023-05-30,02001B,0,0,0.0,0.0,0.0,0.0,0.0,0
2023-05-31,02001B,0,0,0.0,0.0,0.0,0.0,0.0,0
2023-06-01,02001B,0,0,0.0,0.0,0.0,0.0,0.0,0
2023-06-02,02001B,1000,8310,8.31,8.31,8.31,8.31,0.03,1
2023-06-05,02001B,0,0,0.0,0.0,0.0,0.0,0.0,0
2023-06-06,02001B,0,0,0.0,0.0,0.0,0.0,0.0,0
2023-06-07,02001B,0,0,0.0,0.0,0.0,0.0,0.0,0
2023-06-08,02001B,0,0,0.0,0.0,0.0,0.0,0.0,0
2023-06-09,02001B,0,0,0.0,0.0,0.0,0.0,0.0,0
2023-06-12,02001B,0,0,0.0,0.0,0.0,0.0,0.0,0
2023-06-13,02001B,0,0,0.0,0.0,0.0,0.0,0.0,0
2023-06-14,02001B,20000,164000,8.2,8.2,8.2,8.2,-0.05,1
2023-06-15,02001B,30000,245800,8.2,8.2,8.19,8.19,-0.01,3
2023-06-16,02001B,0,0,0.0,0.0,0.0,0.0,0.0,0
2023-06-19,02001B,0,0,0.0,0.0,0.0,0.0,0.0,0
2023-06-20,02001B,0,0,0.0,0.0,0.0,0.0,0.0,0
2023-06-21,02001B,52000,428800,8.24,8.25,8.24,8.25,0.03,5
2023-06-26,02001B,33000,271920,8.24,8.24,8.24,8.24,-0.01,3
2023-06-27,02001B,32000,264010,8.25,8.26,8.25,8.25,0.01,3
2023-06-28,02001B,0,0,0.0,0.0,0.0,0.0,0.0,0
2023-06-29,02001B,0,0,0.0,0.0,0.0,0.0,0.0,0
2023-06-30,02001B,0,0,0.0,0.0,0.0,0.0,0.0,0
2023-07-03,02001B,15000,122700,8.18,8.18,8.18,8.18,0.0,2
2023-07-04,02001B,11000,89800,8.17,8.17,8.15,8.15,-0.03,3
2023-07-05,02001B,0,0,0.0,0.0,0.0,0.0,0.0,0
2023-07-06,02001B,10000,81100,8.11,8.11,8.11,8.11,-0.04,2
2023-07-07,02001B,146000,1176000,8.04,8.06,8.04,8.05,-0.06,11
2023-07-10,02001B,10000,80200,8.02,8.02,8.02,8.02,-0.03,1
2023-07-11,02001B,96000,775200,8.07,8.08,8.07,8.07,0.05,6
2023-07-12,02001B,0,0,0.0,0.0,0.0,0.0,0.0,0
2023-07-13,02001B,31000,253580,8.18,8.18,8.18,8.18,0.08,2
2023-07-14,02001B,0,0,0.0,0.0,0.0,0.0,0.0,0
2023-07-17,02001B,1000,8200,8.2,8.2,8.2,8.2,-0.03,1
2023-07-18,02001B,0,0,0.0,0.0,0.0,0.0,0.0,0
2023-07-19,02001B,0,0,0.0,0.0,0.0,0.0,0.0,0
2023-07-20,02001B,0,0,0.0,0.0,0.0,0.0,0.0,0
2023-07-21,02001B,0,0,0.0,0.0,0.0,0.0,0.0,0
2023-07-24,02001B,0,0,0.0,0.0,0.0,0.0,0.0,0
2023-07-25,02001B,0,0,0.0,0.0,0.0,0.0,0.0,0
2023-07-26,02001B,0,0,0.0,0.0,0.0,0.0,0.0,0
2023-07-27,02001B,1000,8170,8.17,8.17,8.17,8.17,0.0,1
2023-07-28,02001B,93000,754230,8.11,8.11,8.11,8.11,-0.06,6
2023-07-31,02001B,0,0,0.0,0.0,0.0,0.0,0.0,0
2023-08-01,02001B,90000,731700,8.13,8.13,8.13,8.13,0.02,2
2023-08-02,02001B,0,0,0.0,0.0,0.0,0.0,0.0,0
2023-08-04,02001B,3000,24050,8.01,8.02,8.01,8.02,-0.08,2
2023-08-07,02001B,48000,388320,8.09,8.09,8.09,8.09,0.07,3
2023-08-08,02001B,48000,388320,8.09,8.09,8.09,8.09,0.0,3
2023-08-09,02001B,48000,388320,8.09,8.09,8.09,8.09,0.0,3
2023-08-10,02001B,48000,388640,8.09,8.11,8.09,8.11,0.02,3
2023-08-11,02001B,0,0,0.0,0.0,0.0,0.0,0.0,0
2023-08-14,02001B,32000,256000,8.0,8.0,8.0,8.0,-0.05,2
2023-08-15,02001B,0,0,0.0,0.0,0.0,0.0,0.0,0
2023-08-16,02001B,0,0,0.0,0.0,0.0,0.0,0.0,0
2023-08-17,02001B,0,0,0.0,0.0,0.0,0.0,0.0,0
2023-08-18,02001B,0,0,0.0,0.0,0.0,0.0,0.0,0
2023-08-21,02001B,40000,318000,7.95,7.95,7.95,7.95,-0.02,1
2023-08-22,02001B,0,0,0.0,0.0,0.0,0.0,0.0,0
2023-08-23,02001B,0,0,0.0,0.0,0.0,0.0,0.0,0
2023-08-24,02001B,251000,2005490,7.99,7.99,7.99,7.99,0.07,3
2023-08-25,02001B,1617000,12875700,7.97,7.97,7.96,7.96,-0.03,5
2023-08-28,02001B,884000,7036640,7.96,7.96,7.96,7.96,0.0,3
2023-08-29,02001B,0,0,0.0,0.0,0.0,0.0,0.0,0
2023-08-30,02001B,250000,2010000,8.04,8.04,8.04,8.04,0.04,1
2023-08-31,02001B,580000,4669000,8.05,8.05,8.05,8.05,0.01,4
2023-09-01,02001B,0,0,0.0,0.0,0.0,0.0,0.0,0
2023-09-04,02001B,4000,32100,8.04,8.04,8.01,8.01,-0.04,2
2023-09-05,02001B,3000,24000,8.0,8.0,8.0,8.0,-0.01,1
2023-09-06,02001B,2000,15960,7.98,7.98,7.98,7.98,-0.02,1
2023-09-07,02001B,0,0,0.0,0.0,0.0,0.0,0.0,0
2023-09-08,02001B,0,0,0.0,0.0,0.0,0.0,0.0,0
2023-09-11,02001B,170000,1354900,7.97,7.97,7.97,7.97,-0.01,1
2023-09-12,02001B,0,0,0.0,0.0,0.0,0.0,0.0,0
2023-09-13,02001B,0,0,0.0,0.0,0.0,0.0,0.0,0
2023-09-14,02001B,0,0,0.0,0.0,0.0,0.0,0.0,0
2023-09-15,02001B,0,0,0.0,0.0,0.0,0.0,0.0,0
2023-09-18,02001B,15000,119100,7.94,7.94,7.94,7.94,-0.03,1
2023-09-19,02001B,0,0,0.0,0.0,0.0,0.0,0.0,0
2023-09-20,02001B,15000,118800,7.92,7.92,7.92,7.92,-0.03,1
2023-09-21,02001B,15000,118050,7.87,7.87,7.87,7.87,-0.05,1
2023-09-22,02001B,2000,15700,7.85,7.85,7.85,7.85,-0.02,2
2023-09-25,02001B,1000,7880,7.88,7.88,7.88,7.88,0.03,1
2023-09-26,02001B,0,0,0.0,0.0,0.0,0.0,0.0,0
2023-09-27,02001B,2000,15680,7.84,7.84,7.84,7.84,0.01,1
2023-09-28,02001B,0,0,0.0,0.0,0.0,0.0,0.0,0
2023-10-02,02001B,2000,15580,7.79,7.79,7.79,7.79,-0.01,1
2023-10-03,02001B,0,0,0.0,0.0,0.0,0.0,0.0,0
2023-10-04,02001B,0,0,0.0,0.0,0.0,0.0,0.0,0
2023-10-05,02001B,16000,123840,7.74,7.74,7.74,7.74,0.07,2
2023-10-06,02001B,17000,131580,7.74,7.74,7.74,7.74,0.0,3
2023-10-11,02001B,17000,132260,7.78,7.78,7.78,7.78,0.04,1
2023-10-12,02001B,30000,234900,7.83,7.83,7.83,7.83,0.05,1
2023-10-13,02001B,31000,240870,7.77,7.77,7.77,7.77,-0.06,3
2023-10-16,02001B,0,0,0.0,0.0,0.0,0.0,0.0,0
2023-10-17,02001B,1000,7740,7.74,7.74,7.74,7.74,-0.04,1
2023-10-18,02001B,1000,7680,7.68,7.68,7.68,7.68,-0.06,1
2023-10-19,02001B,35000,266700,7.62,7.62,7.62,7.62,-0.06,3
2023-10-20,02001B,35000,266640,7.62,7.62,7.6,7.6,-0.02,3
2023-10-23,02001B,32000,243520,7.61,7.61,7.61,7.61,0.01,2
2023-10-24,02001B,32000,243840,7.62,7.62,7.62,7.62,0.01,2
2023-10-25,02001B,32000,243840,7.62,7.62,7.62,7.62,0.0,2
2023-10-26,02001B,32000,243840,7.62,7.62,7.62,7.62,0.0,2
2023-10-27,02001B,16000,122720,7.67,7.67,7.67,7.67,0.05,1
2023-10-30,02001B,0,0,0.0,0.0,0.0,0.0,0.0,0
2023-10-31,02001B,6000,45960,7.66,7.66,7.66,7.66,-0.01,1
2023-11-01,02001B,0,0,0.0,0.0,0.0,0.0,0.0,0
2023-11-02,02001B,0,0,0.0,0.0,0.0,0.0,0.0,0
2023-11-03,02001B,2000,15580,7.79,7.79,7.79,7.79,0.03,1
2023-11-06,02001B,0,0,0.0,0.0,0.0,0.0,0.0,0
2023-11-07,02001B,62000,484540,7.82,7.82,7.81,7.81,-0.02,3
2023-11-08,02001B,39000,304800,7.81,7.84,7.81,7.84,0.03,3
2023-11-09,02001B,64000,503070,7.84,7.9,7.84,7.89,0.05,5
2023-11-10,02001B,33000,260280,7.89,7.89,7.8,7.8,-0.09,3
2023-11-13,02001B,62000,483600,7.8,7.8,7.8,7.8,0.0,3
2023-11-14,02001B,32000,249440,7.8,7.8,7.79,7.79,-0.01,2
2023-11-15,02001B,54000,427140,7.91,7.91,7.91,7.91,0.12,3
2023-11-16,02001B,0,0,0.0,0.0,0.0,0.0,0.0,0
2023-11-17,02001B,0,0,0.0,0.0,0.0,0.0,0.0,0
2023-11-20,02001B,1000,7920,7.92,7.92,7.92,7.92,0.02,1
2023-11-21,02001B,0,0,0.0,0.0,0.0,0.0,0.0,0
2023-11-22,02001B,1000,7940,7.94,7.94,7.94,7.94,0.0,1
2023-11-23,02001B,0,0,0.0,0.0,0.0,0.0,0.0,0
2023-11-24,02001B,0,0,0.0,0.0,0.0,0.0,0.0,0
2023-11-27,02001B,2000,15760,7.88,7.88,7.88,7.88,-0.04,1
2023-11-28,02001B,0,0,0.0,0.0,0.0,0.0,0.0,0
2023-11-29,02001B,0,0,0.0,0.0,0.0,0.0,0.0,0
2023-11-30,02001B,21000,168840,8.04,8.04,8.04,8.04,0.03,2
2023-12-01,02001B,0,0,0.0,0.0,0.0,0.0,0.0,0
2023-12-04,02001B,0,0,0.0,0.0,0.0,0.0,0.0,0
2023-12-05,02001B,0,0,0.0,0.0,0.0,0.0,0.0,0
2023-12-06,02001B,40000,323600,8.09,8.09,8.09,8.09,0.04,2
2023-12-07,02001B,0,0,0.0,0.0,0.0,0.0,0.0,0
2023-12-08,02001B,160000,1297600,8.11,8.11,8.11,8.11,0.01,10
2023-12-11,02001B,0,0,0.0,0.0,0.0,0.0,0.0,0
2023-12-12,02001B,0,0,0.0,0.0,0.0,0.0,0.0,0
2023-12-13,02001B,160000,1292800,8.08,8.08,8.08,8.08,0.01,10
2023-12-14,02001B,0,0,0.0,0.0,0.0,0.0,0.0,0
2023-12-15,02001B,4000,33080,8.27,8.27,8.27,8.27,0.08,2
2023-12-18,02001B,13000,107570,8.28,8.28,8.27,8.27,0.0,3
2023-12-19,02001B,0,0,0.0,0.0,0.0,0.0,0.0,0
2023-12-20,02001B,200000,1652000,8.26,8.26,8.26,8.26,0.01,1
2023-12-21,02001B,3000,24930,8.31,8.31,8.31,8.31,0.05,2
2023-12-22,02001B,1000,8290,8.29,8.29,8.29,8.29,-0.02,1
2023-12-25,02001B,1000,8280,8.28,8.28,8.28,8.28,-0.01,1
2023-12-26,02001B,0,0,0.0,0.0,0.0,0.0,0.0,0
2023-12-27,02001B,0,0,0.0,0.0,0.0,0.0,0.0,0
2023-12-28,02001B,12000,99970,8.33,8.34,8.33,8.34,0.06,2
2023-12-29,02001B,0,0,0.0,0.0,0.0,0.0,0.0,0
2024-01-02,02001B,0,0,0.0,0.0,0.0,0.0,0.0,0
2024-01-03,02001B,1000,8270,8.27,8.27,8.27,8.27,-0.01,1
2024-01-04,02001B,32000,264960,8.28,8.28,8.28,8.28,0.01,2
2024-01-05,02001B,33000,273200,8.28,8.28,8.24,8.24,-0.04,3
2024-01-08,02001B,33000,271870,8.24,8.24,8.19,8.19,-0.05,3
2024-01-09,02001B,32000,262080,8.19,8.19,8.19,8.19,0.0,2
2024-01-10,02001B,32000,262080,8.19,8.19,8.19,8.19,0.0,2
2024-01-11,02001B,34000,278500,8.19,8.21,8.19,8.21,0.02,3
2024-01-12,02001B,0,0,0.0,0.0,0.0,0.0,0.0,0
2024-01-15,02001B,0,0,0.0,0.0,0.0,0.0,0.0,0
2024-01-16,02001B,0,0,0.0,0.0,0.0,0.0,0.0,0
2024-01-17,02001B,0,0,0.0,0.0,0.0,0.0,0.0,0
2024-01-18,02001B,1000,8190,8.19,8.19,8.19,8.19,-0.03,1
2024-01-19,02001B,0,0,0.0,0.0,0.0,0.0,0.0,0
2024-01-22,02001B,1000,8170,8.17,8.17,8.17,8.17,0.01,1
2024-01-23,02001B,0,0,0.0,0.0,0.0,0.0,0.0,0
2024-01-24,02001B,0,0,0.0,0.0,0.0,0.0,0.0,0
2024-01-25,02001B,41000,333760,8.16,8.16,8.14,8.14,-0.04,2
2024-01-26,02001B,0,0,0.0,0.0,0.0,0.0,0.0,0
2024-01-29,02001B,1000,8180,8.18,8.18,8.18,8.18,-0.01,1
2024-01-30,02001B,0,0,0.0,0.0,0.0,0.0,0.0,0
2024-01-31,02001B,0,0,0.0,0.0,0.0,0.0,0.0,0
2024-02-01,02001B,0,0,0.0,0.0,0.0,0.0,0.0,0
2024-02-02,02001B,34000,281630,8.28,8.34,8.28,8.33,0.05,4
2024-02-05,02001B,44000,365060,8.33,8.33,8.2,8.21,-0.12,5
2024-02-15,02001B,32000,262720,8.21,8.21,8.21,8.21,0.0,2
2024-02-16,02001B,32000,262720,8.21,8.21,8.21,8.21,0.0,2
2024-02-19,02001B,32000,262720,8.21,8.21,8.21,8.21,0.0,2
2024-02-20,02001B,16000,131360,8.21,8.21,8.21,8.21,0.0,1
2024-02-21,02001B,0,0,0.0,0.0,0.0,0.0,0.0,0
2024-02-22,02001B,0,0,0.0,0.0,0.0,0.0,0.0,0
2024-02-23,02001B,1000,8050,8.05,8.05,8.05,8.05,-0.02,1
2024-02-26,02001B,0,0,0.0,0.0,0.0,0.0,0.0,0
2024-02-27,02001B,0,0,0.0,0.0,0.0,0.0,0.0,0
2024-02-29,02001B,0,0,0.0,0.0,0.0,0.0,0.0,0
2024-03-01,02001B,0,0,0.0,0.0,0.0,0.0,0.0,0
2024-03-04,02001B,0,0,0.0,0.0,0.0,0.0,0.0,0
2024-03-05,02001B,0,0,0.0,0.0,0.0,0.0,0.0,0
2024-03-06,02001B,0,0,0.0,0.0,0.0,0.0,0.0,0
2024-03-07,02001B,0,0,0.0,0.0,0.0,0.0,0.0,0
2024-03-08,02001B,32000,262080,8.19,8.19,8.19,8.19,0.0,2
2024-03-11,02001B,32000,262080,8.19,8.19,8.19,8.19,0.0,2
2024-03-12,02001B,52000,426080,8.19,8.2,8.19,8.2,0.01,3
2024-03-13,02001B,37000,303250,8.2,8.2,8.17,8.17,-0.03,4
2024-03-14,02001B,32000,261440,8.17,8.17,8.17,8.17,0.0,2
2024-03-15,02001B,16000,130720,8.17,8.17,8.17,8.17,0.0,1
2024-03-18,02001B,0,0,0.0,0.0,0.0,0.0,0.0,0
2024-03-19,02001B,0,0,0.0,0.0,0.0,0.0,0.0,0
2024-03-20,02001B,0,0,0.0,0.0,0.0,0.0,0.0,0
2024-03-21,02001B,1000,8120,8.12,8.12,8.12,8.12,0.03,1
2024-03-22,02001B,3000,24390,8.13,8.13,8.13,8.13,0.01,1
2024-03-25,02001B,0,0,0.0,0.0,0.0,0.0,0.0,0
2024-03-26,02001B,0,0,0.0,0.0,0.0,0.0,0.0,0
2024-03-27,02001B,0,0,0.0,0.0,0.0,0.0,0.0,0
2024-03-28,02001B,0,0,0.0,0.0,0.0,0.0,0.0,0
2024-03-29,02001B,0,0,0.0,0.0,0.0,0.0,0.0,0
2024-04-01,02001B,0,0,0.0,0.0,0.0,0.0,0.0,0
2024-04-02,02001B,2000,16220,8.11,8.11,8.11,8.11,-0.05,1
2024-04-03,02001B,2000,16160,8.08,8.08,8.08,8.08,-0.03,1
2024-04-08,02001B,3000,24090,8.03,8.03,8.03,8.03,-0.05,1
2024-04-09,02001B,0,0,0.0,0.0,0.0,0.0,0.0,0
2024-04-10,02001B,20000,161600,8.08,8.08,8.08,8.08,0.04,1
2024-04-11,02001B,50000,401700,8.07,8.07,7.97,7.97,-0.11,6
2024-04-12,02001B,49000,390190,7.97,7.97,7.95,7.95,-0.02,6
2024-04-15,02001B,62000,493200,7.95,7.96,7.95,7.96,0.01,4
2024-04-16,02001B,37000,294420,7.96,7.96,7.94,7.94,-0.02,3
2024-04-17,02001B,60000,475600,7.94,7.94,7.9,7.9,-0.04,5
2024-04-18,02001B,16000,126400,7.9,7.9,7.9,7.9,0.0,1
2024-04-19,02001B,0,0,0.0,0.0,0.0,0.0,0.0,0
2024-04-22,02001B,5000,39550,7.91,7.91,7.91,7.91,-0.02,1
2024-04-23,02001B,0,0,0.0,0.0,0.0,0.0,0.0,0
2024-04-24,02001B,5000,39700,7.94,7.94,7.94,7.94,0.01,1
2024-04-25,02001B,0,0,0.0,0.0,0.0,0.0,0.0,0
2024-04-26,02001B,24000,189360,7.89,7.89,7.89,7.89,-0.04,3
2024-04-29,02001B,22000,174020,7.91,7.91,7.91,7.91,0.02,2
2024-04-30,02001B,0,0,0.0,0.0,0.0,0.0,0.0,0
2024-05-02,02001B,15000,118800,7.92,7.92,7.92,7.92,-0.01,2
2024-05-03,02001B,122000,971120,7.96,7.96,7.96,7.96,0.04,2
2024-05-06,02001B,15000,119680,7.96,8.0,7.96,8.0,0.04,2
2024-05-07,02001B,8000,64160,8.02,8.02,8.02,8.02,0.02,1
2024-05-08,02001B,0,0,0.0,0.0,0.0,0.0,0.0,0
2024-05-09,02001B,32000,256960,8.03,8.03,8.03,8.03,0.0,2
2024-05-10,02001B,32000,256960,8.03,8.03,8.03,8.03,0.0,2
2024-05-13,02001B,33000,264980,8.03,8.03,8.02,8.02,-0.01,3
2024-05-14,02001B,33000,264670,8.02,8.03,8.02,8.03,0.01,3
2024-05-15,02001B,33000,265010,8.03,8.05,8.03,8.05,0.02,3
2024-05-16,02001B,17000,136930,8.05,8.13,8.05,8.13,0.08,2
2024-05-17,02001B,0,0,0.0,0.0,0.0,0.0,0.0,0
2024-05-20,02001B,0,0,0.0,0.0,0.0,0.0,0.0,0
2024-05-21,02001B,9000,72450,8.05,8.05,8.05,8.05,-0.02,1
2024-05-22,02001B,0,0,0.0,0.0,0.0,0.0,0.0,0
2024-05-23,02001B,0,0,0.0,0.0,0.0,0.0,0.0,0
2024-05-24,02001B,0,0,0.0,0.0,0.0,0.0,0.0,0
2024-05-27,02001B,0,0,0.0,0.0,0.0,0.0,0.0,0
2024-05-28,02001B,0,0,0.0,0.0,0.0,0.0,0.0,0
2024-05-29,02001B,2000,16000,8.0,8.0,8.0,8.0,-0.04,1
2024-05-30,02001B,0,0,0.0,0.0,0.0,0.0,0.0,0
2024-05-31,02001B,0,0,0.0,0.0,0.0,0.0,0.0,0
2024-06-03,02001B,0,0,0.0,0.0,0.0,0.0,0.0,0
2024-06-04,02001B,0,0,0.0,0.0,0.0,0.0,0.0,0
2024-06-05,02001B,8000,65040,8.13,8.13,8.13,8.13,0.05,1
2024-06-06,02001B,0,0,0.0,0.0,0.0,0.0,0.0,0
2024-06-07,02001B,16000,130560,8.16,8.16,8.16,8.16,0.0,4
2024-06-11,02001B,35000,285330,8.16,8.16,8.07,8.07,-0.09,4
2024-06-12,02001B,32000,258240,8.07,8.07,8.07,8.07,0.0,2
2024-06-13,02001B,32000,260480,8.14,8.14,8.14,8.14,0.07,2
2024-06-14,02001B,0,0,0.0,0.0,0.0,0.0,0.0,0
2024-06-17,02001B,0,0,0.0,0.0,0.0,0.0,0.0,0
2024-06-18,02001B,1000,8180,8.18,8.18,8.18,8.18,-0.03,1
2024-06-19,02001B,0,0,0.0,0.0,0.0,0.0,0.0,0
2024-06-20,02001B,3000,24600,8.2,8.2,8.2,8.2,0.0,2
2024-06-21,02001B,1000,8190,8.19,8.19,8.19,8.19,-0.01,1
2024-06-24,02001B,2000,16400,8.2,8.2,8.2,8.2,0.01,2
2024-06-25,02001B,7000,57450,8.2,8.21,8.2,8.21,0.01,3
2024-06-26,02001B,8000,65600,8.2,8.2,8.2,8.2,-0.01,2
2024-06-27,02001B,6000,48870,8.14,8.15,8.14,8.15,-0.05,4
2024-06-28,02001B,0,0,0.0,0.0,0.0,0.0,0.0,0
2024-07-01,02001B,11000,89440,8.16,8.16,8.11,8.12,-0.04,5
2024-07-02,02001B,27000,218580,8.12,8.12,8.09,8.09,-0.03,4
2024-07-03,02001B,7000,56650,8.09,8.1,8.09,8.1,0.01,2
2024-07-04,02001B,5000,40500,8.1,8.1,8.1,8.1,0.0,1
2024-07-05,02001B,5000,40500,8.1,8.1,8.1,8.1,0.0,1
2024-07-08,02001B,25000,204100,8.1,8.18,8.1,8.18,0.08,2
2024-07-09,02001B,5000,40950,8.19,8.19,8.19,8.19,0.01,1
2024-07-10,02001B,0,0,0.0,0.0,0.0,0.0,0.0,0
2024-07-11,02001B,0,0,0.0,0.0,0.0,0.0,0.0,0
2024-07-12,02001B,0,0,0.0,0.0,0.0,0.0,0.0,0
2024-07-15,02001B,0,0,0.0,0.0,0.0,0.0,0.0,0
2024-07-16,02001B,0,0,0.0,0.0,0.0,0.0,0.0,0
2024-07-17,02001B,0,0,0.0,0.0,0.0,0.0,0.0,0
2024-07-18,02001B,0,0,0.0,0.0,0.0,0.0,0.0,0
2024-07-19,02001B,0,0,0.0,0.0,0.0,0.0,0.0,0
2024-07-22,02001B,0,0,0.0,0.0,0.0,0.0,0.0,0
2024-07-23,02001B,0,0,0.0,0.0,0.0,0.0,0.0,0
2024-07-26,02001B,3000,24710,8.24,8.24,8.23,8.23,-0.01,2
2024-07-29,02001B,0,0,0.0,0.0,0.0,0.0,0.0,0
2024-07-30,02001B,0,0,0.0,0.0,0.0,0.0,0.0,0
2024-07-31,02001B,1000,8300,8.3,8.3,8.3,8.3,0.02,1
2024-08-01,02001B,0,0,0.0,0.0,0.0,0.0,0.0,0
2024-08-02,02001B,0,0,0.0,0.0,0.0,0.0,0.0,0
2024-08-05,02001B,0,0,0.0,0.0,0.0,0.0,0.0,0
2024-08-06,02001B,10000,85100,8.51,8.51,8.51,8.51,-0.04,1
2024-08-07,02001B,0,0,0.0,0.0,0.0,0.0,0.0,0
2024-08-08,02001B,0,0,0.0,0.0,0.0,0.0,0.0,0
2024-08-09,02001B,2000,16840,8.42,8.42,8.42,8.42,-0.03,1
2024-08-12,02001B,2000,16880,8.44,8.44,8.44,8.44,0.02,1
2024-08-13,02001B,8000,67650,8.45,8.46,8.45,8.46,0.02,4
2024-08-14,02001B,6000,50980,8.49,8.5,8.49,8.5,0.04,6
2024-08-15,02001B,6000,51000,8.5,8.5,8.5,8.5,0.0,3
2024-08-16,02001B,4000,33840,8.46,8.46,8.46,8.46,-0.04,3
2024-08-19,02001B,4000,33870,8.46,8.47,8.46,8.47,0.01,4
2024-08-20,02001B,3000,25430,8.48,8.48,8.47,8.47,0.0,3
2024-08-21,02001B,7000,59640,8.52,8.52,8.52,8.52,0.05,7
2024-08-22,02001B,4000,34080,8.52,8.52,8.52,8.52,0.0,4
2024-08-23,02001B,4000,34000,8.5,8.5,8.5,8.5,-0.02,3
2024-08-26,02001B,4000,34160,8.54,8.54,8.54,8.54,0.04,4
2024-08-27,02001B,0,0,0.0,0.0,0.0,0.0,0.0,0
2024-08-28,02001B,0,0,0.0,0.0,0.0,0.0,0.0,0
2024-08-29,02001B,0,0,0.0,0.0,0.0,0.0,0.0,0
2024-08-30,02001B,3000,25550,8.54,8.54,8.5,8.5,-0.02,3
2024-09-02,02001B,0,0,0.0,0.0,0.0,0.0,0.0,0
2024-09-03,02001B,7000,59150,8.45,8.45,8.45,8.45,-0.03,2
2024-09-04,02001B,2000,17080,8.54,8.54,8.54,8.54,0.09,2
2024-09-05,02001B,1000,8580,8.58,8.58,8.58,8.58,0.04,1
2024-09-06,02001B,7000,60130,8.59,8.59,8.59,8.59,0.01,3
2024-09-09,02001B,6000,51540,8.59,8.59,8.59,8.59,0.0,3
2024-09-10,02001B,8000,68860,8.59,8.61,8.59,8.61,0.02,4
2024-09-11,02001B,3000,25830,8.61,8.61,8.61,8.61,0.0,1
2024-09-12,02001B,1000,8640,8.64,8.64,8.64,8.64,0.03,1
2024-09-13,02001B,0,0,0.0,0.0,0.0,0.0,0.0,0
2024-09-16,02001B,3000,25950,8.65,8.65,8.65,8.65,0.0,1
2024-09-18,02001B,8000,69260,8.65,8.66,8.65,8.66,0.01,4
2024-09-19,02001B,6000,51760,8.64,8.64,8.62,8.63,-0.03,4
2024-09-20,02001B,0,0,0.0,0.0,0.0,0.0,0.0,0
2024-09-23,02001B,2000,17190,8.6,8.6,8.59,8.59,-0.04,2
2024-09-24,02001B,30000,257700,8.59,8.59,8.59,8.59,0.0,1
2024-09-25,02001B,0,0,0.0,0.0,0.0,0.0,0.0,0
2024-09-26,02001B,2000,17160,8.58,8.58,8.58,8.58,-0.02,1
2024-09-27,02001B,2000,17140,8.57,8.57,8.57,8.57,-0.01,1
2024-09-30,02001B,25000,214750,8.59,8.59,8.59,8.59,0.02,1
2024-10-01,02001B,0,0,0.0,0.0,0.0,0.0,0.0,0
2024-10-04,02001B,32000,273600,8.55,8.55,8.55,8.55,-0.04,2
2024-10-07,02001B,5000,42300,8.46,8.46,8.46,8.46,-0.09,3
2024-10-08,02001B,0,0,0.0,0.0,0.0,0.0,0.0,0
2024-10-09,02001B,0,0,0.0,0.0,0.0,0.0,0.0,0
2024-10-11,02001B,2000,16840,8.42,8.42,8.42,8.42,-0.03,1
2024-10-14,02001B,2000,16780,8.39,8.39,8.39,8.39,-0.03,1
2024-10-15,02001B,1000,8420,8.42,8.42,8.42,8.42,0.03,1
2024-10-16,02001B,6000,50640,8.44,8.44,8.44,8.44,0.02,3
2024-10-17,02001B,3000,25320,8.44,8.44,8.44,8.44,0.0,1
2024-10-18,02001B,6000,50460,8.41,8.41,8.41,8.41,-0.03,3
2024-10-21,02001B,5000,42050,8.41,8.41,8.41,8.41,0.0,2
2024-10-22,02001B,15000,125180,8.35,8.35,8.34,8.34,-0.07,4
2024-10-23,02001B,5000,41700,8.34,8.34,8.34,8.34,0.0,1
2024-10-24,02001B,8000,66640,8.33,8.33,8.33,8.33,-0.01,3
2024-10-25,02001B,10000,83330,8.33,8.34,8.33,8.34,0.01,3
2024-10-28,02001B,5000,41500,8.3,8.3,8.3,8.3,-0.04,1
2024-10-29,02001B,5000,41500,8.3,8.3,8.3,8.3,0.0,2
2024-10-30,02001B,3000,24930,8.31,8.31,8.31,8.31,0.01,2
2024-11-01,02001B,1000,8280,8.28,8.28,8.28,8.28,-0.03,1
2024-11-04,02001B,5000,41300,8.26,8.26,8.26,8.26,-0.02,2
2024-11-05,02001B,2000,16580,8.29,8.29,8.29,8.29,0.03,1
2024-11-06,02001B,5000,41150,8.26,8.26,8.21,8.21,-0.08,2
2024-11-07,02001B,3000,24600,8.2,8.2,8.2,8.2,-0.01,2
2024-11-08,02001B,6000,49560,8.26,8.26,8.26,8.26,0.06,4
2024-11-11,02001B,2000,16530,8.27,8.27,8.26,8.26,0.0,2
2024-11-12,02001B,4000,33120,8.28,8.28,8.28,8.28,0.02,1
2024-11-13,02001B,4000,32840,8.21,8.21,8.21,8.21,-0.07,1
2024-11-14,02001B,8000,65480,8.19,8.19,8.18,8.18,-0.03,2
2024-11-15,02001B,8000,65400,8.18,8.18,8.17,8.17,-0.01,2
2024-11-18,02001B,8000,65570,8.19,8.2,8.19,8.2,0.03,3
2024-11-19,02001B,0,0,0.0,0.0,0.0,0.0,0.0,0
2024-11-20,02001B,6000,49380,8.23,8.23,8.23,8.23,0.01,2
2024-11-21,02001B,2000,16460,8.23,8.23,8.23,8.23,0.0,1
2024-11-22,02001B,5000,41120,8.23,8.23,8.22,8.22,-0.01,2
2024-11-25,02001B,2000,16440,8.22,8.22,8.22,8.22,0.0,1
2024-11-26,02001B,0,0,0.0,0.0,0.0,0.0,0.0,0
2024-11-27,02001B,4000,33170,8.3,8.3,8.29,8.29,-0.02,2
2024-11-28,02001B,0,0,0.0,0.0,0.0,0.0,0.0,0
2024-11-29,02001B,0,0,0.0,0.0,0.0,0.0,0.0,0
2024-12-02,02001B,6000,50120,8.36,8.36,8.35,8.35,0.03,2
2024-12-03,02001B,3000,25080,8.36,8.36,8.36,8.36,0.01,1
2024-12-04,02001B,4000,33360,8.34,8.34,8.34,8.34,-0.02,2
2024-12-05,02001B,3000,25080,8.36,8.36,8.36,8.36,0.02,1
2024-12-06,02001B,0,0,0.0,0.0,0.0,0.0,0.0,0
2024-12-09,02001B,1000,8390,8.39,8.39,8.39,8.39,0.03,1
2024-12-10,02001B,3000,25110,8.37,8.37,8.37,8.37,-0.02,3
2024-12-11,02001B,3000,25050,8.35,8.35,8.35,8.35,-0.02,1
2024-12-12,02001B,5000,41650,8.33,8.33,8.33,8.33,-0.02,3
2024-12-13,02001B,5000,41500,8.3,8.3,8.3,8.3,-0.03,3
2024-12-16,02001B,5000,41300,8.26,8.26,8.26,8.26,-0.04,1
2024-12-17,02001B,17000,140270,8.26,8.26,8.25,8.25,-0.01,3
2024-12-18,02001B,2000,16500,8.25,8.25,8.25,8.25,0.0,1
2024-12-19,02001B,11000,90010,8.19,8.19,8.18,8.18,-0.07,2
2024-12-20,02001B,0,0,0.0,0.0,0.0,0.0,0.0,0
2024-12-23,02001B,6000,49020,8.17,8.17,8.17,8.17,0.01,1
2024-12-24,02001B,3000,24450,8.15,8.15,8.15,8.15,-0.02,1
2024-12-25,02001B,6000,48900,8.15,8.15,8.15,8.15,0.0,2
2024-12-26,02001B,0,0,0.0,0.0,0.0,0.0,0.0,0
2024-12-27,02001B,0,0,0.0,0.0,0.0,0.0,0.0,0
2024-12-30,02001B,0,0,0.0,0.0,0.0,0.0,0.0,0
2024-12-31,02001B,0,0,0.0,0.0,0.0,0.0,0.0,0
2025-01-02,02001B,0,0,0.0,0.0,0.0,0.0,0.0,0
2025-01-03,02001B,0,0,0.0,0.0,0.0,0.0,0.0,0
2025-01-06,02001B,10000,81600,8.16,8.16,8.16,8.16,-0.01,2
2025-01-07,02001B,10000,81500,8.15,8.15,8.15,8.15,-0.01,1
2025-01-08,02001B,11000,89320,8.12,8.12,8.12,8.12,-0.03,3
2025-01-09,02001B,10000,81200,8.12,8.12,8.12,8.12,0.0,2
2025-01-10,02001B,10000,81200,8.12,8.12,8.12,8.12,0.0,2
2025-01-13,02001B,10000,80700,8.07,8.07,8.07,8.07,-0.05,2
2025-01-14,02001B,10000,80600,8.06,8.06,8.06,8.06,-0.01,2
2025-01-15,02001B,5000,40300,8.06,8.06,8.06,8.06,0.0,1
2025-01-16,02001B,5000,40650,8.13,8.13,8.13,8.13,0.07,1
2025-01-17,02001B,5000,40800,8.16,8.16,8.16,8.16,0.03,1
2025-01-20,02001B,3000,24480,8.16,8.16,8.16,8.16,0.0,2
2025-01-21,02001B,3000,24480,8.16,8.16,8.16,8.16,0.0,1
2025-01-22,02001B,0,0,0.0,0.0,0.0,0.0,0.0,0
2025-02-03,02001B,4000,32840,8.21,8.21,8.21,8.21,0.02,3
2025-02-04,02001B,4000,32840,8.21,8.21,8.21,8.21,0.0,1
2025-02-05,02001B,4000,32920,8.23,8.23,8.23,8.23,0.02,1
2025-02-06,02001B,4000,33120,8.28,8.28,8.28,8.28,0.05,2
2025-02-07,02001B,0,0,0.0,0.0,0.0,0.0,0.0,0
2025-02-10,02001B,3000,24750,8.25,8.25,8.25,8.25,-0.03,3
2025-02-11,02001B,0,0,0.0,0.0,0.0,0.0,0.0,0
2025-02-12,02001B,3000,24690,8.23,8.23,8.23,8.23,-0.02,1
2025-02-13,02001B,3000,24510,8.17,8.17,8.17,8.17,-0.06,1
2025-02-14,02001B,6000,49340,8.22,8.23,8.22,8.22,0.05,4
2025-02-17,02001B,5000,41250,8.25,8.25,8.25,8.25,0.03,3
2025-02-18,02001B,4000,33000,8.25,8.25,8.25,8.25,0.0,1
2025-02-19,02001B,5000,41100,8.22,8.22,8.22,8.22,-0.03,2
2025-02-20,02001B,5000,41150,8.23,8.23,8.23,8.23,0.01,1
2025-02-21,02001B,10000,82450,8.24,8.25,8.24,8.25,0.02,3
2025-02-24,02001B,21000,174200,8.29,8.3,8.29,8.3,0.05,5
2025-02-25,02001B,21000,174510,8.31,8.31,8.31,8.31,0.01,2
2025-02-26,02001B,0,0,0.0,0.0,0.0,0.0,0.0,0
2025-02-27,02001B,0,0,0.0,0.0,0.0,0.0,0.0,0
2025-03-03,02001B,0,0,0.0,0.0,0.0,0.0,0.0,0
2025-03-04,02001B,5000,42330,8.46,8.47,8.46,8.47,0.04,4
2025-03-05,02001B,8000,67470,8.44,8.44,8.43,8.43,-0.04,4
2025-03-06,02001B,6000,50380,8.4,8.4,8.39,8.39,-0.04,3
2025-03-07,02001B,49000,412540,8.41,8.42,8.41,8.42,0.03,4
2025-03-10,02001B,49000,412090,8.41,8.41,8.41,8.41,-0.01,5
2025-03-11,02001B,49000,414540,8.46,8.46,8.46,8.46,0.05,5
2025-03-12,02001B,49000,413110,8.44,8.44,8.43,8.43,-0.03,4
2025-03-13,02001B,20000,168400,8.42,8.42,8.42,8.42,-0.01,3
2025-03-14,02001B,20000,168810,8.44,8.45,8.44,8.45,0.03,3
2025-03-17,02001B,1000,8410,8.41,8.41,8.41,8.41,-0.04,1
2025-03-18,02001B,9000,75740,8.41,8.42,8.41,8.42,0.01,2
2025-03-19,02001B,4000,33680,8.42,8.42,8.42,8.42,0.0,1
2025-03-20,02001B,4000,33800,8.45,8.45,8.45,8.45,0.03,1
2025-03-21,02001B,5000,42300,8.46,8.46,8.46,8.46,0.01,1
2025-03-24,02001B,0,0,0.0,0.0,0.0,0.0,0.0,0
2025-03-25,02001B,5000,42100,8.42,8.42,8.42,8.42,-0.04,1
2025-03-26,02001B,5000,42100,8.42,8.42,8.42,8.42,0.0,1
2025-03-27,02001B,11000,92510,8.41,8.41,8.41,8.41,-0.01,3
2025-03-28,02001B,11000,92400,8.4,8.4,8.4,8.4,-0.01,3
2025-03-31,02001B,25000,211600,8.46,8.47,8.46,8.46,0.06,6
2025-04-01,02001B,9000,76410,8.49,8.49,8.49,8.49,0.03,2
2025-04-02,02001B,8000,68080,8.51,8.51,8.51,8.51,0.02,3
2025-04-07,02001B,8000,68960,8.62,8.62,8.62,8.62,0.11,3
2025-04-08,02001B,5000,42600,8.52,8.52,8.52,8.52,-0.1,2
2025-04-09,02001B,4000,34000,8.5,8.5,8.5,8.5,-0.02,2
2025-04-10,02001B,4000,33680,8.42,8.42,8.42,8.42,-0.08,2
2025-04-11,02001B,5000,41900,8.38,8.38,8.38,8.38,-0.04,2
2025-04-14,02001B,5000,41610,8.32,8.33,8.32,8.33,-0.05,3
2025-04-15,02001B,4000,33520,8.38,8.38,8.38,8.38,0.05,1
2025-04-16,02001B,4000,33600,8.4,8.4,8.4,8.4,0.02,1
2025-04-17,02001B,4000,33760,8.44,8.44,8.44,8.44,0.04,2
2025-04-18,02001B,4000,33720,8.43,8.43,8.43,8.43,-0.01,2
2025-04-21,02001B,4000,33720,8.43,8.43,8.43,8.43,0.0,1
2025-04-22,02001B,0,0,0.0,0.0,0.0,0.0,0.0,0
2025-04-23,02001B,0,0,0.0,0.0,0.0,0.0,0.0,0
2025-04-24,02001B,4000,33560,8.39,8.39,8.39,8.39,0.0,1
2025-04-25,02001B,6000,50600,8.43,8.44,8.43,8.44,0.05,2
2025-04-28,02001B,5000,42380,8.47,8.48,8.47,8.48,0.04,4
2025-04-29,02001B,7000,59520,8.5,8.51,8.5,8.51,0.03,3
2025-04-30,02001B,0,0,0.0,0.0,0.0,0.0,0.0,0
2025-05-02,02001B,7000,59570,8.51,8.51,8.51,8.51,-0.01,1
2025-05-05,02001B,7000,59150,8.51,8.51,8.44,8.44,-0.07,3
2025-05-06,02001B,0,0,0.0,0.0,0.0,0.0,0.0,0
2025-05-07,02001B,1000,8450,8.45,8.45,8.45,8.45,0.01,1
2025-05-08,02001B,1000,8470,8.47,8.47,8.47,8.47,0.02,1
2025-05-09,02001B,1000,8470,8.47,8.47,8.47,8.47,0.0,1
2025-05-12,02001B,1000,8440,8.44,8.44,8.44,8.44,-0.03,1
2025-05-13,02001B,1000,8440,8.44,8.44,8.44,8.44,0.0,1
2025-05-14,02001B,0,0,0.0,0.0,0.0,0.0,0.0,0
2025-05-15,02001B,2000,16660,8.33,8.33,8.33,8.33,-0.03,2
2025-05-16,02001B,2000,16740,8.37,8.37,8.37,8.37,0.04,1
2025-05-19,02001B,0,0,0.0,0.0,0.0,0.0,0.0,0
2025-05-20,02001B,3000,25120,8.37,8.38,8.37,8.38,0.01,2
2025-05-21,02001B,7000,58590,8.37,8.37,8.37,8.37,-0.01,5
2025-05-22,02001B,9000,74790,8.31,8.31,8.31,8.31,-0.06,4
2025-05-23,02001B,8000,66640,8.33,8.33,8.33,8.33,0.02,4
2025-05-26,02001B,9000,75150,8.35,8.35,8.35,8.35,0.02,2
2025-05-27,02001B,9000,75150,8.35,8.35,8.35,8.35,0.0,1
2025-05-28,02001B,0,0,0.0,0.0,0.0,0.0,0.0,0
2025-05-29,02001B,10000,83800,8.38,8.38,8.38,8.38,-0.01,3
2025-06-02,02001B,6000,50580,8.43,8.43,8.43,8.43,0.05,1
2025-06-03,02001B,6000,50460,8.41,8.41,8.41,8.41,-0.02,1
2025-06-04,02001B,15000,125910,8.39,8.4,8.39,8.4,-0.01,3
2025-06-05,02001B,0,0,0.0,0.0,0.0,0.0,0.0,0
2025-06-06,02001B,6000,50640,8.44,8.44,8.44,8.44,-0.01,2
2025-06-09,02001B,7000,58590,8.37,8.37,8.37,8.37,-0.07,3
2025-06-10,02001B,7000,58590,8.37,8.37,8.37,8.37,0.0,5
2025-06-11,02001B,7000,58660,8.38,8.38,8.38,8.38,0.01,4
2025-06-12,02001B,1000,8420,8.42,8.42,8.42,8.42,0.04,1
2025-06-13,02001B,7000,59220,8.46,8.46,8.46,8.46,0.04,5
2025-06-16,02001B,5000,42150,8.43,8.43,8.43,8.43,-0.03,3
2025-06-17,02001B,5000,42050,8.41,8.41,8.41,8.41,-0.02,2
2025-06-18,02001B,5000,42200,8.44,8.44,8.44,8.44,0.03,2
2025-06-19,02001B,0,0,0.0,0.0,0.0,0.0,0.0,0
2025-06-20,02001B,5000,42200,8.44,8.44,8.44,8.44,0.0,1
2025-06-23,02001B,3000,25350,8.45,8.45,8.45,8.45,0.01,1
2025-06-24,02001B,0,0,0.0,0.0,0.0,0.0,0.0,0
2025-06-25,02001B,5000,42550,8.51,8.51,8.51,8.51,0.03,2
2025-06-26,02001B,5000,42600,8.52,8.52,8.52,8.52,0.01,1
2025-06-27,02001B,5000,42700,8.54,8.54,8.54,8.54,0.02,1
2025-06-30,02001B,5000,42600,8.52,8.52,8.52,8.52,-0.02,1
2025-07-01,02001B,0,0,0.0,0.0,0.0,0.0,0.0,0
2025-07-02,02001B,0,0,0.0,0.0,0.0,0.0,0.0,0
2025-07-03,02001B,5000,42650,8.53,8.53,8.53,8.53,-0.02,1
2025-07-04,02001B,0,0,0.0,0.0,0.0,0.0,0.0,0
2025-07-07,02001B,5000,42500,8.5,8.5,8.5,8.5,0.0,1
2025-07-08,02001B,5000,42350,8.47,8.47,8.47,8.47,-0.03,1
2025-07-09,02001B,5000,42300,8.46,8.46,8.46,8.46,-0.01,1
2025-07-10,02001B,5000,42450,8.49,8.49,8.49,8.49,0.03,1
2025-07-11,02001B,0,0,0.0,0.0,0.0,0.0,0.0,0
2025-07-14,02001B,5000,42300,8.46,8.46,8.46,8.46,-0.03,1
2025-07-15,02001B,5000,42300,8.46,8.46,8.46,8.46,0.0,1
2025-07-16,02001B,5000,42100,8.42,8.42,8.42,8.42,-0.04,1
2025-07-17,02001B,5000,42200,8.44,8.44,8.44,8.44,0.02,1
2025-07-18,02001B,5000,42200,8.44,8.44,8.44,8.44,0.0,1
2025-07-21,02001B,0,0,0.0,0.0,0.0,0.0,0.0,0
2025-07-22,02001B,5000,42400,8.48,8.48,8.48,8.48,0.03,1
2025-07-23,02001B,5000,42550,8.51,8.51,8.51,8.51,0.03,1
2025-07-24,02001B,5000,42450,8.49,8.49,8.49,8.49,-0.02,1
2025-07-25,02001B,5000,42400,8.48,8.48,8.48,8.48,-0.01,1
2025-07-28,02001B,10000,84850,8.48,8.49,8.48,8.49,0.01,2
2025-07-29,02001B,10000,84800,8.48,8.48,8.48,8.48,-0.01,2
2025-07-30,02001B,10000,85200,8.52,8.52,8.52,8.52,0.04,1
2025-07-31,02001B,10000,84900,8.49,8.49,8.49,8.49,-0.03,1
2025-08-01,02001B,5000,42500,8.5,8.5,8.5,8.5,0.01,5
2025-08-04,02001B,10000,85900,8.59,8.59,8.59,8.59,0.09,4
2025-08-05,02001B,5000,43050,8.61,8.61,8.61,8.61,0.02,1
2025-08-06,02001B,5000,43000,8.6,8.6,8.6,8.6,-0.01,1
2025-08-07,02001B,5000,43000,8.6,8.6,8.6,8.6,0.0,1
2025-08-08,02001B,5000,43000,8.6,8.6,8.6,8.6,0.0,1
2025-08-11,02001B,0,0,0.0,0.0,0.0,0.0,0.0,0
2025-08-12,02001B,0,0,0.0,0.0,0.0,0.0,0.0,0
2025-08-13,02001B,10000,85400,8.51,8.57,8.51,8.57,0.0,5
2025-08-14,02001B,7000,60220,8.6,8.61,8.6,8.61,0.04,2
2025-08-15,02001B,5000,43050,8.61,8.61,8.61,8.61,0.0,1
2025-08-18,02001B,5000,43050,8.61,8.61,8.61,8.61,0.0,1
2025-08-19,02001B,5000,43050,8.61,8.61,8.61,8.61,0.0,1
2025-08-20,02001B,0,0,0.0,0.0,0.0,0.0,0.0,0
2025-08-21,02001B,6000,51430,8.57,8.58,8.57,8.58,0.01,2
2025-08-22,02001B,0,0,0.0,0.0,0.0,0.0,0.0,0
2025-08-25,02001B,0,0,0.0,0.0,0.0,0.0,0.0,0
2025-08-26,02001B,5000,42950,8.59,8.59,8.59,8.59,0.0,1
2025-08-27,02001B,5000,42950,8.59,8.59,8.59,8.59,0.0,1
2025-08-28,02001B,5000,42950,8.59,8.59,8.59,8.59,0.0,1
2025-08-29,02001B,5000,43200,8.64,8.64,8.64,8.64,0.05,1
2025-09-01,02001B,3000,25920,8.64,8.64,8.64,8.64,0.0,2
2025-09-02,02001B,3000,25920,8.64,8.64,8.64,8.64,0.0,1
2025-09-03,02001B,2000,17240,8.62,8.62,8.62,8.62,-0.02,1
2025-09-04,02001B,5000,43100,8.62,8.62,8.62,8.62,0.0,1
2025-09-05,02001B,5000,43100,8.62,8.62,8.62,8.62,0.0,2
2025-09-08,02001B,5000,43100,8.62,8.62,8.62,8.62,0.0,2
2025-09-09,02001B,5000,43700,8.74,8.74,8.74,8.74,0.12,1
2025-09-10,02001B,5000,43700,8.74,8.74,8.74,8.74,0.0,2
2025-09-11,02001B,5000,43700,8.74,8.74,8.74,8.74,0.0,2
2025-09-12,02001B,5000,43700,8.74,8.74,8.74,8.74,0.0,2
2025-09-15,02001B,8000,69370,8.63,8.74,8.63,8.74,0.0,5
2025-09-16,02001B,5000,43700,8.74,8.74,8.74,8.74,0.0,2
2025-09-17,02001B,6000,52460,8.74,8.76,8.74,8.76,0.02,2
2025-09-18,02001B,3000,26260,8.76,8.76,8.74,8.74,-0.02,2
2025-09-19,02001B,4000,34960,8.74,8.74,8.74,8.74,0.0,2
2025-09-22,02001B,4000,34840,8.71,8.71,8.71,8.71,-0.03,1
2025-09-23,02001B,4000,34800,8.7,8.7,8.7,8.7,-0.01,1
2025-09-24,02001B,4000,34840,8.71,8.71,8.71,8.71,0.01,2
2025-09-25,02001B,0,0,0.0,0.0,0.0,0.0,0.0,0
2025-09-26,02001B,3000,26010,8.67,8.67,8.67,8.67,-0.03,1
2025-09-30,02001B,0,0,0.0,0.0,0.0,0.0,0.0,0
2025-10-01,02001B,5000,43450,8.69,8.69,8.69,8.69,0.0,5
2025-10-02,02001B,5000,43450,8.69,8.69,8.69,8.69,0.0,2
2025-10-03,02001B,5000,43450,8.69,8.69,8.69,8.69,0.0,1
2025-10-07,02001B,5000,43450,8.69,8.69,8.69,8.69,0.0,1
2025-10-08,02001B,5000,43500,8.7,8.7,8.7,8.7,0.01,1
2025-10-09,02001B,7000,60900,8.7,8.7,8.7,8.7,0.0,3
2025-10-13,02001B,5000,43650,8.73,8.73,8.73,8.73,0.03,1
2025-10-14,02001B,5000,43700,8.74,8.74,8.74,8.74,0.01,1
2025-10-15,02001B,5000,43850,8.77,8.77,8.77,8.77,0.03,1
2025-10-16,02001B,5000,43850,8.77,8.77,8.77,8.77,0.0,1
2025-10-17,02001B,5000,43850,8.77,8.77,8.77,8.77,0.0,1
2025-10-20,02001B,5000,43850,8.77,8.77,8.77,8.77,0.0,1
2025-10-21,02001B,5000,43850,8.77,8.77,8.77,8.77,0.0,2
2025-10-22,02001B,5000,43850,8.77,8.77,8.77,8.77,0.0,1
2025-10-23,02001B,5000,43850,8.77,8.77,8.77,8.77,0.0,1
2025-10-27,02001B,0,0,0.0,0.0,0.0,0.0,0.0,0
2025-10-28,02001B,1000,8770,8.77,8.77,8.77,8.77,0.0,1
2025-10-29,02001B,4000,35200,8.8,8.8,8.8,8.8,0.03,1
2025-10-30,02001B,0,0,0.0,0.0,0.0,0.0,0.0,0
2025-10-31,02001B,0,0,0.0,0.0,0.0,0.0,0.0,0
2025-11-03,02001B,1000,8750,8.75,8.75,8.75,8.75,0.0,1
2025-11-04,02001B,3000,26240,8.75,8.75,8.74,8.74,-0.01,3
2025-11-05,02001B,7000,61370,8.77,8.77,8.76,8.76,0.02,7
2025-11-06,02001B,6000,52520,8.76,8.76,8.72,8.72,-0.04,4
2025-11-07,02001B,6000,52320,8.72,8.72,8.72,8.72,0.0,3
2025-11-10,02001B,6000,52320,8.72,8.72,8.72,8.72,0.0,5
2025-11-11,02001B,6000,52320,8.72,8.72,8.72,8.72,0.0,3
2025-11-12,02001B,6000,52320,8.72,8.72,8.72,8.72,0.0,4
2025-11-13,02001B,6000,52320,8.72,8.72,8.72,8.72,0.0,4
2025-11-14,02001B,6000,52320,8.72,8.72,8.72,8.72,0.0,3
2025-11-17,02001B,9000,78530,8.72,8.73,8.72,8.73,0.01,7
2025-11-18,02001B,6000,52430,8.73,8.74,8.73,8.74,0.01,3
2025-11-19,02001B,1000,8740,8.74,8.74,8.74,8.74,0.0,1
2025-11-20,02001B,4000,34960,8.74,8.74,8.74,8.74,0.0,4
2025-11-21,02001B,5000,43700,8.74,8.74,8.74,8.74,0.0,2
2025-11-24,02001B,5000,43700,8.74,8.74,8.74,8.74,0.0,2
2025-11-25,02001B,11000,96840,8.74,8.81,8.74,8.81,0.07,6
2025-11-26,02001B,12000,105790,8.81,8.82,8.81,8.82,0.01,5
2025-11-27,02001B,5000,44100,8.82,8.82,8.82,8.82,0.0,1
2025-11-28,02001B,5000,44150,8.83,8.83,8.83,8.83,0.01,1
2025-12-01,02001B,3000,26470,8.83,8.83,8.82,8.82,-0.01,3
2025-12-02,02001B,5000,44020,8.82,8.82,8.78,8.78,-0.04,4
2025-12-03,02001B,5000,43900,8.78,8.78,8.78,8.78,0.0,2
2025-12-04,02001B,2000,17570,8.78,8.79,8.78,8.79,0.01,2
2025-12-05,02001B,6000,52690,8.79,8.79,8.78,8.78,-0.01,4
2025-12-08,02001B,7000,61420,8.78,8.78,8.76,8.76,-0.02,4
2025-12-09,02001B,8000,69870,8.76,8.76,8.73,8.73,-0.03,4
2025-12-10,02001B,6000,52380,8.73,8.73,8.73,8.73,0.0,2
2025-12-11,02001B,7000,61110,8.73,8.73,8.73,8.73,0.0,6
2025-12-12,02001B,7000,61110,8.73,8.73,8.73,8.73,0.0,3
2025-12-15,02001B,7000,61110,8.73,8.73,8.73,8.73,0.0,5
2025-12-16,02001B,6000,52380,8.73,8.73,8.73,8.73,0.0,2
2025-12-17,02001B,7000,61250,8.75,8.75,8.75,8.75,0.02,4
2025-12-18,02001B,5000,43750,8.75,8.75,8.75,8.75,0.0,2
2025-12-19,02001B,6000,52520,8.75,8.77,8.75,8.77,0.02,4
2025-12-22,02001B,5000,43850,8.77,8.77,8.77,8.77,0.0,5
2025-12-23,02001B,4000,35060,8.77,8.77,8.75,8.75,-0.02,4
2025-12-24,02001B,5000,43710,8.74,8.75,8.74,8.75,0.0,3
