date,stock_id,Trading_Volume,Trading_money,open,max,min,close,spread,Trading_turnover
2016-09-29,3605,158367,3914875,24.6,24.9,24.55,24.9,0.2,120
2016-09-30,3605,184596,4510530,24.9,24.9,24.0,24.4,-0.5,139
2016-10-03,3605,313001,7565024,24.4,24.6,24.0,24.05,-0.35,204
2016-10-04,3605,116597,2835626,24.15,24.5,24.05,24.3,0.25,99
2016-10-05,3605,84040,2057433,24.3,24.6,24.3,24.6,0.3,69
2016-10-06,3605,941110,23847933,24.85,25.5,24.8,25.2,0.6,574
2016-10-07,3605,166507,4139949,25.2,25.2,24.75,24.75,-0.45,128
2016-10-11,3605,531408,12608267,24.85,24.85,23.0,23.65,-1.1,328
2016-10-12,3605,679707,16852431,23.7,25.3,23.7,24.9,1.25,450
2016-10-13,3605,482409,12139826,24.55,25.5,24.5,25.3,0.4,344
2016-10-14,3605,374128,9264960,25.2,25.2,24.45,24.55,-0.75,258
2016-10-17,3605,134008,3301992,24.95,24.95,24.5,24.55,0.0,104
2016-10-18,3605,280101,6800248,24.7,24.7,24.0,24.15,-0.4,174
2016-10-19,3605,271501,6628123,24.45,24.6,24.25,24.6,0.45,194
2016-10-20,3605,162493,4002327,24.75,24.75,24.4,24.7,0.1,120
2016-10-21,3605,1718140,43816025,25.0,25.9,25.0,25.8,1.1,859
2016-10-24,3605,446001,11380425,25.9,25.9,25.25,25.35,-0.45,290
2016-10-25,3605,216150,5470329,25.4,25.45,25.15,25.3,-0.05,141
2016-10-26,3605,233298,5855750,25.4,25.4,24.95,25.05,-0.25,136
2016-10-27,3605,167895,4184354,25.0,25.15,24.8,24.8,-0.25,127
2016-10-28,3605,272227,6706209,24.8,24.9,24.45,24.5,-0.3,170
2016-10-31,3605,334004,8034746,24.45,24.65,23.8,24.1,-0.4,235
2016-11-01,3605,177005,4286370,24.1,24.5,24.0,24.1,0.0,136
2016-11-02,3605,573078,13507716,23.85,24.15,23.25,23.3,-0.8,362
2016-11-03,3605,224298,5261992,23.45,23.75,23.25,23.4,0.1,151
2016-11-04,3605,147001,3440473,23.3,23.55,23.3,23.35,-0.05,104
2016-11-07,3605,142003,3334319,23.55,23.6,23.35,23.5,0.15,65
2016-11-08,3605,149597,3514669,23.65,23.65,23.4,23.5,0.0,76
2016-11-09,3605,1042301,22932001,23.5,23.5,21.7,21.9,-1.6,542
2016-11-10,3605,339598,7672114,22.4,22.75,22.4,22.75,0.85,211
2016-11-11,3605,388621,8497273,22.55,22.55,21.5,21.9,-0.85,252
2016-11-14,3605,530100,11304386,21.9,22.35,21.0,21.3,-0.6,339
2016-11-15,3605,181069,3947255,21.45,22.25,21.45,21.7,0.4,133
2016-11-16,3605,213001,4710872,21.95,22.35,21.9,22.05,0.35,153
2016-11-17,3605,116001,2552572,22.35,22.35,21.9,22.0,-0.05,88
2016-11-18,3605,267001,5916322,21.7,22.5,21.7,22.45,0.45,199
2016-11-21,3605,208002,4677794,22.6,22.85,22.35,22.35,-0.1,111
2016-11-22,3605,294221,6696694,22.75,22.9,22.4,22.75,0.4,198
2016-11-23,3605,568003,13368269,22.95,23.85,22.95,23.55,0.8,388
2016-11-24,3605,155100,3648828,23.75,23.8,23.4,23.4,-0.15,116
2016-11-25,3605,106000,2475150,23.4,23.6,23.2,23.2,-0.2,78
2016-11-28,3605,82001,1908373,23.05,23.55,23.05,23.2,0.0,65
2016-11-29,3605,78298,1816348,23.15,23.4,23.1,23.2,0.0,73
2016-11-30,3605,144389,3392552,23.3,23.75,23.3,23.5,0.3,125
2016-12-01,3605,101194,2377257,23.5,23.6,23.35,23.5,0.0,76
2016-12-02,3605,163597,3793110,23.8,23.8,23.05,23.1,-0.4,141
2016-12-05,3605,119400,2743358,23.3,23.4,22.85,22.9,-0.2,104
2016-12-06,3605,221409,5151608,22.9,23.45,22.9,23.35,0.45,199
2016-12-07,3605,134779,3150106,23.55,23.6,23.25,23.3,-0.05,116
2016-12-08,3605,237896,5561186,23.5,23.6,23.25,23.35,0.05,164
2016-12-09,3605,208004,4877694,23.5,23.55,23.3,23.55,0.2,177
2016-12-12,3605,145004,3406792,23.6,23.7,23.25,23.45,-0.1,121
2016-12-13,3605,829974,20116718,23.6,24.5,23.6,24.35,0.9,589
2016-12-14,3605,2528718,64227469,25.0,25.8,24.8,25.45,1.1,1332
2016-12-15,3605,1249288,31872842,25.7,25.7,25.2,25.65,0.2,728
2016-12-16,3605,1243002,31785550,25.8,26.0,25.05,25.5,-0.15,648
2016-12-19,3605,655110,16396088,25.5,25.5,24.6,24.75,-0.75,349
2016-12-20,3605,413100,10381069,25.1,25.4,24.85,25.35,0.6,269
2016-12-21,3605,226000,5675500,25.2,25.35,25.0,25.1,-0.25,154
2016-12-22,3605,388250,9688123,25.35,25.35,24.8,24.9,-0.2,274
2016-12-23,3605,197007,4888420,24.9,25.1,24.7,24.7,-0.2,129
2016-12-26,3605,183007,4513968,24.75,24.85,24.5,24.8,0.1,131
2016-12-27,3605,143502,3547051,25.1,25.1,24.5,24.5,-0.3,101
2016-12-28,3605,358006,8785656,24.5,24.85,24.3,24.7,0.2,255
2016-12-29,3605,115856,2856719,24.65,24.8,24.5,24.65,-0.05,88
2016-12-30,3605,146004,3617598,24.85,24.85,24.65,24.65,0.0,105
2017-01-03,3605,815261,20665348,25.05,25.45,25.05,25.45,0.8,440
2017-01-04,3605,803597,20542843,25.6,25.7,25.4,25.4,-0.05,367
2017-01-05,3605,243597,6165034,25.5,25.5,25.15,25.25,-0.15,168
2017-01-06,3605,289002,7278850,25.2,25.3,25.1,25.15,-0.1,163
2017-01-09,3605,348012,8675345,25.4,25.4,24.8,24.8,-0.35,216
2017-01-10,3605,252507,6210467,24.7,24.8,24.5,24.8,0.0,141
2017-01-11,3605,339214,8293087,24.9,25.0,24.25,24.25,-0.55,198
2017-01-12,3605,210799,5099676,24.25,24.4,24.05,24.15,-0.1,137
2017-01-13,3605,187002,4537948,24.1,24.4,24.1,24.25,0.1,104
2017-01-16,3605,172206,4117217,24.2,24.2,23.75,23.9,-0.35,110
2017-01-17,3605,98501,2361471,24.05,24.05,23.9,24.0,0.1,62
2017-01-18,3605,489917,11967644,24.0,24.9,23.95,24.85,0.85,263
2017-01-19,3605,273974,6777160,25.0,25.0,24.4,24.55,-0.3,166
2017-01-20,3605,231004,5680347,24.8,24.85,24.4,24.4,-0.15,127
2017-01-23,3605,342491,8493296,24.75,25.1,24.6,24.65,0.25,210
2017-01-24,3605,698003,17490725,25.0,25.25,24.8,24.9,0.25,344
2017-02-02,3605,261015,6562575,25.0,25.3,24.9,25.2,0.3,187
2017-02-03,3605,299525,7531976,25.35,25.35,25.0,25.2,0.0,211
2017-02-06,3605,585727,14927151,25.55,25.75,25.35,25.45,0.25,293
2017-02-07,3605,277779,7009869,25.5,25.5,25.1,25.1,-0.35,199
2017-02-08,3605,247276,6213000,25.15,25.3,25.0,25.2,0.1,165
2017-02-09,3605,290759,7324448,25.2,25.4,25.1,25.15,-0.05,174
2017-02-10,3605,537206,13518694,25.2,25.5,24.8,24.95,-0.2,308
2017-02-13,3605,295298,7293186,24.75,24.85,24.6,24.65,-0.3,196
2017-02-14,3605,432329,10741766,24.65,25.15,24.65,24.7,0.05,222
2017-02-15,3605,270636,6724397,24.85,24.95,24.75,24.85,0.15,164
2017-02-16,3605,669789,16927507,24.95,25.45,24.9,25.45,0.6,377
2017-02-17,3605,436303,11048610,25.45,25.5,25.15,25.4,-0.05,240
2017-02-18,3605,5535200,146405574,25.45,26.95,25.45,26.85,1.45,2470
2017-02-20,3605,8959583,249683943,26.55,28.7,26.15,28.0,1.15,3648
2017-02-21,3605,2508697,69766870,27.8,28.3,27.15,27.95,-0.05,1350
2017-02-22,3605,1972727,55517887,28.25,28.5,27.6,27.9,-0.05,1053
2017-02-23,3605,4653398,132125084,27.65,29.3,27.55,27.9,0.0,2182
2017-02-24,3605,1539794,42863985,27.7,28.35,27.5,27.65,-0.25,845
2017-03-01,3605,1324983,36009778,27.8,27.85,26.9,26.95,-0.7,679
2017-03-02,3605,896473,23869005,26.95,27.25,26.3,26.45,-0.5,522
2017-03-03,3605,759428,20341763,26.45,27.1,26.45,26.6,0.15,436
2017-03-06,3605,490368,12944091,26.6,26.6,26.25,26.25,-0.35,339
2017-03-07,3605,459152,12087687,26.25,26.45,26.2,26.3,0.05,288
2017-03-08,3605,681486,18045013,26.3,26.85,26.15,26.5,0.2,394
2017-03-09,3605,786304,21164188,26.8,27.25,26.45,26.9,0.4,542
2017-03-10,3605,630400,16761959,26.9,26.9,26.4,26.45,-0.45,385
2017-03-13,3605,822599,22292297,26.45,27.5,26.4,27.2,0.75,533
2017-03-14,3605,561536,15201122,27.3,27.4,26.85,27.0,-0.2,343
2017-03-15,3605,364045,9804315,27.1,27.2,26.8,26.95,-0.05,245
2017-03-16,3605,816298,22469846,27.2,27.85,27.15,27.3,0.35,528
2017-03-17,3605,526601,14308077,27.5,27.5,27.0,27.0,-0.3,342
2017-03-20,3605,425196,11598756,27.2,27.5,27.1,27.1,0.1,305
2017-03-21,3605,1097392,29285609,27.1,27.25,26.5,26.5,-0.6,573
2017-03-22,3605,545891,14638094,26.5,27.05,26.5,26.75,0.25,302
2017-03-23,3605,399091,10698049,26.9,27.05,26.65,26.65,-0.1,221
2017-03-24,3605,389117,10306937,26.65,26.65,26.4,26.4,-0.25,237
2017-03-27,3605,560128,14528578,26.4,26.4,25.7,25.8,-0.6,413
2017-03-28,3605,572060,14646322,25.8,26.1,25.3,25.6,-0.2,240
2017-03-29,3605,245605,6276235,25.95,25.95,25.35,25.65,0.05,173
2017-03-30,3605,215850,5514026,25.6,25.85,25.4,25.6,-0.05,180
2017-03-31,3605,372024,9678774,25.9,26.3,25.85,25.85,0.25,243
2017-04-05,3605,231997,6073080,26.1,26.3,26.05,26.15,0.3,203
2017-04-06,3605,167597,4390341,26.25,26.3,26.1,26.15,0.0,128
2017-04-07,3605,184298,4805480,26.15,26.3,25.9,26.1,-0.05,151
2017-04-10,3605,227159,5862828,26.1,26.1,25.65,25.65,-0.45,240
2017-04-11,3605,488694,12474483,25.65,25.9,25.3,25.35,-0.3,244
2017-04-12,3605,294523,7488370,25.35,25.6,25.3,25.45,0.1,155
2017-04-13,3605,133673,3400351,25.35,25.6,25.35,25.35,-0.1,123
2017-04-14,3605,420012,10628950,25.35,25.4,25.2,25.2,-0.15,161
2017-04-17,3605,422597,10456516,25.2,25.2,24.25,24.7,-0.5,347
2017-04-18,3605,184456,4621428,24.85,25.25,24.85,25.2,0.5,161
2017-04-19,3605,256050,6375104,25.2,25.2,24.75,24.75,-0.45,175
2017-04-20,3605,147300,3659581,24.7,25.2,24.7,24.8,0.05,178
2017-04-21,3605,138688,3450953,25.2,25.2,24.8,24.8,0.0,118
2017-04-24,3605,162015,3997363,24.8,24.85,24.5,24.8,0.0,122
2017-04-25,3605,181552,4503664,25.0,25.0,24.7,24.85,0.05,116
2017-04-26,3605,112508,2806700,24.75,25.1,24.75,25.1,0.25,89
2017-04-27,3605,93303,2336089,25.05,25.2,24.95,25.05,-0.05,76
2017-04-28,3605,139208,3497186,25.15,25.3,24.95,25.0,-0.05,98
2017-05-02,3605,156005,3883275,25.05,25.2,24.65,24.7,-0.3,102
2017-05-03,3605,165714,4094512,24.7,24.8,24.6,24.75,0.05,124
2017-05-04,3605,705215,18234718,25.0,26.35,24.9,26.15,1.4,464
2017-05-05,3605,302120,7861509,26.5,26.5,25.6,25.6,-0.55,170
2017-05-08,3605,134106,3433591,25.8,25.95,25.5,25.55,-0.05,83
2017-05-09,3605,140100,3542454,25.45,25.45,25.15,25.2,-0.35,88
2017-05-10,3605,216817,5479745,25.2,25.5,25.0,25.35,0.15,143
2017-05-11,3605,253713,6404903,25.35,25.4,25.15,25.4,0.05,102
2017-05-12,3605,493577,12425890,25.1,25.45,25.05,25.45,0.05,202
2017-05-15,3605,239000,6098600,25.6,25.8,25.3,25.45,0.0,119
2017-05-16,3605,387208,9819311,25.45,25.55,25.1,25.45,0.0,150
2017-05-17,3605,241002,6116751,25.35,25.6,25.25,25.45,0.0,100
2017-05-18,3605,170000,4300650,25.4,25.5,25.2,25.3,-0.15,73
2017-05-19,3605,266000,6678600,25.3,25.3,25.0,25.1,-0.2,109
2017-05-22,3605,258088,6468800,25.05,25.2,25.0,25.15,0.05,100
2017-05-23,3605,624107,16145987,25.15,26.4,25.15,25.95,0.8,333
2017-05-24,3605,467178,12243841,26.0,26.4,26.0,26.0,0.05,277
2017-05-25,3605,200025,5197100,26.05,26.1,25.8,26.0,0.0,127
2017-05-26,3605,235802,6178691,26.0,26.35,26.0,26.3,0.3,135
2017-05-31,3605,278006,7281953,26.5,26.5,25.9,26.05,-0.25,145
2017-06-01,3605,1447493,39279113,26.15,27.4,26.15,26.7,0.65,529
2017-06-02,3605,296358,7839568,26.75,26.75,26.3,26.45,-0.25,150
2017-06-03,3605,662626,18097625,26.7,26.7,26.35,26.5,0.05,70
2017-06-05,3605,2818898,79769547,27.3,29.15,27.05,28.0,1.5,1493
2017-06-06,3605,672169,18631006,28.0,28.15,27.5,27.85,-0.15,372
2017-06-07,3605,1047500,29331274,27.85,28.0,27.6,27.9,0.05,216
2017-06-08,3605,1263056,35631793,28.0,28.75,27.55,27.6,-0.3,652
2017-06-09,3605,552987,15114346,27.5,27.75,27.1,27.3,-0.3,246
2017-06-12,3605,335298,9060716,27.05,27.3,26.85,26.9,-0.4,173
2017-06-13,3605,252091,6819188,27.4,27.5,26.9,26.9,0.0,137
2017-06-14,3605,422000,11222050,26.9,27.05,26.4,26.4,-0.5,199
2017-06-15,3605,238896,6352323,26.45,26.75,26.4,26.75,0.35,86
2017-06-16,3605,407729,11046086,27.05,27.3,26.85,26.85,0.1,214
2017-06-19,3605,297102,8124683,27.05,27.65,27.05,27.3,0.45,168
2017-06-20,3605,1126000,31021050,27.4,27.8,27.3,27.5,0.2,259
2017-06-21,3605,1253000,35054447,27.55,28.35,27.25,27.9,0.4,593
2017-06-22,3605,1533582,43570370,28.25,28.9,27.8,28.8,0.9,734
2017-06-23,3605,1389891,39436241,28.85,28.95,28.0,28.1,-0.7,539
2017-06-26,3605,384409,10817392,28.25,28.45,28.0,28.1,0.0,219
2017-06-27,3605,513449,14132546,27.7,28.0,27.3,27.7,-0.4,316
2017-06-28,3605,1259001,35701474,27.7,28.9,27.3,28.65,0.95,667
2017-06-29,3605,5868168,175748345,28.9,30.75,28.7,29.3,0.65,3144
2017-06-30,3605,750467,21557193,29.1,29.1,28.5,28.85,-0.45,470
2017-07-03,3605,853259,24073157,28.9,28.9,27.85,28.25,-0.6,516
2017-07-04,3605,593001,16726628,28.3,28.45,28.0,28.2,-0.05,307
2017-07-05,3605,551220,15572070,28.15,28.6,28.0,28.2,0.0,283
2017-07-06,3605,284001,7993778,28.2,28.4,28.1,28.1,-0.1,164
2017-07-07,3605,1504620,43272711,28.15,29.25,28.15,28.7,0.6,760
2017-07-10,3605,1037794,29991643,28.7,29.2,28.5,28.7,0.0,499
2017-07-11,3605,858941,24850218,29.0,29.35,28.5,28.5,-0.2,453
2017-07-12,3605,296078,8458120,28.5,28.7,28.35,28.6,0.1,171
2017-07-13,3605,973020,28331481,28.8,29.45,28.7,29.15,0.55,501
2017-07-14,3605,463002,13383856,29.2,29.35,28.7,28.85,-0.3,253
2017-07-17,3605,402007,11486596,28.85,28.85,28.45,28.45,-0.4,210
2017-07-18,3605,561299,15994006,28.45,28.75,28.35,28.5,0.05,247
2017-07-19,3605,852502,24106226,28.45,28.6,28.0,28.2,-0.3,368
2017-07-20,3605,977597,27526116,27.9,28.65,27.9,28.05,0.0,464
2017-07-21,3605,302075,8561713,28.1,28.55,28.1,28.35,0.3,157
2017-07-24,3605,287547,8102002,28.4,28.45,28.05,28.3,-0.05,168
2017-07-25,3605,398005,11176940,28.3,28.3,27.95,28.15,-0.15,201
2017-07-26,3605,289710,8150655,28.15,28.35,28.0,28.1,-0.05,161
2017-07-27,3605,296656,8361818,28.1,28.3,28.1,28.2,0.1,153
2017-07-28,3605,869005,24122235,28.2,28.25,27.35,27.4,-0.8,334
2017-07-31,3605,391325,10861877,27.4,28.0,27.4,28.0,0.6,262
2017-08-01,3605,521519,14823911,28.0,28.65,28.0,28.35,0.35,285
2017-08-02,3605,272000,7718250,28.7,28.7,28.15,28.2,-0.15,160
2017-08-03,3605,285002,8031156,28.05,28.35,28.05,28.1,-0.1,165
2017-08-04,3605,405493,11314077,28.25,28.25,27.8,28.0,-0.1,216
2017-08-07,3605,362793,10136433,28.0,28.3,27.75,27.9,-0.1,158
2017-08-08,3605,1686808,48620303,28.0,29.3,27.95,28.95,1.05,782
2017-08-09,3605,2562550,75545300,28.9,30.1,28.75,30.0,1.05,1327
2017-08-10,3605,1660895,47995842,29.9,29.9,28.1,28.65,-1.35,913
2017-08-11,3605,1414166,39248454,27.6,28.15,27.3,27.75,-0.9,657
2017-08-14,3605,1485298,39628517,27.7,27.7,26.3,26.45,-1.3,658
2017-08-15,3605,288091,7765288,27.6,27.6,26.7,26.8,0.35,156
2017-08-16,3605,382000,10267000,26.8,27.05,26.6,26.8,0.0,161
2017-08-17,3605,540002,14904006,26.8,28.0,26.8,27.75,0.95,327
2017-08-18,3605,1469000,41487300,28.25,28.55,27.95,28.0,0.25,708
2017-08-21,3605,685873,18799724,28.15,28.15,26.95,27.1,-0.9,372
2017-08-22,3605,222500,6054449,27.4,27.4,26.95,27.2,0.1,137
2017-08-23,3605,1245493,34545981,27.2,28.3,26.8,27.5,0.3,659
2017-08-24,3605,293654,8138035,27.75,28.05,27.4,27.5,0.0,194
2017-08-25,3605,2339010,66562180,28.0,28.9,28.0,28.3,0.8,1041
2017-08-28,3605,479713,13390047,28.3,28.3,27.7,27.75,-0.55,288
2017-08-29,3605,347077,9531103,27.7,27.7,27.3,27.35,-0.4,213
2017-08-30,3605,1259770,35490862,27.5,28.4,27.5,28.25,0.9,468
2017-08-31,3605,625912,17555931,28.45,28.45,27.85,28.1,-0.15,231
2017-09-01,3605,903358,25526390,28.1,28.35,28.0,28.15,0.05,344
2017-09-04,3605,695298,19460418,28.4,28.4,27.75,27.8,-0.35,336
2017-09-05,3605,635298,17496293,27.75,27.8,27.35,27.55,-0.25,309
2017-09-06,3605,511583,13972032,27.65,27.65,26.6,27.55,0.0,258
2017-09-07,3605,608597,16910977,27.7,28.15,27.3,27.45,-0.1,290
2017-09-08,3605,184006,5048762,27.75,27.75,27.35,27.4,-0.05,106
2017-09-11,3605,420896,11428121,27.45,27.5,26.9,27.25,-0.15,230
2017-09-12,3605,1141924,31879253,28.0,28.1,27.6,27.6,0.35,460
2017-09-13,3605,1313670,36889408,27.95,28.2,27.75,28.2,0.6,599
2017-09-14,3605,8600065,257751031,28.65,30.9,28.65,29.9,1.7,3999
2017-09-15,3605,4903179,148746840,30.1,30.8,30.05,30.2,0.3,2526
2017-09-18,3605,3107350,92702767,30.55,30.9,29.1,29.65,-0.55,1609
2017-09-19,3605,1167390,34507304,29.8,30.3,29.1,29.25,-0.4,591
2017-09-20,3605,1538100,44107794,29.25,29.25,28.25,28.45,-0.8,805
2017-09-21,3605,830493,23543077,28.4,28.8,28.0,28.3,-0.15,487
2017-09-22,3605,1115116,31280711,28.5,28.65,27.6,27.65,-0.65,544
2017-09-25,3605,1200093,32351463,28.0,28.0,26.55,26.7,-0.95,643
2017-09-26,3605,661219,17640203,26.7,27.0,26.5,26.55,-0.15,357
2017-09-27,3605,432474,11564258,26.6,27.0,26.55,26.75,0.2,254
2017-09-28,3605,318856,8520926,26.75,26.9,26.55,26.65,-0.1,177
2017-09-29,3605,717509,18957211,26.65,26.65,26.15,26.55,-0.1,345
2017-09-30,3605,161389,4322547,26.65,26.9,26.65,26.75,0.2,96
2017-10-02,3605,340797,9201769,26.85,27.15,26.8,27.15,0.4,211
2017-10-03,3605,254000,6919900,27.3,27.45,27.1,27.25,0.1,157
2017-10-05,3605,1245374,34617722,27.3,28.45,26.95,28.15,0.9,509
2017-10-06,3605,2984509,85301881,28.1,28.85,28.1,28.65,0.5,1439
2017-10-11,3605,683040,19035070,28.4,28.6,27.6,27.75,-0.9,338
2017-10-12,3605,530500,14928750,28.1,28.5,28.0,28.1,0.35,271
2017-10-13,3605,434001,12030828,28.15,28.3,27.5,27.6,-0.5,262
2017-10-16,3605,614027,17114195,27.65,28.2,27.5,27.7,0.1,267
2017-10-17,3605,296300,8144004,28.0,28.0,27.35,27.35,-0.35,167
2017-10-18,3605,359298,9720651,27.5,27.5,26.9,27.0,-0.35,199
2017-10-19,3605,362306,9768715,26.7,27.1,26.7,27.0,0.0,189
2017-10-20,3605,240706,6462212,27.0,27.0,26.7,26.8,-0.2,138
2017-10-23,3605,235098,6330425,26.8,27.05,26.8,26.85,0.05,154
2017-10-24,3605,340744,9214759,26.85,27.3,26.8,27.3,0.45,209
2017-10-25,3605,260000,7059200,27.5,27.5,27.0,27.05,-0.25,138
2017-10-26,3605,248991,6713455,27.05,27.15,26.85,26.85,-0.2,143
2017-10-27,3605,1139875,31682267,27.1,28.2,27.1,27.25,0.4,559
2017-10-30,3605,703976,18907357,27.7,27.8,26.2,26.85,-0.4,308
2017-10-31,3605,240522,6537347,26.95,27.75,26.9,27.2,0.35,132
2017-11-01,3605,317455,8611215,27.35,27.4,26.85,26.85,-0.35,166
2017-11-02,3605,362050,9785860,27.0,27.4,26.75,27.4,0.55,186
2017-11-03,3605,181226,4949123,27.55,27.55,27.2,27.25,-0.15,97
2017-11-06,3605,161005,4357535,27.2,27.25,26.9,26.9,-0.35,108
2017-11-07,3605,248091,6672247,26.9,27.1,26.8,26.9,0.0,123
2017-11-08,3605,389106,10583322,27.2,27.4,26.9,27.15,0.25,196
2017-11-09,3605,1367298,38093787,27.45,28.3,27.25,27.8,0.65,677
2017-11-10,3605,803999,22117072,27.5,27.95,27.0,27.45,-0.35,438
2017-11-13,3605,715415,19318477,27.1,27.65,26.75,26.75,-0.7,371
2017-11-14,3605,413005,10962282,27.0,27.0,26.4,26.55,-0.2,214
2017-11-15,3605,587504,15384504,26.5,26.6,26.0,26.1,-0.45,339
2017-11-16,3605,242489,6361935,26.1,26.4,26.1,26.2,0.1,150
2017-11-17,3605,289493,7604141,26.3,26.45,26.15,26.4,0.2,153
2017-11-20,3605,285073,7451154,26.35,26.35,26.05,26.1,-0.3,138
2017-11-21,3605,536389,13960774,26.15,26.35,25.85,26.0,-0.1,267
2017-11-22,3605,322238,8411338,26.15,26.25,26.0,26.05,0.05,159
2017-11-23,3605,203021,5316748,26.15,26.35,26.1,26.25,0.2,111
2017-11-24,3605,200597,5283170,26.4,26.45,26.25,26.35,0.1,101
2017-11-27,3605,233298,6091482,26.35,26.35,26.0,26.05,-0.3,122
2017-11-28,3605,264600,6866979,26.0,26.05,25.85,26.0,-0.05,131
2017-11-29,3605,258000,6736050,26.2,26.35,26.0,26.0,0.0,140
2017-11-30,3605,199103,5145410,26.0,26.0,25.7,25.85,-0.15,124
2017-12-01,3605,322001,8233125,25.85,25.9,25.0,25.5,-0.35,185
2017-12-04,3605,337450,8445600,25.3,25.3,24.8,25.1,-0.4,199
2017-12-05,3605,465005,11454972,25.1,25.1,24.3,24.4,-0.7,279
2017-12-06,3605,580106,13820950,24.2,24.5,23.0,23.4,-1.0,299
2017-12-07,3605,385104,8983583,23.4,23.55,23.2,23.25,-0.15,190
2017-12-08,3605,327674,7628120,23.25,23.6,23.1,23.55,0.3,139
2017-12-11,3605,143001,3413474,23.55,24.05,23.5,24.0,0.45,96
2017-12-12,3605,256002,6224098,24.45,24.7,24.0,24.15,0.15,166
2017-12-13,3605,142598,3456691,24.15,24.35,24.05,24.2,0.05,61
2017-12-14,3605,238000,5859200,24.35,24.85,24.35,24.4,0.2,114
2017-12-15,3605,168629,4053796,24.4,24.4,23.9,24.0,-0.4,90
2017-12-18,3605,113002,2755748,24.25,24.55,24.2,24.4,0.4,77
2017-12-19,3605,109353,2657390,24.5,24.5,24.0,24.3,-0.1,75
2017-12-20,3605,85001,2068174,24.3,24.45,24.2,24.35,0.05,62
2017-12-21,3605,158307,3882953,24.4,24.7,24.35,24.6,0.25,112
2017-12-22,3605,380685,9585576,24.8,25.4,24.75,25.3,0.7,229
2017-12-25,3605,150180,3777100,25.3,25.4,24.9,24.9,-0.4,97
2017-12-26,3605,823427,21221309,26.0,26.4,25.2,25.2,0.3,492
2017-12-27,3605,196003,4936975,25.1,25.4,25.05,25.1,-0.1,125
2017-12-28,3605,216007,5432625,25.4,25.4,25.0,25.1,0.0,117
2017-12-29,3605,124013,3122175,25.5,25.5,25.05,25.2,0.1,96
2018-01-02,3605,333298,8315117,25.3,25.3,24.8,24.9,-0.3,147
2018-01-03,3605,232135,5881755,25.3,25.55,25.05,25.35,0.45,149
2018-01-04,3605,198984,5067991,25.35,25.65,25.25,25.65,0.3,125
2018-01-05,3605,378403,9818535,25.65,26.1,25.65,25.95,0.3,197
2018-01-08,3605,167048,4328699,25.95,26.0,25.8,26.0,0.05,117
2018-01-09,3605,149921,3865777,26.0,26.0,25.7,25.8,-0.2,96
2018-01-10,3605,284631,7214917,25.6,25.65,25.2,25.25,-0.55,142
2018-01-11,3605,125000,3150150,25.25,25.4,25.1,25.2,-0.05,101
2018-01-12,3605,112531,2834500,25.2,25.3,25.1,25.2,0.0,93
2018-01-15,3605,161606,4074209,25.2,25.3,25.15,25.2,0.0,108
2018-01-16,3605,115002,2910350,25.2,25.4,25.2,25.4,0.2,95
2018-01-17,3605,313537,8014767,25.45,25.8,25.4,25.65,0.25,173
2018-01-18,3605,204853,5231843,25.7,25.75,25.4,25.4,-0.25,136
2018-01-19,3605,302727,7648303,25.4,25.4,25.2,25.3,-0.1,155
2018-01-22,3605,204503,5154824,25.3,25.4,25.15,25.4,0.1,126
2018-01-23,3605,136794,3453546,25.4,25.4,25.2,25.3,-0.1,71
2018-01-24,3605,53213,1346986,25.3,25.4,25.25,25.3,0.0,49
2018-01-25,3605,253585,6393391,25.3,25.35,25.1,25.1,-0.2,86
2018-01-26,3605,147151,3717320,25.25,25.35,25.15,25.35,0.25,84
2018-01-29,3605,57151,1446639,25.5,25.5,25.2,25.3,-0.05,39
2018-01-30,3605,88502,2228325,25.15,25.3,25.1,25.25,-0.05,53
2018-01-31,3605,135388,3383673,25.1,25.1,24.9,24.95,-0.3,94
2018-02-01,3605,138298,3452166,25.0,25.1,24.9,25.0,0.05,80
2018-02-02,3605,137498,3411248,24.9,24.9,24.65,24.9,-0.1,77
2018-02-05,3605,175003,4254122,24.45,24.5,24.0,24.5,-0.4,95
2018-02-06,3605,543718,12547832,24.0,24.0,22.2,22.5,-2.0,257
2018-02-07,3605,137000,3166300,23.0,23.25,23.0,23.1,0.6,101
2018-02-08,3605,154008,3521485,23.1,23.15,22.75,23.0,-0.1,102
2018-02-09,3605,188002,4192600,22.6,22.7,21.8,22.65,-0.35,105
2018-02-12,3605,77484,1780150,22.65,23.3,22.65,22.9,0.25,62
2018-02-21,3605,214511,5133904,24.2,24.2,23.65,23.85,0.95,142
2018-02-22,3605,97086,2315714,24.15,24.15,23.7,23.95,0.1,70
2018-02-23,3605,124003,2995378,24.25,24.25,24.05,24.1,0.15,97
2018-02-26,3605,99194,2382023,24.1,24.2,23.95,24.1,0.0,105
2018-02-27,3605,153011,3667164,24.2,24.2,23.8,23.85,-0.25,114
2018-03-01,3605,139343,3288708,23.55,23.85,23.45,23.85,0.0,126
2018-03-02,3605,115992,2747544,23.7,23.8,23.5,23.8,-0.05,116
2018-03-05,3605,125883,2993621,23.8,23.9,23.65,23.8,0.0,103
2018-03-06,3605,213104,5117870,24.0,24.25,23.7,24.2,0.4,125
2018-03-07,3605,4502166,118609862,24.2,26.6,24.05,26.6,2.4,1692
2018-03-08,3605,14020477,396289918,27.25,29.25,26.6,29.2,2.6,7132
2018-03-09,3605,5264947,145906435,28.5,28.5,27.0,27.6,-1.6,2917
2018-03-12,3605,1488965,40780740,27.65,27.8,27.05,27.15,-0.45,934
2018-03-13,3605,2838140,79067220,27.6,28.5,27.25,27.35,0.2,1681
2018-03-14,3605,881653,23910740,27.2,27.3,27.0,27.25,-0.1,639
2018-03-15,3605,702809,19053981,27.3,27.35,27.05,27.05,-0.2,482
2018-03-16,3605,3865634,103275300,27.1,27.35,26.65,26.65,-0.4,659
2018-03-19,3605,846596,22908942,26.75,27.2,26.75,27.15,0.5,503
2018-03-20,3605,869598,23265111,27.15,27.15,26.55,26.65,-0.5,530
2018-03-21,3605,304493,8150412,26.85,26.85,26.65,26.8,0.15,225
2018-03-22,3605,809006,21453306,26.8,26.85,26.3,26.3,-0.5,497
2018-03-23,3605,1394717,36879856,25.9,27.05,25.8,26.8,0.5,808
2018-03-26,3605,552051,14547191,26.8,26.8,26.05,26.3,-0.5,347
2018-03-27,3605,1737096,47552876,26.65,27.85,26.65,27.4,1.1,1065
2018-03-28,3605,1129011,31000997,27.4,27.9,27.0,27.3,-0.1,660
2018-03-29,3605,610204,16745418,27.35,27.7,27.3,27.3,0.0,420
2018-03-30,3605,2045382,54211942,26.8,27.0,26.1,26.3,-1.0,1362
2018-03-31,3605,654535,17299223,26.3,26.75,26.05,26.6,0.3,414
2018-04-02,3605,377057,9990082,26.7,26.8,26.35,26.45,-0.15,306
2018-04-03,3605,409020,10764123,26.2,26.5,26.1,26.4,-0.05,282
2018-04-09,3605,391840,10283170,26.4,26.4,26.2,26.25,-0.15,288
2018-04-10,3605,632004,16836831,26.2,26.8,26.2,26.65,0.4,422
2018-04-11,3605,277579,7393869,26.65,26.85,26.45,26.45,-0.2,207
2018-04-12,3605,373100,9836627,26.45,26.7,26.2,26.3,-0.15,258
2018-04-13,3605,2175221,58448555,26.3,27.25,26.3,27.15,0.85,871
2018-04-16,3605,1214100,33266577,27.15,27.8,26.9,27.55,0.4,729
2018-04-17,3605,964126,26259902,27.8,27.95,26.85,26.9,-0.65,644
2018-04-18,3605,470597,12604354,27.1,27.2,26.6,26.6,-0.3,322
2018-04-19,3605,335520,8989777,27.1,27.15,26.65,26.7,0.1,251
2018-04-20,3605,958428,25188069,26.75,26.75,26.0,26.3,-0.4,508
2018-04-23,3605,560285,14809729,26.35,26.9,26.1,26.5,0.2,406
2018-04-24,3605,585014,15300614,26.6,26.75,26.0,26.1,-0.4,417
2018-04-25,3605,541035,14089960,26.0,26.3,25.95,26.05,-0.05,326
2018-04-26,3605,503101,13057826,26.15,26.25,25.8,25.8,-0.25,349
2018-04-27,3605,386300,10013088,25.95,26.05,25.7,26.0,0.2,246
2018-04-30,3605,140431,3666227,26.2,26.2,26.0,26.2,0.2,111
2018-05-02,3605,179823,4712743,26.3,26.3,26.1,26.1,-0.1,154
2018-05-03,3605,182156,4791113,26.1,26.45,26.1,26.15,0.05,124
2018-05-04,3605,166012,4349313,26.1,26.35,26.1,26.1,-0.05,108
2018-05-07,3605,220349,5746888,26.2,26.2,26.0,26.05,-0.05,148
2018-05-08,3605,274501,7140426,26.05,26.2,25.95,25.95,-0.1,179
2018-05-09,3605,221500,5758975,25.95,26.1,25.95,26.1,0.15,146
2018-05-10,3605,217000,5653350,26.1,26.15,26.0,26.1,0.0,146
2018-05-11,3605,3730267,89014418,25.5,25.5,23.5,23.5,-2.6,1965
2018-05-14,3605,4792998,102020054,21.85,22.0,21.15,21.2,-2.3,2371
2018-05-15,3605,1501890,30737792,21.2,21.2,20.1,20.35,-0.85,900
2018-05-16,3605,733300,15418200,20.5,21.3,20.5,21.0,0.65,482
2018-05-17,3605,571314,11962647,21.05,21.25,20.75,20.8,-0.2,284
2018-05-18,3605,409800,8611838,21.0,21.35,20.7,21.2,0.4,247
2018-05-21,3605,390309,8317378,21.35,21.4,21.2,21.4,0.2,224
2018-05-22,3605,424200,9084499,21.35,21.55,21.3,21.5,0.1,239
2018-05-23,3605,697200,15168420,21.5,21.85,21.5,21.85,0.35,374
2018-05-24,3605,667500,14794848,21.9,22.5,21.9,22.3,0.45,310
2018-05-25,3605,884385,19616220,22.45,22.45,22.0,22.0,-0.3,301
2018-05-28,3605,518878,11209395,22.0,22.0,21.45,21.7,-0.3,263
2018-05-29,3605,252201,5466385,21.7,21.8,21.55,21.65,-0.05,139
2018-05-30,3605,213090,4581174,21.5,21.7,21.45,21.55,-0.1,132
2018-05-31,3605,386267,8389832,21.6,22.0,21.55,21.85,0.3,195
2018-06-01,3605,315250,6903975,22.0,22.2,21.75,21.9,0.05,152
2018-06-04,3605,454700,10021784,21.9,22.2,21.85,22.05,0.15,189
2018-06-05,3605,624514,13925947,22.1,22.55,22.05,22.05,0.0,288
2018-06-06,3605,333682,7370454,22.05,22.2,22.0,22.1,0.05,153
2018-06-07,3605,271269,6010346,22.1,22.3,22.05,22.3,0.2,164
2018-06-08,3605,915651,20799297,22.35,22.95,22.35,22.5,0.2,389
2018-06-11,3605,349001,7751422,22.4,22.4,22.1,22.25,-0.25,194
2018-06-12,3605,372300,8368384,22.4,22.65,22.35,22.45,0.2,187
2018-06-13,3605,385050,8677176,22.7,22.7,22.4,22.45,0.0,164
2018-06-14,3605,197798,4394274,22.35,22.35,22.15,22.15,-0.3,140
2018-06-15,3605,271390,5990740,22.15,22.2,21.95,22.05,-0.1,167
2018-06-19,3605,219494,4787269,22.2,22.2,21.5,21.7,-0.35,136
2018-06-20,3605,445000,9474600,21.4,21.7,21.05,21.5,-0.2,262
2018-06-21,3605,361129,7711734,21.35,21.5,21.2,21.3,-0.2,206
2018-06-22,3605,211000,4478650,21.25,21.35,21.15,21.3,0.0,132
2018-06-25,3605,292211,6179502,21.3,21.5,21.05,21.2,-0.1,149
2018-06-26,3605,460001,9705471,21.15,21.3,20.9,21.25,0.05,246
2018-06-27,3605,260001,5510221,21.3,21.4,21.1,21.25,0.0,127
2018-06-28,3605,203000,4310800,21.15,21.4,21.1,21.25,0.0,105
2018-06-29,3605,206354,4399003,21.3,21.45,21.25,21.3,0.05,105
2018-07-02,3605,176021,3722495,21.3,21.35,21.0,21.05,-0.25,110
2018-07-03,3605,209000,4412000,21.05,21.3,21.0,21.05,0.0,106
2018-07-04,3605,145401,3079671,21.0,21.3,21.0,21.15,0.1,90
2018-07-05,3605,114001,2417071,21.1,21.4,21.1,21.15,0.0,61
2018-07-06,3605,477036,9959711,21.15,21.15,20.6,21.0,-0.15,204
2018-07-09,3605,155318,3241628,20.8,21.2,20.7,21.0,0.0,91
2018-07-10,3605,430528,9295601,21.0,21.85,21.0,21.65,0.65,258
2018-07-11,3605,210001,4513821,21.55,21.65,21.4,21.4,-0.25,107
2018-07-12,3605,95298,2032317,21.5,21.5,21.2,21.3,-0.1,70
2018-07-13,3605,137376,2928295,21.3,21.5,21.25,21.35,0.05,74
2018-07-16,3605,183542,3922139,21.45,21.5,21.3,21.4,0.05,88
2018-07-17,3605,72502,1550692,21.4,21.5,21.3,21.4,0.0,47
2018-07-18,3605,208274,4456936,21.4,21.5,21.3,21.4,0.0,124
2018-07-19,3605,722500,15558999,21.4,21.7,21.4,21.7,0.3,118
2018-07-20,3605,206983,4455687,21.8,21.8,21.4,21.45,-0.25,94
2018-07-23,3605,243598,5229206,21.4,21.75,21.3,21.4,-0.05,119
2018-07-24,3605,240690,5143985,21.3,21.45,21.3,21.35,-0.05,99
2018-07-25,3605,142000,2993450,21.25,21.25,21.0,21.05,0.0,83
2018-07-26,3605,67026,1425300,21.2,21.35,21.2,21.3,0.25,56
2018-07-27,3605,237000,5066400,21.3,21.5,21.3,21.4,0.1,122
2018-07-30,3605,163987,3494224,21.4,21.45,21.2,21.25,-0.15,77
2018-07-31,3605,57003,1214763,21.35,21.4,21.25,21.35,0.1,39
2018-08-01,3605,155230,3326671,21.4,21.55,21.35,21.35,0.0,135
2018-08-02,3605,247197,5325355,21.4,21.7,21.4,21.5,0.15,131
2018-08-03,3605,389157,8529519,21.5,22.2,21.5,22.2,0.7,220
2018-08-06,3605,460301,10409761,22.2,22.95,22.15,22.45,0.25,304
2018-08-07,3605,233000,5191950,22.5,22.5,22.2,22.45,0.0,135
2018-08-08,3605,81791,1822069,22.45,22.45,22.2,22.25,-0.2,57
2018-08-09,3605,142000,3164900,22.55,22.6,22.2,22.2,-0.05,84
2018-08-10,3605,162002,3594944,22.25,22.4,22.1,22.15,-0.05,87
2018-08-13,3605,427851,9513506,22.55,22.55,21.75,22.0,-0.15,236
2018-08-14,3605,439346,9951534,22.1,23.45,22.1,22.6,0.6,231
2018-08-15,3605,137001,3087722,22.6,22.7,22.4,22.5,-0.1,87
2018-08-16,3605,179298,4026725,22.4,22.55,22.3,22.55,0.05,91
2018-08-17,3605,115646,2598701,22.6,22.8,22.3,22.45,-0.1,89
2018-08-20,3605,156000,3462050,22.45,22.45,22.0,22.2,-0.25,87
2018-08-21,3605,91001,2019472,22.2,22.4,22.05,22.2,0.0,53
2018-08-22,3605,93500,2078600,22.35,22.35,22.15,22.3,0.1,63
2018-08-23,3605,147100,3262554,22.3,22.3,22.1,22.1,-0.2,84
2018-08-24,3605,312001,6844021,22.1,22.15,21.75,21.85,-0.25,138
2018-08-27,3605,129200,2850619,21.85,22.3,21.85,22.1,0.25,64
2018-08-28,3605,165464,3654704,22.4,22.4,21.95,22.1,0.0,94
2018-08-29,3605,253273,5626565,22.25,22.35,22.1,22.35,0.25,134
2018-08-30,3605,851390,19529309,22.75,23.2,22.75,22.9,0.55,505
2018-08-31,3605,446414,10244966,22.95,23.15,22.8,22.9,0.0,233
2018-09-03,3605,561000,12675300,22.9,23.0,22.3,22.35,-0.55,169
2018-09-04,3605,256534,5780734,22.5,22.65,22.45,22.5,0.15,121
2018-09-05,3605,219500,4960575,22.6,22.8,22.45,22.55,0.05,96
2018-09-06,3605,143170,3204815,22.45,22.55,22.15,22.15,-0.4,97
2018-09-07,3605,450102,9779676,22.1,22.3,21.0,21.2,-0.95,231
2018-09-10,3605,324304,6873650,21.25,21.6,20.85,20.85,-0.35,176
2018-09-11,3605,183900,3904208,21.0,21.6,21.0,21.3,0.45,100
2018-09-12,3605,277000,5806650,21.4,21.4,20.8,20.95,-0.35,127
2018-09-13,3605,187260,3927710,21.0,21.15,20.85,21.0,0.05,117
2018-09-14,3605,125000,2635050,21.15,21.2,21.0,21.05,0.05,74
2018-09-17,3605,147300,3079980,20.95,21.0,20.85,20.95,-0.1,78
2018-09-18,3605,181005,3839855,20.95,21.5,20.9,21.15,0.2,135
2018-09-19,3605,98002,2077792,21.25,21.4,21.0,21.15,0.0,80
2018-09-20,3605,188180,3959965,21.15,21.2,20.95,21.0,-0.15,139
2018-09-21,3605,282285,5943256,21.1,21.35,21.0,21.0,0.0,103
2018-09-25,3605,65298,1369690,20.95,21.05,20.95,21.0,0.0,48
2018-09-26,3605,77000,1630500,21.0,21.2,21.0,21.15,0.15,46
2018-09-27,3605,42600,898879,21.15,21.15,21.05,21.05,-0.1,32
2018-09-28,3605,209358,4386399,21.0,21.05,20.85,20.95,-0.1,107
2018-10-01,3605,59002,1243792,20.95,21.2,20.95,21.1,0.15,44
2018-10-02,3605,123001,2597021,21.15,21.25,21.05,21.15,0.05,62
2018-10-03,3605,238012,4981247,21.1,21.15,20.8,20.85,-0.3,95
2018-10-04,3605,89000,1856700,20.95,21.05,20.8,20.85,0.0,71
2018-10-05,3605,352493,7232758,20.9,20.9,20.25,20.3,-0.55,140
2018-10-08,3605,208004,4185630,20.2,20.3,20.0,20.15,-0.15,129
2018-10-09,3605,384646,7574046,20.15,20.2,19.3,19.4,-0.75,227
2018-10-11,3605,474500,8351597,18.35,18.35,17.5,17.5,-1.9,260
2018-10-12,3605,387715,6534455,16.35,17.2,16.35,16.85,-0.65,220
2018-10-15,3605,227006,3844458,17.0,17.1,16.85,16.9,0.05,122
2018-10-16,3605,158000,2690500,16.9,17.3,16.9,17.0,0.1,123
2018-10-17,3605,108100,1855100,17.15,17.4,17.0,17.0,0.0,102
2018-10-18,3605,43001,732067,17.05,17.1,17.0,17.0,0.0,33
2018-10-19,3605,82100,1360525,17.0,17.0,16.45,16.65,-0.35,58
2018-10-22,3605,100185,1665263,16.7,16.85,16.45,16.85,0.2,73
2018-10-23,3605,120102,2030577,17.0,17.1,16.7,16.8,-0.05,62
2018-10-24,3605,348800,5695400,16.8,17.1,16.0,16.45,-0.35,214
2018-10-25,3605,430502,6535130,15.2,15.4,15.0,15.05,-1.4,251
2018-10-26,3605,115500,1757199,15.45,15.45,14.9,15.3,0.25,87
2018-10-29,3605,198051,2999955,15.2,15.6,14.9,15.6,0.3,103
2018-10-30,3605,93002,1428730,15.85,15.85,15.25,15.3,-0.3,60
2018-10-31,3605,114350,1784294,15.6,15.7,15.5,15.7,0.4,82
2018-11-01,3605,127580,2036562,15.75,16.1,15.7,16.1,0.4,70
2018-11-02,3605,126001,2054617,16.2,16.5,16.05,16.5,0.4,87
2018-11-05,3605,143954,2612764,18.15,18.15,18.15,18.15,1.65,102
2018-11-06,3605,306366,6112001,19.95,19.95,19.95,19.95,1.8,131
2018-11-07,3605,3353620,70432066,21.3,21.3,20.4,20.75,0.8,1703
2018-11-08,3605,640428,13258509,20.3,21.05,20.2,21.05,0.3,421
2018-11-09,3605,501050,10557254,21.2,21.4,20.75,20.9,-0.15,305
2018-11-12,3605,398403,8423782,21.05,21.55,20.75,20.85,-0.05,270
2018-11-13,3605,376001,7803570,20.35,21.45,20.35,20.85,0.0,239
2018-11-14,3605,886048,18963938,20.85,20.85,20.45,20.45,-0.4,239
2018-11-15,3605,346087,7204364,20.6,21.0,20.6,20.8,0.35,262
2018-11-16,3605,804000,17347450,21.0,21.15,20.75,20.9,0.1,197
2018-11-19,3605,792719,17235436,21.25,22.5,21.25,21.5,0.6,519
2018-11-20,3605,797006,17412377,21.15,21.45,21.0,21.2,-0.3,127
2018-11-21,3605,390417,8441747,21.3,22.0,21.0,21.7,0.5,284
2018-11-22,3605,818200,17907290,21.8,21.8,21.3,21.3,-0.4,126
2018-11-23,3605,153603,3247901,21.35,21.45,21.0,21.0,-0.3,105
2018-11-26,3605,309400,6653309,21.0,21.8,21.0,21.55,0.55,205
2018-11-27,3605,738003,16158563,21.4,21.55,21.3,21.5,-0.05,102
2018-11-28,3605,155001,3344021,21.65,21.7,21.45,21.6,0.1,108
2018-11-29,3605,188002,4075442,21.7,21.8,21.55,21.55,-0.05,100
2018-11-30,3605,135002,2911592,21.55,21.7,21.5,21.55,0.0,82
2018-12-03,3605,318332,6973266,21.75,22.2,21.75,21.8,0.25,206
2018-12-04,3605,1040484,23646775,22.1,23.2,22.0,22.75,0.95,648
2018-12-05,3605,1511002,35532996,22.6,24.0,22.5,24.0,1.25,843
2018-12-06,3605,1028101,23755472,24.3,24.3,22.1,22.45,-1.55,621
2018-12-07,3605,387797,8860831,22.8,23.3,22.55,22.6,0.15,237
2018-12-10,3605,291903,6479741,21.9,22.55,21.85,22.05,-0.55,168
2018-12-11,3605,268756,5915426,22.15,22.3,21.85,21.9,-0.15,150
2018-12-12,3605,958223,22040943,22.0,23.7,22.0,23.45,1.55,563
2018-12-13,3605,1038090,24706873,23.7,24.2,23.4,23.65,0.2,564
2018-12-14,3605,915210,22011918,23.65,24.45,23.15,23.95,0.3,530
2018-12-17,3605,1364500,33391374,24.0,25.0,23.8,24.0,0.05,811
2018-12-18,3605,1420700,34241805,23.8,24.6,23.4,23.85,-0.15,750
2018-12-19,3605,5652837,140052372,23.95,25.4,23.95,24.95,1.1,2848
2018-12-20,3605,4010201,100882357,25.5,25.65,24.35,25.0,0.05,2259
2018-12-21,3605,2151867,51804958,24.7,24.85,23.7,23.85,-1.15,1184
2018-12-22,3605,482153,11529731,23.5,24.25,23.5,23.75,-0.1,266
2018-12-24,3605,601096,14554927,24.1,24.5,23.8,24.3,0.55,386
2018-12-25,3605,1122001,26036572,23.8,23.85,22.75,22.75,-1.55,645
2018-12-26,3605,563633,12692576,22.9,23.25,22.0,22.05,-0.7,346
2018-12-27,3605,457004,10207938,22.55,22.7,22.1,22.1,0.05,279
2018-12-28,3605,466003,10516417,22.4,22.85,22.3,22.85,0.75,286
2019-01-02,3605,220194,5054692,23.0,23.1,22.85,22.95,0.1,126
2019-01-03,3605,340004,7816889,22.95,23.25,22.7,22.7,-0.25,191
2019-01-04,3605,191298,4307388,22.7,22.85,22.1,22.85,0.15,140
2019-01-07,3605,443059,10303336,23.05,23.6,22.95,22.95,0.1,247
2019-01-08,3605,160184,3712150,23.1,23.3,23.05,23.1,0.15,126
2019-01-09,3605,252101,5875492,23.4,23.5,23.15,23.25,0.15,145
2019-01-10,3605,112002,2594146,23.1,23.25,23.1,23.2,-0.05,85
2019-01-11,3605,550050,12394514,22.95,22.95,22.35,22.35,-0.85,314
2019-01-14,3605,275016,6185857,22.35,22.8,22.25,22.35,0.0,179
2019-01-15,3605,105003,2363966,22.3,22.65,22.3,22.5,0.15,75
2019-01-16,3605,221783,5023400,22.6,22.8,22.55,22.6,0.1,142
2019-01-17,3605,332443,7561421,22.55,23.05,22.5,22.8,0.2,214
2019-01-18,3605,167748,3835451,22.8,23.0,22.7,22.85,0.05,110
2019-01-21,3605,411750,9603311,23.3,23.55,23.15,23.2,0.35,257
2019-01-22,3605,92250,2132481,23.25,23.3,23.0,23.0,-0.2,81
2019-01-23,3605,119004,2713538,23.15,23.15,22.65,22.75,-0.25,84
2019-01-24,3605,132007,3001604,22.9,22.9,22.65,22.65,-0.1,116
2019-01-25,3605,151007,3444004,22.6,22.95,22.6,22.9,0.25,103
2019-01-28,3605,711850,16670182,22.9,23.65,22.85,23.4,0.5,452
2019-01-29,3605,203006,4720888,23.25,23.4,23.1,23.3,-0.1,122
2019-01-30,3605,298177,6969595,23.4,23.5,23.2,23.2,-0.1,166
2019-02-11,3605,434298,10075261,23.5,23.55,23.05,23.05,-0.15,247
2019-02-12,3605,205023,4758929,23.25,23.3,23.1,23.25,0.2,141
2019-02-13,3605,527266,12529124,23.45,23.9,23.45,23.85,0.6,354
2019-02-14,3605,1136150,27722983,23.8,25.0,23.6,25.0,1.15,558
2019-02-15,3605,1305009,32033916,24.65,24.8,24.35,24.35,-0.65,713
2019-02-18,3605,2324001,59354773,25.0,26.25,25.0,25.35,1.0,1369
2019-02-19,3605,1692309,43301654,25.65,26.15,24.9,25.7,0.35,970
2019-02-20,3605,788750,20302679,25.75,26.05,25.5,25.7,0.0,501
2019-02-21,3605,1110697,28887311,25.8,26.35,25.7,25.9,0.2,580
2019-02-22,3605,584255,15189507,25.95,26.2,25.85,26.0,0.1,324
2019-02-25,3605,1015331,26740651,26.05,26.65,26.0,26.15,0.15,603
2019-02-26,3605,928872,24088432,26.45,26.45,25.55,26.0,-0.15,562
2019-02-27,3605,541728,13875935,26.0,26.0,25.4,25.4,-0.6,313
2019-03-04,3605,811800,21048177,25.9,26.3,25.7,26.2,0.8,436
2019-03-05,3605,607623,15975628,26.2,26.65,26.0,26.05,-0.15,423
2019-03-06,3605,295030,7650157,26.1,26.15,25.7,25.85,-0.2,230
2019-03-07,3605,421064,10860611,26.0,26.3,25.4,25.5,-0.35,284
2019-03-08,3605,302447,7742721,25.5,25.85,25.25,25.85,0.35,223
2019-03-11,3605,460250,11778621,25.85,25.85,25.45,25.5,-0.35,349
2019-03-12,3605,490298,12551937,25.7,25.75,25.4,25.75,0.25,304
2019-03-13,3605,1742653,45738030,26.0,26.5,25.95,26.3,0.55,987
2019-03-14,3605,602229,15652334,26.05,26.2,25.8,25.9,-0.4,413
2019-03-15,3605,843207,22232753,26.0,26.75,25.75,26.45,0.55,491
2019-03-18,3605,741762,19429448,26.6,26.6,25.9,25.9,-0.55,536
2019-03-19,3605,804580,20592900,25.8,26.15,25.05,25.05,-0.85,480
2019-03-20,3605,435134,10932514,25.3,25.45,24.9,25.05,0.0,284
2019-03-21,3605,453038,11506988,25.1,25.65,25.1,25.35,0.3,260
2019-03-22,3605,358010,9116670,25.45,25.8,25.2,25.5,0.15,225
2019-03-25,3605,287020,7193240,25.05,25.3,24.8,25.0,-0.5,172
2019-03-26,3605,309298,7717500,25.1,25.1,24.85,24.85,-0.15,174
2019-03-27,3605,201790,5027210,25.0,25.05,24.8,24.9,0.05,118
2019-03-28,3605,169779,4246020,25.2,25.25,24.9,25.0,0.1,102
2019-03-29,3605,157016,3945650,25.25,25.3,25.05,25.1,0.1,118
2019-04-01,3605,231986,5839648,25.3,25.35,25.05,25.1,0.0,132
2019-04-02,3605,529010,13222200,25.2,25.25,24.8,24.9,-0.2,245
2019-04-03,3605,301298,7552192,25.05,25.25,24.85,25.2,0.3,183
2019-04-08,3605,628480,16113677,25.5,25.85,25.3,25.75,0.55,322
2019-04-09,3605,436662,11299607,25.8,26.15,25.7,25.7,-0.05,262
2019-04-10,3605,193202,4960102,25.9,25.9,25.55,25.8,0.1,123
2019-04-11,3605,351002,9000950,26.05,26.05,25.3,25.6,-0.2,222
2019-04-12,3605,168254,4254700,25.6,25.7,25.2,25.2,-0.4,119
2019-04-15,3605,281101,7135585,25.3,25.55,25.2,25.2,0.0,170
2019-04-16,3605,3410558,91004147,25.2,27.6,25.2,27.3,2.1,1595
2019-04-17,3605,1562494,41627388,27.15,27.2,26.3,26.5,-0.8,904
2019-04-18,3605,834200,21710256,26.5,26.5,25.4,25.4,-1.1,549
2019-04-19,3605,439192,11293586,25.45,26.0,25.4,25.95,0.55,215
2019-04-22,3605,523025,13600450,26.0,26.4,25.65,26.05,0.1,255
2019-04-23,3605,344642,8888071,26.2,26.2,25.4,25.6,-0.45,293
2019-04-24,3605,360044,9192155,25.6,25.8,25.35,25.35,-0.25,231
2019-04-25,3605,461740,11623271,25.35,25.45,24.95,25.35,0.0,302
2019-04-26,3605,359304,8988234,25.3,25.3,24.9,24.9,-0.45,237
2019-04-29,3605,610600,15002488,25.1,25.1,24.4,24.45,-0.45,235
2019-04-30,3605,211598,5117720,24.3,24.35,24.05,24.25,-0.2,122
2019-05-02,3605,260601,6299973,24.1,24.5,24.05,24.15,-0.1,162
2019-05-03,3605,1104077,28006952,24.35,26.1,24.35,25.3,1.15,604
2019-05-06,3605,607375,14710692,24.5,24.65,23.9,24.05,-1.25,337
2019-05-07,3605,276003,6683372,24.1,24.4,24.1,24.25,0.2,114
2019-05-08,3605,218109,5196275,23.6,24.05,23.55,24.0,-0.25,143
2019-05-09,3605,399298,9383563,23.8,23.95,23.3,23.3,-0.7,198
2019-05-10,3605,381001,8913323,23.4,24.0,23.0,23.45,0.15,204
2019-05-13,3605,246428,5706544,23.45,23.45,23.0,23.0,-0.45,136
2019-05-14,3605,447896,10519183,22.8,24.35,22.3,23.8,0.8,236
2019-05-15,3605,173006,4115541,23.95,24.0,23.55,23.7,-0.1,101
2019-05-16,3605,73001,1728473,23.85,23.85,23.55,23.55,-0.15,40
2019-05-17,3605,287621,6573558,23.9,23.9,22.55,22.6,-0.95,156
2019-05-20,3605,106005,2387660,22.55,22.95,22.45,22.45,-0.15,88
2019-05-21,3605,284407,6343946,22.45,22.8,22.05,22.65,0.2,122
2019-05-22,3605,77003,1754416,23.15,23.15,22.65,22.7,0.05,58
2019-05-23,3605,285000,6285800,22.45,22.45,21.85,21.95,-0.75,173
2019-05-24,3605,114801,2533462,21.7,22.35,21.7,22.3,0.35,83
2019-05-27,3605,127000,2818100,22.35,22.45,22.0,22.3,0.0,98
2019-05-28,3605,60320,1346703,22.1,22.45,22.1,22.4,0.1,43
2019-05-29,3605,52001,1155972,22.05,22.4,22.05,22.15,-0.25,43
2019-05-30,3605,73677,1633029,22.1,22.4,22.1,22.2,0.05,45
2019-05-31,3605,230002,5127194,22.3,22.45,22.1,22.1,-0.1,162
2019-06-03,3605,532104,11343539,22.0,22.0,21.0,21.05,-1.05,249
2019-06-04,3605,126500,2682524,21.2,21.4,21.05,21.15,0.1,83
2019-06-05,3605,149002,3236642,21.4,21.95,21.4,21.5,0.35,102
2019-06-06,3605,68700,1471679,21.5,21.55,21.35,21.4,-0.1,45
2019-06-10,3605,61852,1336833,21.4,21.8,21.4,21.7,0.3,57
2019-06-11,3605,115597,2520954,21.8,21.95,21.7,21.7,0.0,68
2019-06-12,3605,49002,1062842,21.75,21.8,21.6,21.65,-0.05,44
2019-06-13,3605,84002,1811742,21.6,21.7,21.45,21.55,-0.1,73
2019-06-14,3605,55100,1192109,21.5,21.7,21.5,21.6,0.05,37
2019-06-17,3605,82004,1758234,21.4,21.6,21.3,21.45,-0.15,71
2019-06-18,3605,74498,1592356,21.45,21.5,21.3,21.3,-0.15,55
2019-06-19,3605,150857,3243080,21.35,21.65,21.35,21.6,0.3,114
2019-06-20,3605,213659,4636083,21.75,21.9,21.4,21.9,0.3,98
2019-06-21,3605,277101,6118611,21.9,22.35,21.8,21.9,0.0,104
2019-06-24,3605,61400,1345310,22.15,22.15,21.8,21.9,0.0,33
2019-06-25,3605,94400,2051240,21.9,22.05,21.6,21.6,-0.3,69
2019-06-26,3605,45437,979294,21.6,21.8,21.5,21.6,0.0,34
2019-06-27,3605,120002,2615742,21.6,22.0,21.6,21.85,0.25,92
2019-06-28,3605,26014,566004,21.9,21.9,21.7,21.75,-0.1,22
2019-07-01,3605,183001,4039571,22.1,22.2,21.9,21.95,0.2,93
2019-07-02,3605,100090,2203330,22.2,22.2,21.85,22.1,0.15,60
2019-07-03,3605,99428,2179236,22.15,22.2,21.8,21.8,-0.3,85
2019-07-04,3605,167030,3656757,22.0,22.05,21.8,21.9,0.1,94
2019-07-05,3605,183660,4053935,22.05,22.25,22.0,22.2,0.3,100
2019-07-08,3605,148001,3311672,22.35,22.45,22.3,22.3,0.1,99
2019-07-09,3605,152298,3381385,22.3,22.3,22.1,22.2,-0.1,62
2019-07-10,3605,120001,2662322,22.2,22.35,22.05,22.2,0.0,74
2019-07-11,3605,188400,4141208,22.2,22.2,21.9,21.9,-0.3,118
2019-07-12,3605,62000,1369150,22.0,22.25,21.95,22.2,0.3,46
2019-07-15,3605,119493,2651720,22.2,22.3,22.15,22.15,-0.05,77
2019-07-16,3605,129318,2864276,22.15,22.25,22.05,22.2,0.05,68
2019-07-17,3605,563043,12820989,22.1,23.1,22.1,23.1,0.9,370
2019-07-18,3605,322167,7414529,23.3,23.3,22.7,22.7,-0.4,197
2019-07-19,3605,164161,3712422,22.8,22.8,22.5,22.5,-0.2,111
2019-07-22,3605,111299,2498267,22.85,22.85,22.3,22.4,-0.1,79
2019-07-23,3605,115947,2599572,22.4,22.6,22.35,22.35,-0.05,69
2019-07-24,3605,218969,4931947,22.35,22.7,22.35,22.55,0.2,156
2019-07-25,3605,315493,7015844,22.1,22.35,22.1,22.3,0.0,205
2019-07-26,3605,473101,10760701,22.4,23.0,22.4,22.95,0.65,316
2019-07-29,3605,356298,8038921,22.75,22.75,22.5,22.5,-0.45,171
2019-07-30,3605,213698,4790095,22.5,22.65,22.25,22.3,-0.2,122
2019-07-31,3605,131811,2916563,22.3,22.3,22.0,22.3,0.0,71
2019-08-01,3605,160608,3549746,22.0,22.35,21.95,22.35,0.05,81
2019-08-02,3605,426058,9238762,21.85,21.9,21.4,21.8,-0.55,208
2019-08-05,3605,141558,3043406,21.6,21.7,21.35,21.35,-0.45,96
2019-08-06,3605,298170,6221870,21.0,21.05,20.7,21.0,-0.35,144
2019-08-07,3605,150299,3229448,21.2,21.75,21.15,21.45,0.45,98
2019-08-08,3605,131384,2886053,21.5,22.1,21.5,22.05,0.6,78
2019-08-12,3605,238818,5297341,21.9,22.45,21.9,22.45,0.4,136
2019-08-13,3605,231503,5137888,22.45,22.5,21.85,21.85,-0.6,137
2019-08-14,3605,283050,6245597,22.05,22.2,21.95,22.0,0.15,122
2019-08-15,3605,72400,1566529,21.5,21.8,21.45,21.7,-0.3,49
2019-08-16,3605,217002,4725192,21.85,21.9,21.65,21.9,0.2,74
2019-08-19,3605,249132,5573314,22.1,22.75,22.1,22.55,0.65,144
2019-08-20,3605,181400,4085229,22.7,22.7,22.3,22.3,-0.25,78
2019-08-21,3605,272597,6037230,22.3,22.35,22.0,22.35,0.05,133
2019-08-22,3605,436485,9662943,22.5,22.6,22.0,22.0,-0.35,146
2019-08-23,3605,105200,2324538,22.0,22.25,21.9,22.1,0.1,73
2019-08-26,3605,212376,4727665,21.95,22.5,21.6,22.35,0.25,148
2019-08-27,3605,301002,6778694,22.2,22.7,22.2,22.7,0.35,180
2019-08-28,3605,461002,10412295,22.8,22.8,22.5,22.8,0.1,150
2019-08-29,3605,413533,9404800,22.7,22.9,22.6,22.9,0.1,149
2019-08-30,3605,349010,8024330,23.1,23.25,22.85,22.9,0.0,203
2019-09-02,3605,271019,6133718,22.9,22.9,22.55,22.6,-0.3,159
2019-09-03,3605,199597,4503948,22.75,22.75,22.45,22.6,0.0,123
2019-09-04,3605,159298,3631092,22.6,22.9,22.6,22.9,0.3,117
2019-09-05,3605,431541,9906193,22.95,23.15,22.85,23.15,0.25,220
2019-09-06,3605,271185,6271105,23.45,23.45,22.9,23.15,0.0,161
2019-09-09,3605,219298,5078254,23.25,23.3,23.05,23.15,0.0,109
2019-09-10,3605,160149,3674446,23.3,23.3,22.85,22.9,-0.25,80
2019-09-11,3605,4219438,104458361,23.3,25.15,23.1,25.15,2.25,1972
2019-09-12,3605,4148000,105561246,25.55,25.9,25.1,25.1,-0.05,2145
2019-09-16,3605,1038547,25667217,25.0,25.0,24.5,24.7,-0.4,550
2019-09-17,3605,735060,18162719,24.5,25.1,24.5,24.6,-0.1,405
2019-09-18,3605,737564,18368122,24.9,25.2,24.7,24.7,0.1,414
2019-09-19,3605,576002,14163449,25.0,25.0,24.25,24.3,-0.4,344
2019-09-20,3605,273460,6675227,24.3,24.65,24.25,24.45,0.15,135
2019-09-23,3605,538000,13202050,24.4,24.85,24.25,24.4,-0.05,249
2019-09-24,3605,483498,11650477,24.6,24.6,23.85,23.85,-0.55,275
2019-09-25,3605,360002,8599496,24.2,24.2,23.75,23.75,-0.1,200
2019-09-26,3605,327298,7810560,23.85,24.15,23.75,23.8,0.05,178
2019-09-27,3605,507102,11816920,23.8,23.8,23.05,23.25,-0.55,270
2019-10-01,3605,185000,4354600,23.9,23.9,23.4,23.5,0.25,119
2019-10-02,3605,196150,4602960,23.45,23.5,23.3,23.5,0.0,91
2019-10-03,3605,270000,6287500,23.45,23.45,23.2,23.2,-0.3,138
2019-10-04,3605,275100,6433435,23.35,23.55,23.25,23.25,0.05,147
2019-10-07,3605,1566600,38636689,23.5,25.1,23.5,24.65,1.4,903
2019-10-08,3605,485429,11899866,24.75,24.85,24.3,24.5,-0.15,268
2019-10-09,3605,600093,14761331,24.4,24.95,24.3,24.7,0.2,285
2019-10-14,3605,871817,21850314,25.0,25.4,24.75,25.15,0.45,428
2019-10-15,3605,2749935,71700849,25.85,26.5,25.5,25.5,0.35,1459
2019-10-16,3605,891200,22564349,25.5,25.65,25.2,25.3,-0.2,510
2019-10-17,3605,535129,13687576,25.4,25.8,25.3,25.5,0.2,320
2019-10-18,3605,1124194,29158914,25.55,26.15,25.55,26.0,0.5,628
2019-10-21,3605,1104413,29107438,26.2,26.7,26.1,26.1,0.1,573
2019-10-22,3605,538598,13928327,26.0,26.1,25.75,25.8,-0.3,322
2019-10-23,3605,569493,14766544,25.85,26.25,25.7,25.75,-0.05,328
2019-10-24,3605,377997,9788072,25.75,26.05,25.7,25.85,0.1,208
2019-10-25,3605,4827500,129889748,25.95,27.55,25.95,26.5,0.65,2370
2019-10-28,3605,3138744,85448335,26.8,27.8,26.35,27.3,0.8,1494
2019-10-29,3605,1815207,48403272,27.3,27.4,26.25,26.4,-0.9,920
2019-10-30,3605,592101,15742275,26.4,26.8,26.3,26.5,0.1,304
2019-10-31,3605,970717,25963483,26.8,27.2,26.3,26.45,-0.05,514
2019-11-01,3605,516091,13815651,26.55,27.0,26.4,27.0,0.55,296
2019-11-04,3605,1431627,39082464,27.3,27.6,26.9,26.9,-0.1,719
2019-11-05,3605,737801,19914192,27.05,27.35,26.75,26.9,0.0,423
2019-11-06,3605,1617000,43938900,27.05,27.65,26.55,26.7,-0.2,761
2019-11-07,3605,424000,11322500,26.6,26.85,26.5,26.8,0.1,248
2019-11-08,3605,11175901,313359659,27.85,28.8,27.0,28.05,1.25,5286
2019-11-11,3605,7186120,206892281,27.9,29.35,27.65,29.05,1.0,3706
2019-11-12,3605,5252193,151042111,28.6,29.35,28.15,29.35,0.3,2757
2019-11-13,3605,3636696,105210183,29.05,29.6,28.3,28.45,-0.9,1865
2019-11-14,3605,2298513,64337164,28.3,28.6,27.7,28.0,-0.45,1128
2019-11-15,3605,1614638,45997564,28.15,28.85,28.0,28.7,0.7,874
2019-11-18,3605,2872023,83506672,28.7,29.35,28.35,29.35,0.65,1416
2019-11-19,3605,7807031,230918905,29.5,30.0,28.8,29.5,0.15,3497
2019-11-20,3605,1792500,52080274,29.1,29.4,28.8,28.8,-0.7,994
2019-11-21,3605,1186500,33813225,28.8,28.8,28.25,28.55,-0.25,672
2019-11-22,3605,1494000,42933850,28.7,29.15,28.35,28.9,0.35,875
2019-11-25,3605,4897728,144988905,29.3,30.0,29.05,29.8,0.9,2239
2019-11-26,3605,4182400,123534199,29.95,29.95,29.25,29.25,-0.55,1996
2019-11-27,3605,1572352,46125448,29.35,29.6,29.1,29.15,-0.1,921
2019-11-28,3605,2129245,62801814,29.35,29.75,29.1,29.6,0.45,1025
2019-11-29,3605,5159636,151672312,29.7,30.0,28.65,28.85,-0.75,2345
2019-12-02,3605,2422671,67914569,28.85,29.0,27.2,27.8,-1.05,1348
2019-12-03,3605,873062,24392645,27.45,28.15,27.45,28.05,0.25,510
2019-12-04,3605,863299,24267916,27.9,28.4,27.7,28.05,0.0,436
2019-12-05,3605,2101507,60791876,28.35,29.3,28.35,29.25,1.2,1139
2019-12-06,3605,4039392,119334284,29.35,29.75,29.15,29.3,0.05,2089
2019-12-09,3605,997640,29212185,29.5,29.65,29.0,29.15,-0.15,549
2019-12-10,3605,906530,26424275,29.35,29.35,29.0,29.15,0.0,394
2019-12-11,3605,7529231,225878393,29.9,30.5,29.55,29.65,0.5,3564
2019-12-12,3605,2089920,61456357,29.5,29.7,29.05,29.2,-0.45,1154
2019-12-13,3605,1735259,50328183,29.3,29.5,28.65,28.9,-0.3,851
2019-12-16,3605,817545,23683841,28.7,29.15,28.7,28.95,0.05,405
2019-12-17,3605,1383684,40363460,28.95,29.45,28.85,28.95,0.0,604
2019-12-18,3605,674001,19597329,29.15,29.3,28.95,29.1,0.15,376
2019-12-19,3605,1076235,31671259,29.35,29.65,29.25,29.4,0.3,649
2019-12-20,3605,1412171,41897794,29.55,29.9,29.45,29.55,0.15,846
2019-12-23,3605,1820027,54181088,29.7,30.1,29.3,29.3,-0.25,950
2019-12-24,3605,887236,25827006,29.3,29.5,29.0,29.0,-0.3,491
2019-12-25,3605,1053986,31045585,29.05,29.65,29.05,29.6,0.6,542
2019-12-26,3605,3724484,111794495,29.95,30.4,29.55,29.55,-0.05,1705
2019-12-27,3605,9729626,304643497,29.65,32.5,29.65,32.45,2.9,4585
2019-12-30,3605,11595799,375753251,33.0,33.4,31.75,32.0,-0.45,6226
2019-12-31,3605,3832354,119901343,31.6,31.7,31.0,31.0,-1.0,2296
2020-01-02,3605,2318779,71992017,31.3,31.45,30.8,30.9,-0.1,1250
2020-01-03,3605,3062231,93446890,31.25,31.25,29.9,30.7,-0.2,1487
2020-01-06,3605,2032233,61570535,30.4,30.85,30.0,30.4,-0.3,896
2020-01-07,3605,2305354,69365320,30.5,30.85,29.7,29.7,-0.7,1294
2020-01-08,3605,2617591,75994527,29.55,29.55,28.85,28.85,-0.85,1209
2020-01-09,3605,1352402,39618127,29.3,29.7,29.05,29.05,0.2,670
2020-01-10,3605,1791468,53236646,29.45,30.25,29.05,29.6,0.55,1068
2020-01-13,3605,1981000,59965845,30.25,30.7,29.75,30.7,1.1,1031
2020-01-14,3605,1451292,44333395,30.8,30.85,30.4,30.45,-0.25,804
2020-01-15,3605,1157301,35153814,30.6,30.65,30.15,30.15,-0.3,593
2020-01-16,3605,583430,17625485,30.3,30.35,30.1,30.1,-0.05,370
2020-01-17,3605,983179,29910024,30.6,30.7,30.15,30.35,0.25,521
2020-01-20,3605,768430,23333300,30.4,30.6,30.25,30.25,-0.1,420
2020-01-30,3605,2595010,71198650,27.5,27.95,27.25,27.25,-3.0,1200
2020-01-31,3605,1733994,46187779,27.25,27.4,26.0,26.95,-0.3,919
2020-02-03,3605,2370370,60237916,25.5,25.9,24.6,25.75,-1.2,960
2020-02-04,3605,1541573,41380487,26.4,27.3,26.1,27.1,1.35,725
2020-02-05,3605,1025686,28077626,27.6,27.65,26.9,27.3,0.2,507
2020-02-06,3605,759435,21131398,27.8,28.0,27.6,27.8,0.5,438
2020-02-07,3605,898352,24478119,27.8,27.8,27.0,27.0,-0.8,479
2020-02-10,3605,716013,19117101,26.5,27.2,26.2,27.0,0.0,350
2020-02-11,3605,686163,18853675,27.2,27.75,27.15,27.45,0.45,369
2020-02-12,3605,949008,26344364,27.5,28.0,27.45,27.6,0.15,506
2020-02-13,3605,1124125,31301375,27.9,28.15,27.45,27.5,-0.1,633
2020-02-14,3605,547250,15056290,27.25,27.65,27.25,27.55,0.05,417
2020-02-17,3605,626664,17068429,27.15,27.4,27.05,27.25,-0.3,343
2020-02-18,3605,494102,13506327,27.2,27.7,27.15,27.2,-0.05,259
2020-02-19,3605,416036,11357622,27.3,27.4,27.2,27.25,0.05,274
2020-02-20,3605,411072,11292132,27.5,27.7,27.35,27.4,0.15,230
2020-02-21,3605,494274,13466570,27.6,27.6,27.15,27.2,-0.2,344
2020-02-24,3605,690200,18411520,27.1,27.1,26.55,26.7,-0.5,442
2020-02-25,3605,529343,13940185,26.05,26.55,26.0,26.4,-0.3,307
2020-02-26,3605,403986,10611777,26.05,26.65,26.0,26.25,-0.15,246
2020-02-27,3605,1185010,30435580,26.25,26.4,25.2,25.2,-1.05,569
2020-03-02,3605,1132011,28364197,24.8,25.5,24.6,25.1,-0.1,549
2020-03-03,3605,484194,12491622,25.85,26.1,25.5,25.65,0.55,327
2020-03-04,3605,480520,12301777,25.6,26.0,25.25,25.85,0.2,269
2020-03-05,3605,639205,16731248,26.1,26.3,26.0,26.05,0.2,388
2020-03-06,3605,396015,10170120,25.8,25.85,25.55,25.7,-0.35,227
2020-03-09,3605,1193597,29339503,25.15,25.25,24.05,24.1,-1.6,600
2020-03-10,3605,792016,18816766,23.5,24.25,23.4,24.25,0.15,402
2020-03-11,3605,583247,14017399,24.3,24.6,23.65,23.75,-0.5,331
2020-03-12,3605,1535203,34270853,23.35,23.35,21.8,21.9,-1.85,736
2020-03-13,3605,2375152,47337379,20.0,20.5,19.75,20.3,-1.6,958
2020-03-16,3605,1465996,28940870,20.5,20.6,19.1,19.1,-1.2,668
2020-03-17,3605,1120964,20918871,18.15,19.25,18.05,18.75,-0.35,533
2020-03-18,3605,800995,14809957,18.85,19.15,18.0,18.05,-0.7,488
2020-03-19,3605,1853580,30636422,17.7,17.7,16.25,16.25,-1.8,733
2020-03-20,3605,929100,16244174,16.65,17.8,16.65,17.6,1.35,553
2020-03-23,3605,517005,8707195,16.7,17.25,16.2,17.2,-0.4,252
2020-03-24,3605,399012,7227116,17.75,18.4,17.75,18.1,0.9,228
2020-03-25,3605,1344100,26182449,18.85,19.9,18.85,19.6,1.5,633
2020-03-26,3605,803008,15625868,19.85,19.85,19.1,19.55,-0.05,392
2020-03-27,3605,1976286,37838865,19.6,19.7,18.7,18.7,-0.85,900
2020-03-30,3605,555016,10040020,17.85,18.6,17.65,18.6,-0.1,333
2020-03-31,3605,352859,6631851,19.0,19.1,18.5,18.8,0.2,239
2020-04-01,3605,315032,5957461,18.6,19.1,18.6,19.0,0.2,182
2020-04-06,3605,393019,7483511,19.05,19.3,18.75,19.1,0.1,208
2020-04-07,3605,930278,18424986,19.4,20.25,19.35,20.05,0.95,479
2020-04-08,3605,758420,15474093,20.05,20.75,19.9,20.6,0.55,394
2020-04-09,3605,827706,17215300,20.75,21.2,20.45,20.7,0.1,414
2020-04-10,3605,344101,7087881,20.8,20.8,20.3,20.6,-0.1,195
2020-04-13,3605,1133134,24000327,20.9,21.65,20.75,21.1,0.5,589
2020-04-14,3605,5178191,117801014,21.15,23.2,21.15,22.95,1.85,2024
2020-04-15,3605,1686210,38509629,22.75,23.2,22.55,22.9,-0.05,875
2020-04-16,3605,738020,16792650,22.65,23.05,22.4,23.0,0.1,390
2020-04-17,3605,1676448,38851804,23.3,23.55,22.75,23.0,0.0,741
2020-04-20,3605,1293250,29163221,23.25,23.4,22.9,23.2,0.2,339
2020-04-21,3605,2147450,48549113,23.25,23.25,21.75,21.85,-1.35,628
2020-04-22,3605,904284,19397898,21.65,22.1,21.0,21.95,0.1,502
2020-04-23,3605,685062,15352371,22.4,22.75,22.1,22.2,0.25,361
2020-04-24,3605,332210,7384172,22.5,22.5,22.05,22.25,0.05,191
2020-04-27,3605,482923,10962806,22.5,22.95,22.5,22.75,0.5,277
2020-04-28,3605,606001,13961023,23.2,23.25,22.8,23.15,0.4,311
2020-04-29,3605,2378542,57040822,23.55,24.6,23.4,24.6,1.45,1041
2020-04-30,3605,6059002,152265748,25.1,25.6,24.6,24.65,0.05,2502
2020-05-04,3605,1795015,42514449,23.9,24.2,23.4,23.55,-1.1,907
2020-05-05,3605,1201805,28776308,24.2,24.2,23.65,23.8,0.25,537
2020-05-06,3605,743243,17767044,23.75,24.3,23.5,23.5,-0.3,353
2020-05-07,3605,632003,15170919,23.7,24.35,23.7,24.05,0.55,355
2020-05-08,3605,2078297,51312032,24.35,25.2,24.15,24.8,0.75,1156
2020-05-11,3605,1484194,36843738,24.9,25.2,24.4,25.05,0.25,697
2020-05-12,3605,3670155,93099482,25.3,26.1,25.1,25.1,0.05,1304
2020-05-13,3605,2696450,68812436,25.15,25.9,24.95,25.75,0.65,1300
2020-05-14,3605,3531210,85427856,24.0,24.8,23.8,23.85,-1.9,1557
2020-05-15,3605,1066189,25496136,24.0,24.25,23.6,24.05,0.2,544
2020-05-18,3605,625548,14972664,24.35,24.35,23.8,23.85,-0.2,243
2020-05-19,3605,757151,18048978,24.0,24.25,23.65,23.7,-0.15,444
2020-05-20,3605,348493,8305482,23.85,24.0,23.65,23.75,0.05,212
2020-05-21,3605,554120,13318618,24.0,24.25,23.9,23.95,0.2,346
2020-05-22,3605,535501,12857924,24.0,24.15,23.9,24.1,0.15,254
2020-05-25,3605,715294,17479741,24.15,24.95,24.1,24.45,0.35,395
2020-05-26,3605,616003,15081672,24.8,24.8,24.35,24.4,-0.05,337
2020-05-27,3605,1318350,32761767,24.5,25.1,24.45,25.05,0.65,702
2020-05-28,3605,1169000,29018150,25.05,25.2,24.35,24.7,-0.35,625
2020-05-29,3605,476500,11716749,24.6,24.9,24.35,24.4,-0.3,257
2020-06-01,3605,1773060,44615621,24.45,25.5,24.4,25.35,0.95,835
2020-06-02,3605,2739013,70490427,25.7,26.4,25.2,25.2,-0.15,1244
2020-06-03,3605,1888252,48622950,25.5,26.2,25.3,25.7,0.5,862
2020-06-04,3605,4617760,122760913,26.0,27.35,25.5,26.65,0.95,2266
2020-06-05,3605,1468125,38926642,26.4,26.9,26.2,26.4,-0.25,853
2020-06-08,3605,1720793,46027798,26.65,27.2,26.2,27.2,0.8,784
2020-06-09,3605,1290232,34781643,27.4,27.55,26.6,26.8,-0.4,650
2020-06-10,3605,1350148,35542791,26.55,26.7,26.0,26.45,-0.35,702
2020-06-11,3605,1745573,45240489,26.5,26.75,25.2,25.2,-1.25,902
2020-06-12,3605,1448149,35197799,24.0,24.75,23.95,24.45,-0.75,612
2020-06-15,3605,812273,19720906,24.4,24.65,24.0,24.1,-0.35,402
2020-06-16,3605,1100959,27478016,24.6,25.4,24.5,25.35,1.25,493
2020-06-17,3605,3880349,103457017,26.0,27.4,25.65,26.85,1.5,1717
2020-06-18,3605,3478557,96034533,27.55,28.15,27.0,27.95,1.1,1498
2020-06-19,3605,7837378,225657194,28.0,29.95,27.45,28.5,0.55,3104
2020-06-22,3605,4948452,144671634,29.8,29.85,28.4,28.4,-0.1,2332
2020-06-23,3605,2330773,64285162,28.4,28.5,27.0,27.05,-1.35,1223
2020-06-24,3605,3199180,90291031,27.5,28.8,27.3,28.05,1.0,1566
2020-06-29,3605,1396821,38895188,27.6,28.25,27.55,28.2,0.15,692
2020-06-30,3605,865111,24467362,28.5,28.8,28.05,28.1,-0.1,436
2020-07-01,3605,1885194,53650142,28.05,29.1,27.95,27.95,-0.15,848
2020-07-02,3605,1944416,55652032,28.05,29.1,28.05,28.6,0.65,946
2020-07-03,3605,1340581,38536835,29.1,29.2,28.4,28.65,0.05,677
2020-07-06,3605,1771738,50620704,28.9,28.9,28.4,28.5,-0.15,701
2020-07-07,3605,1864299,52289984,28.7,28.9,27.55,27.7,-0.8,937
2020-07-08,3605,2243284,64404833,27.95,29.1,27.95,28.85,1.15,1016
2020-07-09,3605,3121793,91094806,29.05,29.65,28.6,28.85,0.0,1328
2020-07-10,3605,1503003,41954681,28.95,28.95,27.15,27.65,-1.2,788
2020-07-13,3605,1754202,48402224,27.7,28.25,27.3,27.45,-0.2,781
2020-07-14,3605,1590100,42901360,27.85,27.85,26.5,26.65,-0.8,736
2020-07-15,3605,1267501,33913325,26.95,27.2,26.3,26.5,-0.15,579
2020-07-16,3605,1468566,38548016,26.7,26.85,25.7,26.1,-0.4,716
2020-07-17,3605,1423343,36674994,26.35,26.4,25.35,25.4,-0.7,627
2020-07-20,3605,1443826,37248026,25.5,26.3,25.25,26.15,0.75,620
2020-07-21,3605,1215054,31439277,26.0,26.15,25.65,25.65,0.0,487
2020-07-22,3605,5288515,145757493,26.1,28.2,26.1,28.2,2.55,2321
2020-07-23,3605,2642286,73500514,28.0,28.2,27.5,27.7,-0.5,1127
2020-07-24,3605,1564752,42775451,27.45,27.85,26.7,26.8,-0.9,740
2020-07-27,3605,921673,24178264,27.05,27.05,25.8,26.2,-0.6,561
2020-07-28,3605,1288404,32815640,26.4,26.5,24.95,25.1,-1.1,659
2020-07-29,3605,961597,24506003,25.3,25.85,24.95,25.7,0.6,423
2020-07-30,3605,413225,10803294,25.9,26.4,25.75,26.3,0.6,254
2020-07-31,3605,444278,11694169,26.4,26.45,26.05,26.25,-0.05,242
2020-08-03,3605,425298,11256231,26.3,26.7,26.2,26.6,0.35,229
2020-08-04,3605,479320,12787176,26.85,26.85,26.5,26.65,0.05,250
2020-08-05,3605,1683198,46297144,26.85,28.2,26.85,27.65,1.0,777
2020-08-06,3605,2140100,58176779,28.05,28.25,26.5,26.6,-1.05,874
2020-08-07,3605,1252148,33276337,26.85,27.15,26.1,26.95,0.35,635
2020-08-10,3605,1626894,44555380,27.0,27.7,26.8,27.25,0.3,871
2020-08-11,3605,7854342,225709290,28.05,29.4,27.7,28.2,0.95,4065
2020-08-12,3605,8442850,248984031,27.8,30.6,27.8,30.1,1.9,4266
2020-08-13,3605,9299312,274749867,30.5,30.55,28.3,28.65,-1.45,4519
2020-08-14,3605,2362492,67815842,28.7,29.05,28.35,28.65,0.0,1213
2020-08-17,3605,3860478,113527521,29.2,29.8,28.75,29.65,1.0,1917
2020-08-18,3605,7592201,229373706,30.55,31.2,29.4,29.5,-0.15,3535
2020-08-19,3605,8136463,249912081,29.6,31.45,29.55,30.75,1.25,4132
2020-08-20,3605,6952778,206070287,30.45,31.3,28.2,29.2,-1.55,3426
2020-08-21,3605,11195735,353209387,29.65,32.1,29.6,32.05,2.85,5267
2020-08-24,3605,14841609,477165020,32.95,33.85,30.8,33.7,1.65,7528
2020-08-25,3605,11751838,387421482,33.5,33.5,32.5,32.6,-1.1,6052
2020-08-26,3605,6663884,217503187,32.85,33.2,32.0,32.4,-0.2,3601
2020-08-27,3605,5591096,177752899,32.45,32.85,31.2,31.7,-0.7,2928
2020-08-28,3605,4973995,160151734,31.9,32.8,31.6,31.9,0.2,2801
2020-08-31,3605,6572844,214466852,32.2,33.2,31.95,33.0,1.1,3357
2020-09-01,3605,7558598,239175675,33.0,33.0,30.65,31.1,-1.9,3631
2020-09-02,3605,4291483,137107562,31.7,32.6,31.5,31.6,0.5,2219
2020-09-03,3605,1965014,62734089,31.95,32.2,31.65,31.85,0.25,1048
2020-09-04,3605,2123498,66532585,31.05,31.7,30.8,31.5,-0.35,1083
2020-09-07,3605,2826482,89036638,31.85,32.0,31.0,31.05,-0.45,1485
2020-09-08,3605,2618942,81314345,31.2,31.8,30.5,31.25,0.2,1288
2020-09-09,3605,1660682,52112448,30.8,31.8,30.65,31.8,0.55,938
2020-09-10,3605,8756442,287425679,32.1,33.8,31.95,32.1,0.3,4834
2020-09-11,3605,6068486,188126843,31.8,32.15,30.45,30.6,-1.5,3083
2020-09-14,3605,1813330,55444862,30.6,30.9,30.2,30.6,0.0,1029
2020-09-15,3605,1428015,44145454,30.65,31.35,30.6,30.6,0.0,830
2020-09-16,3605,4465549,140200887,31.0,31.8,30.75,31.35,0.75,1840
2020-09-17,3605,1565519,48926046,31.25,31.7,30.9,31.35,0.0,794
2020-09-18,3605,816166,25529137,31.55,31.65,31.05,31.15,-0.2,485
2020-09-21,3605,1908355,60146221,31.15,31.95,31.1,31.15,0.0,897
2020-09-22,3605,1292500,39723625,31.25,31.3,30.15,30.85,-0.3,794
2020-09-23,3605,1197649,37425147,31.15,31.7,30.65,30.9,0.05,663
2020-09-24,3605,2353338,71250490,30.8,31.0,30.0,30.05,-0.85,1017
2020-09-25,3605,2194101,64757989,30.45,30.55,28.65,29.6,-0.45,995
2020-09-28,3605,1768674,54309792,29.95,31.3,29.9,31.1,1.5,955
2020-09-29,3605,3782577,120436130,31.4,32.4,31.35,31.4,0.3,2126
2020-09-30,3605,811161,25494547,31.55,31.9,31.2,31.35,-0.05,478
2020-10-05,3605,2284597,73159692,31.85,32.35,31.5,32.1,0.75,1065
2020-10-06,3605,3189097,103874817,32.6,33.2,31.85,32.4,0.3,1711
2020-10-07,3605,1392181,44493067,32.35,32.4,31.55,31.55,-0.85,746
2020-10-08,3605,1332440,42521337,31.7,32.25,31.55,32.2,0.65,740
2020-10-12,3605,1730312,55528760,32.5,32.8,31.5,32.4,0.2,977
2020-10-13,3605,12544663,424718780,32.45,35.3,32.1,34.15,1.75,6899
2020-10-14,3605,9665194,331074996,34.5,35.2,33.05,34.2,0.05,5527
2020-10-15,3605,7108335,248173855,34.35,36.15,33.6,35.4,1.2,3882
2020-10-16,3605,6744007,231545281,35.1,35.15,33.25,33.3,-2.1,3792
2020-10-19,3605,2421729,80950456,33.3,34.05,32.85,33.55,0.25,1244
2020-10-20,3605,1004010,33463434,33.55,33.7,33.1,33.3,-0.25,559
2020-10-21,3605,2067407,70388684,33.7,34.6,33.5,33.75,0.45,1261
2020-10-22,3605,1028577,34652593,33.75,34.1,33.3,33.7,-0.05,554
2020-10-23,3605,3616096,124946338,34.05,35.0,33.9,34.95,1.25,1980
2020-10-26,3605,2885299,99703566,35.3,35.5,34.2,34.35,-0.6,1685
2020-10-27,3605,1812714,61876725,34.0,34.6,33.75,34.1,-0.25,881
2020-10-28,3605,2076607,70167196,34.25,34.3,33.3,33.3,-0.8,983
2020-10-29,3605,1689957,55379290,32.95,33.1,32.55,32.7,-0.6,910
2020-10-30,3605,1594040,52456193,32.7,33.3,32.3,32.3,-0.4,742
2020-11-02,3605,1488519,47898137,32.85,32.9,31.35,32.7,0.4,885
2020-11-03,3605,2040311,69225756,33.25,34.35,33.2,33.85,1.15,1121
2020-11-04,3605,3683739,127790409,34.3,35.2,33.75,35.2,1.35,1995
2020-11-05,3605,2029648,70571898,35.2,35.2,34.4,34.8,-0.4,1277
2020-11-06,3605,1747456,60255903,34.8,35.15,33.9,34.1,-0.7,994
2020-11-09,3605,6436749,230918222,34.55,36.75,34.3,36.3,2.2,3559
2020-11-10,3605,4158372,146958386,36.2,36.25,34.8,35.15,-1.15,2648
2020-11-11,3605,1667609,58101510,34.5,35.35,34.5,35.0,-0.15,1007
2020-11-12,3605,6805391,226411800,34.4,34.45,32.7,32.85,-2.15,3737
2020-11-13,3605,1217352,40098177,32.7,33.3,32.7,32.85,0.0,676
2020-11-16,3605,1696007,55225051,33.15,33.2,32.25,32.4,-0.45,1012
2020-11-17,3605,1487398,48917874,32.4,33.2,32.4,33.2,0.8,800
2020-11-18,3605,952336,31299449,33.2,33.25,32.6,32.7,-0.5,635
2020-11-19,3605,1088857,35471110,32.5,32.9,32.4,32.55,-0.15,669
2020-11-20,3605,2203311,70654434,32.7,32.7,31.85,31.95,-0.6,1401
2020-11-23,3605,1358330,43497360,32.0,32.4,31.75,32.0,0.05,797
2020-11-24,3605,1276037,40677749,32.0,32.2,31.7,31.75,-0.25,763
2020-11-25,3605,2663982,83327403,31.8,32.0,30.9,31.15,-0.6,1609
2020-11-26,3605,1569817,50163677,31.4,32.35,31.3,32.2,1.05,941
2020-11-27,3605,891007,28743750,32.2,32.4,32.0,32.25,0.05,512
2020-11-30,3605,1280919,40907347,32.25,32.35,31.6,31.7,-0.55,708
2020-12-01,3605,943111,29699596,31.8,31.95,31.25,31.5,-0.2,601
2020-12-02,3605,885307,28128589,31.6,32.05,31.55,31.6,0.1,578
2020-12-03,3605,863048,27151226,31.7,31.7,31.25,31.25,-0.35,529
2020-12-04,3605,726128,22688416,31.45,31.45,31.1,31.1,-0.15,445
2020-12-07,3605,997327,31501238,32.35,32.35,31.25,31.45,0.35,530
2020-12-08,3605,748522,23629258,31.5,31.8,31.35,31.6,0.15,424
2020-12-09,3605,1661366,53545230,31.8,32.6,31.65,32.4,0.8,996
2020-12-10,3605,1092949,35222775,32.45,32.65,31.8,32.0,-0.4,622
2020-12-11,3605,978005,30936194,32.4,32.6,31.1,31.35,-0.65,644
2020-12-14,3605,758710,24130242,31.7,32.25,31.45,31.7,0.35,447
2020-12-15,3605,933303,29101116,31.75,32.1,30.8,30.8,-0.9,566
2020-12-16,3605,1144262,35367883,30.9,31.2,30.75,30.8,0.0,551
2020-12-17,3605,736851,23160881,31.25,31.7,31.2,31.5,0.7,448
2020-12-18,3605,8390681,278786757,33.3,33.85,32.6,33.1,1.6,4281
2020-12-21,3605,8384631,287206549,32.85,35.5,32.4,34.9,1.8,4344
2020-12-22,3605,26971789,1013147434,36.1,38.35,35.15,37.7,2.8,11551
2020-12-23,3605,23411882,905424716,38.5,39.95,37.15,38.65,0.95,12414
2020-12-24,3605,12511290,491379163,38.65,40.4,38.35,39.0,0.35,6860
2020-12-25,3605,7861526,311043834,39.2,40.4,38.75,39.5,0.5,4264
2020-12-28,3605,13818116,584657731,41.2,43.45,40.0,42.15,2.65,7386
2020-12-29,3605,10033106,430136638,42.5,44.3,41.65,42.5,0.35,5659
2020-12-30,3605,4935739,211486943,42.9,43.8,42.3,42.9,0.4,2690
2020-12-31,3605,9226674,387004906,43.0,43.2,40.85,42.25,-0.65,5045
2021-01-04,3605,15038771,682750615,43.0,46.45,42.6,46.45,4.2,7880
2021-01-05,3605,17702238,837668130,46.8,48.85,45.4,46.7,0.25,10067
2021-01-06,3605,10491636,470874195,46.3,47.3,42.9,44.55,-2.15,5969
2021-01-07,3605,5728923,258821350,46.0,46.5,44.15,44.75,0.2,3353
2021-01-08,3605,6115931,268029927,45.2,45.3,42.6,44.25,-0.5,3527
2021-01-11,3605,3725127,166514961,44.4,45.35,44.05,44.9,0.65,2332
2021-01-12,3605,5178999,221760409,44.9,44.9,41.8,42.3,-2.6,3011
2021-01-13,3605,2770805,120099620,43.0,43.75,43.0,43.05,0.75,1719
2021-01-14,3605,3243874,142485829,43.05,44.85,42.7,43.9,0.85,2015
2021-01-15,3605,8490590,379414684,43.9,46.0,42.5,45.7,1.8,5089
2021-01-18,3605,6269776,278825737,45.2,45.4,43.2,45.2,-0.5,3825
2021-01-19,3605,5156658,229328856,45.65,45.9,43.8,44.1,-1.1,3024
2021-01-20,3605,5845904,252964490,43.6,45.1,41.6,41.6,-2.5,3468
2021-01-21,3605,4257687,180253182,42.3,43.05,41.65,42.0,0.4,2514
2021-01-22,3605,2229886,93313760,42.0,42.7,41.0,42.05,0.05,1315
2021-01-25,3605,2784372,114983439,41.5,42.45,40.1,42.15,0.1,1784
2021-01-26,3605,3055854,128642934,42.15,43.7,41.2,41.55,-0.6,1677
2021-01-27,3605,1372748,56952660,41.6,42.15,41.15,41.5,-0.05,891
2021-01-28,3605,2518088,106487543,40.8,42.95,40.7,42.1,0.6,1597
2021-01-29,3605,3761106,155730306,42.35,43.0,40.1,40.4,-1.7,2058
2021-02-01,3605,1804916,71681531,40.4,40.7,38.9,40.05,-0.35,1082
2021-02-02,3605,1213854,49821625,40.4,41.7,40.2,41.45,1.4,779
2021-02-03,3605,1234079,51817807,41.65,42.6,41.25,41.65,0.2,781
2021-02-04,3605,640762,26824733,41.9,42.25,41.5,41.75,0.1,431
2021-02-05,3605,1247282,52529947,42.0,42.6,41.65,42.1,0.35,802
2021-02-17,3605,1460360,62664107,42.6,43.25,42.6,43.1,1.0,1004
2021-02-18,3605,6233089,277556912,44.1,45.65,43.55,44.35,1.25,3743
2021-02-19,3605,3315877,148070909,44.0,45.45,43.3,45.35,1.0,2027
2021-02-22,3605,10166056,483198203,47.6,49.2,46.0,47.25,1.9,5963
2021-02-23,3605,4549597,215954559,47.2,48.9,45.5,47.65,0.4,2956
2021-02-24,3605,4104084,193726148,48.3,48.85,45.85,46.15,-1.5,2688
2021-02-25,3605,3222383,148393824,46.5,47.2,45.45,45.6,-0.55,1901
2021-02-26,3605,3505739,163024188,44.8,47.3,44.5,46.9,1.3,2170
2021-03-02,3605,3733932,172398320,47.15,48.1,45.0,45.1,-1.8,2506
2021-03-03,3605,2391062,108584227,44.65,46.35,43.65,45.65,0.55,1626
2021-03-04,3605,1193288,54242099,45.1,46.25,44.7,44.9,-0.75,893
2021-03-05,3605,2015987,89810074,44.5,45.45,44.05,44.2,-0.7,1213
2021-03-08,3605,2453709,111225872,44.9,46.3,44.2,45.2,1.0,1562
2021-03-09,3605,2907798,128024366,45.35,45.35,43.4,43.7,-1.5,1772
2021-03-10,3605,2144634,96686304,44.4,45.8,44.05,45.25,1.55,1365
2021-03-11,3605,2087009,96210846,45.3,46.7,45.3,46.4,1.15,1359
2021-03-12,3605,1285786,59349041,46.9,46.9,45.65,45.9,-0.5,828
2021-03-15,3605,1638192,76226205,46.1,47.2,45.45,46.45,0.55,1078
2021-03-16,3605,1436511,66099719,46.85,46.85,45.6,45.6,-0.85,945
2021-03-17,3605,1986248,91822468,45.85,46.95,45.25,45.85,0.25,1257
2021-03-18,3605,17869751,880755001,46.65,50.4,46.15,50.4,4.55,8643
2021-03-19,3605,15498109,749065350,50.0,50.2,47.3,47.5,-2.9,9124
2021-03-22,3605,5243677,244333490,47.6,47.8,46.25,46.25,-1.25,3113
2021-03-23,3605,5099935,230577107,46.6,46.6,44.6,44.7,-1.55,3271
2021-03-24,3605,2034835,91177114,44.7,45.35,44.1,44.95,0.25,1378
2021-03-25,3605,1858931,82641694,44.95,45.0,44.1,44.15,-0.8,1237
2021-03-26,3605,3037910,138342793,44.6,46.25,44.35,46.1,1.95,1951
2021-03-29,3605,2013908,91728453,46.05,46.1,45.25,45.5,-0.6,1427
2021-03-30,3605,3046283,136436076,44.5,45.4,44.3,45.2,-0.3,1904
2021-03-31,3605,1984963,89780149,45.1,45.9,44.7,45.05,-0.15,1324
2021-04-01,3605,2708252,124231436,45.45,46.45,45.25,45.7,0.65,1677
2021-04-06,3605,3504397,163556919,46.1,47.3,45.8,46.7,1.0,2083
2021-04-07,3605,3354777,157901958,46.8,47.75,46.15,47.5,0.8,2057
2021-04-08,3605,2822783,133895600,47.5,47.95,47.05,47.05,-0.45,1771
2021-04-09,3605,3353455,160203021,47.5,48.35,47.05,47.7,0.65,1959
2021-04-12,3605,5800188,284476234,48.3,49.95,48.2,49.25,1.55,3205
2021-04-13,3605,5068523,240573697,49.25,49.25,45.95,46.2,-3.05,3107
2021-04-14,3605,3669089,165655044,46.4,46.6,44.1,45.45,-0.75,2363
2021-04-15,3605,1622537,74389244,45.5,46.3,45.5,45.75,0.3,1113
2021-04-16,3605,2166921,101357145,46.0,47.5,45.9,46.6,0.85,1511
2021-04-19,3605,2383394,113243858,47.0,48.3,46.6,47.65,1.05,1641
2021-04-20,3605,1309522,62220454,47.65,47.95,46.85,47.55,-0.1,911
2021-04-21,3605,3768575,181387745,47.55,48.85,46.7,48.65,1.1,2284
2021-04-22,3605,5456838,258438837,49.75,49.8,45.4,46.15,-2.5,3337
2021-04-23,3605,1302441,59880722,46.2,46.5,45.35,46.0,-0.15,861
2021-04-26,3605,1247287,57615350,46.3,46.8,45.6,46.15,0.15,863
2021-04-27,3605,2121498,98563217,46.35,47.45,45.7,45.8,-0.35,1395
2021-04-28,3605,1184129,54471823,45.9,46.7,45.45,45.85,0.05,785
2021-04-29,3605,2086049,94423067,46.0,46.1,44.85,44.95,-0.9,1264
2021-05-03,3605,3532902,152953237,44.95,44.95,42.1,42.15,-2.8,1837
2021-05-04,3605,3914165,155876543,41.75,42.55,37.95,40.3,-1.85,1904
2021-05-05,3605,1252467,50451788,40.3,41.5,39.0,39.75,-0.55,760
2021-05-06,3605,1093060,43757530,40.0,40.7,39.35,40.25,0.5,720
2021-05-07,3605,1009321,41541521,40.65,41.8,40.4,41.8,1.55,686
2021-05-10,3605,1496113,61418723,42.95,42.95,40.3,40.75,-1.05,1001
2021-05-11,3605,6984687,304889066,42.2,44.8,41.5,42.4,1.65,3821
2021-05-12,3605,5010181,202466304,43.3,43.65,38.2,39.0,-3.4,2980
2021-05-13,3605,1936082,73633945,36.6,39.6,36.15,38.25,-0.75,1315
2021-05-14,3605,1738109,67911475,39.0,40.4,38.3,38.55,0.3,992
2021-05-17,3605,3207771,114170508,35.15,37.7,34.7,34.8,-3.75,1498
2021-05-18,3605,2464423,92431849,35.45,38.25,35.45,38.25,3.45,1158
2021-05-19,3605,2550523,101972621,38.25,41.15,38.25,40.55,2.3,1431
2021-05-20,3605,1174105,46845945,40.1,40.8,39.15,39.45,-1.1,742
2021-05-21,3605,1141194,46204845,40.0,40.95,39.85,40.75,1.3,640
2021-05-24,3605,1206316,50221808,40.15,42.5,40.05,42.05,1.3,806
2021-05-25,3605,1515087,64963225,43.0,43.4,42.4,42.45,0.4,824
2021-05-26,3605,1162928,50161709,42.45,43.6,42.2,43.05,0.6,680
2021-05-27,3605,794196,34235555,43.05,43.6,42.6,43.05,0.0,519
2021-05-28,3605,786115,34292199,43.6,43.9,43.25,43.65,0.6,432
2021-05-31,3605,2633088,118269266,44.55,45.7,44.5,45.15,1.5,1588
2021-06-01,3605,1934531,88658224,45.7,46.3,45.05,46.0,0.85,1270
2021-06-02,3605,3783898,176634604,46.85,47.6,45.5,46.35,0.35,2279
2021-06-03,3605,2374514,110532391,46.4,47.1,46.0,46.35,0.0,1385
2021-06-04,3605,1849707,86352932,46.15,47.05,46.0,46.75,0.4,1135
2021-06-07,3605,3693475,171330602,47.2,48.0,45.4,45.55,-1.2,2212
2021-06-08,3605,1710524,79190731,45.7,46.95,45.6,46.65,1.1,946
2021-06-09,3605,2535509,119143290,46.8,47.45,46.4,46.7,0.05,1479
2021-06-10,3605,3894217,185085743,46.9,48.0,46.7,47.85,1.15,2250
2021-06-11,3605,6590945,300973888,47.3,47.3,44.85,44.9,-2.95,3939
2021-06-15,3605,1326770,59553890,45.05,45.3,44.55,44.7,-0.2,937
2021-06-16,3605,1814022,79353926,44.7,45.05,43.8,44.05,-0.65,1053
2021-06-17,3605,785467,34998988,43.9,45.0,43.7,44.95,0.9,502
2021-06-18,3605,821580,37086892,45.0,45.55,44.75,45.0,0.05,564
2021-06-21,3605,1578749,69811679,44.85,45.05,43.5,44.55,-0.45,1052
2021-06-22,3605,2730800,125273292,45.1,46.45,44.8,45.5,0.95,1534
2021-06-23,3605,2305022,107085054,46.5,46.85,45.65,46.8,1.3,1420
2021-06-24,3605,11157467,542614532,47.8,49.85,47.3,47.55,0.75,6541
2021-06-25,3605,7057045,342196351,47.8,49.45,46.7,49.45,1.9,4070
2021-06-28,3605,23462450,1248100993,51.4,54.3,51.1,54.3,4.85,11869
2021-06-29,3605,16306330,845380149,54.5,54.6,49.7,51.4,-2.9,9817
2021-06-30,3605,5214541,270358550,51.0,52.8,51.0,51.8,0.4,3327
2021-07-01,3605,4685334,236890065,51.9,52.3,49.3,50.3,-1.5,3026
2021-07-02,3605,3105364,158773529,50.5,52.3,49.85,52.1,1.8,1932
2021-07-05,3605,4973922,260293620,53.0,53.3,51.2,52.8,0.7,3017
2021-07-06,3605,5112934,269858801,53.0,54.4,51.6,51.9,-0.9,3181
2021-07-07,3605,3255601,171124504,51.9,53.4,51.8,52.4,0.5,1844
2021-07-08,3605,15403357,856925391,53.2,57.6,53.0,57.6,5.2,9047
2021-07-09,3605,16292282,951705429,56.1,60.5,55.4,59.3,1.7,9885
2021-07-12,3605,14765276,902879855,60.0,63.8,58.6,62.1,2.8,8705
2021-07-13,3605,12795861,777742460,61.5,63.5,57.5,58.5,-3.6,7152
2021-07-14,3605,7583187,454712099,60.0,61.5,58.0,60.0,1.5,4492
2021-07-15,3605,4292096,256673386,60.0,61.3,58.5,61.3,1.3,2849
2021-07-16,3605,3867338,234969254,59.6,62.4,59.6,59.7,-1.6,2318
2021-07-19,3605,3103820,188528339,59.7,61.8,59.0,61.1,1.4,1968
2021-07-20,3605,5873903,357703777,60.0,63.3,59.2,60.2,-0.9,3724
2021-07-21,3605,10093272,634041810,61.7,65.8,60.8,64.8,4.6,6305
2021-07-22,3605,11666657,718905150,64.0,64.1,58.6,59.3,-5.5,7355
2021-07-23,3605,6105479,362799417,59.3,60.8,57.7,59.0,-0.3,3739
2021-07-26,3605,3589697,216250091,59.9,62.2,59.3,60.3,1.3,2058
2021-07-27,3605,3545814,208516943,60.6,60.8,57.6,57.6,-2.7,2175
2021-07-28,3605,4730830,265187414,57.2,58.3,53.5,57.7,0.1,2775
2021-07-29,3605,2492254,143183424,58.6,59.1,56.3,56.9,-0.8,1652
2021-07-30,3605,3463284,195807465,56.9,58.4,55.0,55.1,-1.8,1967
2021-08-02,3605,2215000,126832904,55.5,58.3,55.5,58.1,3.0,1399
2021-08-03,3605,1295998,75104728,58.1,58.9,57.2,57.8,-0.3,945
2021-08-04,3605,5367776,320554733,58.4,60.6,58.2,60.0,2.2,3537
2021-08-05,3605,2217836,132272533,60.0,60.5,59.1,59.5,-0.5,1589
2021-08-06,3605,2467320,145030752,60.0,60.3,57.6,57.6,-1.9,1609
2021-08-09,3605,2006339,114404485,57.7,58.8,56.0,56.5,-1.1,1335
2021-08-10,3605,1531443,85803453,56.7,57.2,55.0,56.0,-0.5,996
2021-08-11,3605,1858304,102356075,55.8,56.6,54.0,54.2,-1.8,1158
2021-08-12,3605,2108837,119219217,54.9,57.7,54.5,57.2,3.0,1414
2021-08-13,3605,2249611,124330074,56.5,57.2,53.7,53.7,-3.5,1477
2021-08-16,3605,1872501,99680779,53.4,55.0,51.7,53.8,0.1,1149
2021-08-17,3605,1836649,97227357,54.9,55.1,51.4,51.5,-2.3,1167
2021-08-18,3605,1858334,97138094,50.5,54.3,50.1,53.8,2.3,1142
2021-08-19,3605,911848,47978833,53.3,53.8,51.5,51.5,-2.3,680
2021-08-20,3605,1074527,55517029,52.2,52.5,50.9,51.3,-0.2,700
2021-08-23,3605,979508,51755905,52.3,53.3,52.1,52.8,1.5,713
2021-08-24,3605,1212863,64536939,53.8,53.8,52.7,52.8,0.0,795
2021-08-25,3605,2148349,114842379,52.9,54.4,52.5,54.2,1.4,1154
2021-08-26,3605,1215731,64272479,53.9,54.0,52.0,52.2,0.0,834
2021-08-27,3605,812882,42251501,52.0,52.9,51.2,51.6,-0.6,581
2021-08-30,3605,1226737,63272936,51.7,52.6,50.8,51.7,0.1,885
2021-08-31,3605,838312,43450550,51.9,52.5,51.2,52.1,0.4,530
2021-09-01,3605,1828828,96953161,52.0,53.8,52.0,53.5,1.4,1140
2021-09-02,3605,1245253,65626729,53.0,53.6,52.1,52.2,-1.3,835
2021-09-03,3605,1081383,57269124,52.6,53.6,52.3,52.9,0.7,736
2021-09-06,3605,2214460,113477312,53.1,53.3,50.0,50.0,-2.9,1529
2021-09-07,3605,1643536,82098385,50.0,51.1,48.85,50.6,0.6,1004
2021-09-08,3605,1527367,75069319,50.5,50.5,48.5,48.6,-2.0,986
2021-09-09,3605,880765,43593341,48.6,49.95,48.55,49.6,1.0,604
2021-09-10,3605,776279,38285865,49.75,50.3,49.0,49.6,0.0,590
2021-09-13,3605,1937112,98635177,50.4,51.6,50.0,50.7,1.1,1439
2021-09-14,3605,1002053,50924023,51.0,51.3,49.95,51.0,0.3,700
2021-09-15,3605,743990,37352478,50.6,50.7,49.95,50.2,-0.8,604
2021-09-16,3605,1364285,67532790,50.4,50.7,48.9,49.2,-1.0,998
2021-09-17,3605,1238015,60856053,49.5,49.55,48.8,49.35,0.15,900
2021-09-22,3605,1818371,86194963,47.8,48.1,47.0,47.2,-2.15,1132
2021-09-23,3605,769168,36695952,48.2,48.3,47.25,47.4,0.2,596
2021-09-24,3605,1173656,57043522,47.7,49.0,47.7,48.55,1.15,726
2021-09-27,3605,649585,31270220,48.55,48.95,47.65,47.8,-0.75,515
2021-09-28,3605,1851322,85929379,47.3,47.3,45.85,46.55,-1.25,1153
2021-09-29,3605,2411826,108691297,45.2,45.55,44.65,44.7,-1.85,1451
2021-09-30,3605,1148609,51762726,44.75,45.5,44.35,45.45,0.75,774
2021-10-01,3605,2127404,92797343,44.85,44.85,42.7,42.75,-2.7,1517
2021-10-04,3605,2004504,84497320,43.0,43.45,41.4,41.55,-1.2,1383
2021-10-05,3605,2326607,99508348,40.9,44.6,40.4,44.1,2.55,1721
2021-10-06,3605,1334456,57843209,44.55,44.55,42.65,42.65,-1.45,1112
2021-10-07,3605,1310631,57819236,42.95,44.7,42.95,44.2,1.55,628
2021-10-08,3605,579130,25504734,44.0,44.8,43.65,43.85,-0.35,505
2021-10-12,3605,709331,30590889,43.85,44.35,42.5,42.5,-1.35,517
2021-10-13,3605,728805,30325048,42.4,42.6,41.1,41.25,-1.25,603
2021-10-14,3605,710823,29788346,41.7,42.5,41.2,42.35,1.1,475
2021-10-15,3605,624660,27195131,43.0,43.9,42.9,43.4,1.05,499
2021-10-18,3605,496053,21177952,43.4,43.75,42.2,42.25,-1.15,415
2021-10-19,3605,635623,27540137,42.75,43.7,42.55,43.4,1.15,516
2021-10-20,3605,486025,21020665,43.9,43.9,42.9,43.35,-0.05,409
2021-10-21,3605,744315,32430433,43.45,44.2,42.95,43.05,-0.3,539
2021-10-22,3605,1886265,83263906,43.2,45.25,42.8,45.2,2.15,1220
2021-10-25,3605,2711707,120781382,45.5,45.8,43.7,44.1,-1.1,1871
2021-10-26,3605,2452262,110194350,44.35,45.45,44.35,44.85,0.75,1202
2021-10-27,3605,1387435,63014530,44.9,46.05,44.55,46.0,1.15,1070
2021-10-28,3605,1442073,66058730,46.0,46.5,45.2,45.5,-0.5,927
2021-10-29,3605,3392741,159680106,45.8,47.8,45.6,47.45,1.95,1858
2021-11-01,3605,5136296,250857943,49.0,49.45,48.15,48.85,1.4,3643
2021-11-02,3605,3041802,144971190,49.0,49.15,46.75,47.1,-1.75,2137
2021-11-03,3605,1351478,63499772,47.35,47.8,46.5,47.0,-0.1,962
2021-11-04,3605,2633281,125993222,47.1,48.65,47.05,47.75,0.75,1770
2021-11-05,3605,1358596,64257446,48.0,48.0,46.95,47.15,-0.6,993
2021-11-08,3605,1123886,52254975,47.45,47.45,46.05,46.45,-0.7,822
2021-11-09,3605,1273377,60578700,46.9,48.3,46.9,47.4,0.95,953
2021-11-10,3605,859338,40731661,47.9,47.9,47.0,47.75,0.35,585
2021-11-11,3605,960965,45608755,47.05,47.9,47.05,47.45,-0.3,614
2021-11-12,3605,12594027,639620201,47.9,52.1,47.7,51.3,3.85,6365
2021-11-15,3605,9326301,458324169,51.2,51.2,47.8,48.4,-2.9,6354
2021-11-16,3605,2724103,130412384,48.7,48.8,47.15,47.45,-0.95,1853
2021-11-17,3605,2031456,98023038,47.95,48.85,47.65,48.15,0.7,1344
2021-11-18,3605,5694349,283353432,49.15,50.4,48.8,49.7,1.55,3698
2021-11-19,3605,3472128,173146031,50.0,50.7,49.3,50.1,0.0,2193
2021-11-22,3605,9941427,521820798,50.8,53.8,50.7,53.4,3.3,6274
2021-11-23,3605,6590253,343395459,52.5,53.0,51.1,51.5,-1.9,4159
2021-11-24,3605,2413939,125181503,51.5,52.5,51.1,52.0,0.5,1801
2021-11-25,3605,9539437,504276091,53.0,54.5,50.5,50.5,-1.5,5550
2021-11-26,3605,2761316,138521221,50.1,51.0,49.3,50.0,-0.5,1977
2021-11-29,3605,2449262,118684600,48.2,49.5,47.2,48.85,-1.15,1724
2021-11-30,3605,1647537,82071417,48.9,50.5,48.9,49.8,0.95,1098
2021-12-01,3605,4317349,222811672,49.8,52.6,49.05,51.9,2.1,2832
2021-12-02,3605,2518698,128785532,52.0,52.3,50.2,50.8,-1.1,1914
2021-12-03,3605,1100025,55852703,51.0,51.3,50.4,50.5,-0.3,874
2021-12-06,3605,1037269,51842065,49.75,50.5,49.7,49.95,-0.55,824
2021-12-07,3605,2284733,112054047,50.3,50.4,48.5,48.65,-1.3,1681
2021-12-08,3605,1324791,65079532,49.35,49.6,48.65,49.1,0.45,892
2021-12-09,3605,947326,46753726,49.0,49.9,48.85,48.85,-0.25,741
2021-12-10,3605,816405,39630269,48.85,49.1,47.85,48.5,-0.35,701
2021-12-13,3605,2133764,106766582,49.45,50.7,49.3,50.1,1.6,1678
2021-12-14,3605,1302148,63959194,50.5,50.5,48.6,48.7,-1.4,969
2021-12-15,3605,593541,29076549,48.75,49.25,48.7,49.1,0.4,394
2021-12-16,3605,882649,43815220,49.4,50.0,49.4,49.5,0.4,551
2021-12-17,3605,1150224,55772210,49.2,49.3,48.05,48.1,-1.4,901
2021-12-20,3605,529168,25466120,48.1,48.6,48.0,48.0,-0.1,522
2021-12-21,3605,2275350,107937547,47.9,47.9,46.95,47.55,-0.45,2076
2021-12-22,3605,1822070,88625182,47.8,49.15,47.75,48.45,0.9,1683
2021-12-23,3605,4889555,245568871,48.9,50.9,48.9,50.9,2.45,3373
2021-12-24,3605,5033776,254290181,51.6,52.0,49.35,49.7,-1.2,7378
2021-12-27,3605,8583646,445040258,49.8,53.1,49.8,52.1,2.4,5325
2021-12-28,3605,10161456,538280362,51.9,54.3,51.5,52.6,0.5,6800
2021-12-29,3605,7414873,395156166,53.2,54.5,52.4,53.0,0.4,6001
2021-12-30,3605,3263261,170640182,53.0,53.5,51.7,52.0,-1.0,2900
2022-01-03,3605,3091232,161321325,52.6,53.3,51.0,51.0,-1.0,2186
2022-01-04,3605,1870046,95195208,51.8,51.8,50.3,50.9,-0.1,1746
2022-01-05,3605,1346156,68148787,50.9,51.5,50.2,50.4,-0.5,961
2022-01-06,3605,1462829,72866609,50.0,50.4,49.35,50.1,-0.3,1160
2022-01-07,3605,2404988,117763077,50.5,50.5,48.3,48.95,-1.15,2730
2022-01-10,3605,665892,32703069,48.5,49.6,48.5,49.1,0.15,897
2022-01-11,3605,2287233,110039673,48.55,48.65,47.3,47.7,-1.4,2372
2022-01-12,3605,3795735,178176945,47.5,47.95,46.35,47.3,-0.4,2957
2022-01-13,3605,1464159,69478275,47.65,48.1,47.1,47.35,0.05,1348
2022-01-14,3605,1312590,60693811,47.15,47.2,45.75,46.45,-0.9,1076
2022-01-17,3605,919824,43128815,46.6,47.3,46.45,47.1,0.65,777
2022-01-18,3605,936873,44394381,47.1,48.0,46.85,47.0,-0.1,1926
2022-01-19,3605,808132,37630498,46.9,47.0,46.3,46.5,-0.5,812
2022-01-20,3605,1878907,89728476,47.0,48.2,47.0,48.0,1.5,1225
2022-01-21,3605,1206100,56782922,47.2,47.45,46.7,47.3,-0.7,839
2022-01-24,3605,1195944,55123627,46.9,47.25,45.5,46.35,-0.95,1298
2022-01-25,3605,734348,33805975,46.0,46.5,45.8,46.15,-0.2,558
2022-01-26,3605,456038,20971227,46.35,46.6,45.7,45.95,-0.2,383
2022-02-07,3605,536637,24916228,46.35,47.15,45.85,46.9,0.95,535
2022-02-08,3605,560830,26664099,46.9,47.9,46.9,47.65,0.75,632
2022-02-09,3605,6744038,337583935,48.1,51.0,48.1,50.0,2.35,3501
2022-02-10,3605,3286295,164623218,50.0,50.6,49.5,50.2,0.2,2554
2022-02-11,3605,1669857,83791214,49.6,51.1,49.55,50.2,0.0,1230
2022-02-14,3605,1262606,61923500,49.9,49.9,48.45,49.15,-1.05,1378
2022-02-15,3605,8751829,453313013,50.2,52.5,50.0,51.7,2.55,5673
2022-02-16,3605,10180223,540761732,53.2,53.8,52.1,53.4,1.7,6316
2022-02-17,3605,11506658,617862013,53.5,55.2,52.1,52.2,-1.2,7883
2022-02-18,3605,3934762,208175813,51.8,53.5,51.8,53.0,0.8,2891
2022-02-21,3605,2041032,107443649,52.7,53.1,52.1,52.7,-0.3,1742
2022-02-22,3605,3620344,190962198,52.3,53.8,51.5,53.5,0.8,2311
2022-02-23,3605,3900603,208170118,54.1,54.1,52.5,53.3,-0.2,2630
2022-02-24,3605,7054591,359724057,52.6,53.2,49.7,49.75,-3.55,4151
2022-02-25,3605,3555268,181655673,50.9,51.8,50.3,51.2,1.45,1833
2022-03-01,3605,8627733,461660121,52.0,54.3,51.5,54.0,2.8,4398
2022-03-02,3605,10678239,583320264,53.9,55.5,53.6,54.8,0.8,6648
2022-03-03,3605,7803018,424413868,54.9,56.0,53.3,53.4,-1.4,4761
2022-03-04,3605,3303092,174359961,52.8,54.0,52.0,52.3,-1.1,2044
2022-03-07,3605,3088959,156919525,51.9,51.9,50.2,50.3,-2.0,1936
2022-03-08,3605,3441960,171020620,49.6,51.3,48.6,48.7,-1.6,2012
2022-03-09,3605,1804904,88647649,49.7,49.8,48.6,48.8,0.1,1181
2022-03-10,3605,1471452,73806692,49.7,50.8,49.7,49.9,1.1,1005
2022-03-11,3605,2646117,128888409,49.5,49.7,48.05,48.2,-1.7,1829
2022-03-14,3605,1646757,79186485,48.55,48.8,47.55,48.05,-0.15,1072
2022-03-15,3605,2111189,99372475,48.5,48.5,46.65,46.7,-1.35,1352
2022-03-16,3605,1031804,48699992,47.6,47.7,46.8,47.25,0.55,840
2022-03-17,3605,1438600,70094366,48.2,49.25,48.05,48.9,1.65,1107
2022-03-18,3605,883225,42941442,49.25,49.25,48.25,48.75,-0.15,1183
2022-03-21,3605,778454,38227922,49.0,49.5,48.85,49.1,0.35,586
2022-03-22,3605,547469,26946337,48.95,49.6,48.9,49.35,0.25,431
2022-03-23,3605,2342335,118263324,49.8,51.4,49.5,50.8,1.45,1563
2022-03-24,3605,1606934,82007075,50.8,51.5,50.3,51.0,0.2,1079
2022-03-25,3605,901997,45826743,51.7,51.7,50.3,50.5,-0.5,770
2022-03-28,3605,742579,37143261,50.5,50.5,49.45,50.3,-0.2,547
2022-03-29,3605,719166,36122808,50.8,51.3,49.8,50.0,-0.3,585
2022-03-30,3605,1050763,53281276,50.5,51.1,50.1,50.6,0.6,684
2022-03-31,3605,7727189,363661330,48.5,48.8,46.25,46.65,-3.95,5083
2022-04-01,3605,1742059,81133280,46.65,47.2,46.3,46.7,0.05,1221
2022-04-06,3605,687312,31896693,46.55,46.65,46.0,46.55,-0.15,591
2022-04-07,3605,1237954,56859492,46.55,46.8,45.2,45.3,-1.25,998
2022-04-08,3605,594604,27016273,45.4,45.9,45.3,45.35,0.05,633
2022-04-11,3605,2092828,91082200,45.05,45.1,42.55,42.9,-2.45,1907
2022-04-12,3605,856874,37151661,43.75,43.8,42.65,43.25,0.35,631
2022-04-13,3605,1054495,46963823,43.7,45.3,43.65,45.3,2.05,781
2022-04-14,3605,659432,29506397,45.35,45.35,44.45,44.75,-0.55,589
2022-04-15,3605,619382,27120687,44.6,44.6,43.55,43.55,-1.2,498
2022-04-18,3605,533588,22937443,43.4,43.4,42.7,42.95,-0.6,414
2022-04-19,3605,511046,22395272,43.4,44.2,43.4,43.8,0.85,432
2022-04-20,3605,512801,22437002,43.95,44.05,43.4,43.85,0.05,446
2022-04-21,3605,520904,23068281,43.95,44.55,43.95,44.45,0.6,416
2022-04-22,3605,540002,23765191,44.2,44.5,43.7,44.5,0.05,409
2022-04-25,3605,934654,39525401,43.85,43.85,41.9,41.9,-2.6,909
2022-04-26,3605,390811,16561377,42.4,42.75,41.9,42.4,0.5,396
2022-04-27,3605,942274,38535169,41.4,41.6,40.2,41.15,-1.25,708
2022-04-28,3605,412334,17209692,41.4,42.3,41.0,42.0,0.85,400
2022-04-29,3605,421076,17708903,42.9,42.9,41.5,41.5,-0.5,352
2022-05-03,3605,446738,18354687,41.6,41.7,40.6,41.05,-0.45,349
2022-05-04,3605,420934,17621077,41.15,42.25,41.15,42.1,1.05,342
2022-05-05,3605,382852,16294638,42.7,43.0,42.1,42.25,0.15,401
2022-05-06,3605,330611,13610160,41.1,41.6,40.9,41.6,-0.65,288
2022-05-09,3605,703093,28273760,41.1,41.1,39.9,39.9,-1.7,545
2022-05-10,3605,492421,19808802,39.1,41.0,38.85,40.95,1.05,368
2022-05-11,3605,322922,13243247,40.55,41.5,40.55,40.75,-0.2,296
2022-05-12,3605,455209,18312940,40.5,41.35,39.2,39.25,-1.5,391
2022-05-13,3605,338560,13506933,39.7,40.3,39.5,39.6,0.35,249
2022-05-16,3605,740928,30310129,40.7,41.55,40.4,40.5,0.9,507
2022-05-17,3605,393142,16287769,40.65,41.7,40.65,41.55,1.05,315
2022-05-18,3605,367394,15318007,41.9,42.2,41.4,41.4,-0.15,293
2022-05-19,3605,334165,13631128,40.35,41.45,40.3,41.35,-0.05,265
2022-05-20,3605,754171,31684628,41.45,42.6,41.3,42.2,0.85,526
2022-05-23,3605,535519,22422065,42.4,42.4,41.5,41.5,-0.7,386
2022-05-24,3605,337398,13881156,41.95,41.95,40.55,40.55,-0.95,284
2022-05-25,3605,264036,10831625,40.75,41.3,40.7,41.05,0.5,222
2022-05-26,3605,322987,13427187,41.4,41.9,41.2,41.3,0.25,259
2022-05-27,3605,177103,7396751,41.75,42.0,41.6,41.65,0.35,241
2022-05-30,3605,345085,14572240,42.05,42.35,42.0,42.2,0.55,273
2022-05-31,3605,304390,12897438,42.05,42.5,42.05,42.4,0.2,248
2022-06-01,3605,534963,22920201,42.55,43.15,42.45,42.65,0.25,370
2022-06-02,3605,317640,13418764,42.35,42.7,41.95,41.95,-0.7,262
2022-06-06,3605,137482,5764318,41.95,42.45,41.75,41.95,0.0,133
2022-06-07,3605,159249,6699286,41.95,42.4,41.7,42.0,0.05,128
2022-06-08,3605,1252706,53894213,42.25,43.8,42.2,42.4,0.4,851
2022-06-09,3605,225998,9655717,42.4,43.05,42.35,42.8,0.4,204
2022-06-10,3605,289638,12282198,42.7,42.75,42.15,42.25,-0.55,272
2022-06-13,3605,463305,19049125,41.5,41.55,40.85,40.95,-1.3,388
2022-06-14,3605,420224,16995708,40.5,41.15,40.0,41.05,0.1,326
2022-06-15,3605,363191,15040457,41.4,41.75,40.9,41.05,0.0,310
2022-06-16,3605,586904,24454151,41.5,42.6,40.5,40.5,-0.55,471
2022-06-17,3605,1350050,52843848,39.85,40.4,38.7,39.15,-1.35,946
2022-06-20,3605,978058,37334190,39.3,39.45,37.0,37.0,-2.15,672
2022-06-21,3605,699363,27206924,38.25,39.65,37.8,39.55,2.55,508
2022-06-22,3605,638324,24299380,39.5,39.5,37.3,37.65,-1.9,544
2022-06-23,3605,618753,23652023,38.1,38.65,37.7,38.4,0.75,399
2022-06-24,3605,317656,12422218,38.6,39.55,38.6,38.7,0.3,251
2022-06-27,3605,495273,19688630,39.5,40.05,39.3,39.95,1.25,313
2022-06-28,3605,212291,8396829,40.1,40.1,39.3,39.5,-0.45,166
2022-06-29,3605,200933,7865685,38.9,39.5,38.8,39.4,-0.1,152
2022-06-30,3605,533836,20308294,39.6,39.7,37.5,37.5,-1.9,432
2022-07-01,3605,1550832,54630382,37.4,37.4,33.8,33.9,-3.6,1044
2022-07-04,3605,547165,18590788,33.7,34.8,33.45,33.55,-0.35,391
2022-07-05,3605,418662,14418567,34.75,35.1,33.9,34.8,1.25,289
2022-07-06,3605,279031,9499234,34.8,34.8,33.7,33.75,-1.05,266
2022-07-07,3605,760698,26475297,34.0,35.8,33.25,35.45,1.7,485
2022-07-08,3605,602759,21714298,35.1,36.5,35.1,36.5,1.05,441
2022-07-11,3605,961618,35810698,37.3,37.75,36.9,37.2,0.7,703
2022-07-12,3605,479036,17228660,36.4,36.65,35.5,35.55,-1.65,378
2022-07-13,3605,493119,17963808,36.6,36.85,36.05,36.2,0.65,296
2022-07-14,3605,486841,18073515,36.2,37.65,36.1,37.65,1.45,355
2022-07-15,3605,392410,14867101,37.65,38.35,37.15,38.2,0.55,302
2022-07-18,3605,335960,12966964,38.5,38.9,38.3,38.65,0.45,284
2022-07-19,3605,241537,9344823,38.6,38.9,38.2,38.85,0.2,235
2022-07-20,3605,452378,17603371,39.2,39.5,38.3,38.3,-0.55,361
2022-07-21,3605,435017,17057690,39.0,39.6,38.9,39.4,1.1,290
2022-07-22,3605,185737,7309682,39.1,39.65,39.05,39.35,-0.05,178
2022-07-25,3605,187811,7374370,39.4,39.6,38.9,39.4,0.05,163
2022-07-26,3605,174709,6784862,39.4,39.4,38.5,38.8,-0.6,157
2022-07-27,3605,178157,6949046,38.8,39.25,38.55,39.15,0.35,147
2022-07-28,3605,161226,6300488,39.8,39.8,38.8,38.8,-0.35,146
2022-07-29,3605,210469,8248929,39.35,39.45,39.0,39.0,0.2,131
2022-08-01,3605,118147,4621943,39.05,39.25,39.0,39.05,0.05,102
2022-08-02,3605,330481,12604180,38.9,38.9,37.9,37.95,-1.1,244
2022-08-03,3605,284219,10691713,37.85,38.1,37.1,37.15,-0.8,237
2022-08-04,3605,271658,10002462,37.3,37.6,36.15,37.1,-0.05,210
2022-08-05,3605,192462,7289110,37.3,38.15,37.3,38.05,0.95,159
2022-08-08,3605,211340,7992108,37.5,38.25,37.25,38.05,0.0,127
2022-08-09,3605,170619,6526519,38.05,38.5,37.8,38.35,0.3,131
2022-08-10,3605,166214,6369875,38.0,38.5,38.0,38.25,-0.1,148
2022-08-11,3605,374156,14351959,38.6,38.85,38.1,38.1,-0.15,264
2022-08-12,3605,439963,16935049,38.5,38.7,38.3,38.45,0.35,335
2022-08-15,3605,872110,34281086,38.7,39.9,38.7,39.35,0.9,587
2022-08-16,3605,348775,13176801,38.0,38.0,37.6,37.75,0.0,300
2022-08-17,3605,185893,7029253,37.75,38.0,37.6,37.85,0.1,147
2022-08-18,3605,150715,5704390,37.95,38.1,37.65,37.8,-0.05,162
2022-08-19,3605,247572,9441601,37.8,38.35,37.8,38.0,0.2,190
2022-08-22,3605,230845,8704357,37.8,38.1,37.5,37.55,-0.45,183
2022-08-23,3605,187513,6950585,37.2,37.3,36.85,37.1,-0.45,163
2022-08-24,3605,146497,5487060,37.4,37.7,37.35,37.35,0.25,154
2022-08-25,3605,185081,6919321,37.6,37.8,36.6,37.35,0.0,172
2022-08-26,3605,266374,10113541,37.55,38.2,37.55,37.95,0.6,228
2022-08-29,3605,311266,11395169,37.3,37.3,36.25,36.65,-1.3,296
2022-08-30,3605,180716,6623988,36.5,36.85,36.4,36.8,0.15,149
2022-08-31,3605,125409,4651442,36.65,37.4,36.55,37.35,0.55,110
2022-09-01,3605,240512,8842509,36.65,37.15,36.6,36.65,-0.7,190
2022-09-02,3605,296868,11042803,36.75,37.5,36.75,37.15,0.5,212
2022-09-05,3605,351944,12852769,37.05,37.1,36.3,36.3,-0.85,277
2022-09-06,3605,499554,17632601,36.2,36.2,34.8,35.0,-1.3,462
2022-09-07,3605,212946,7367434,34.95,35.0,34.3,34.55,-0.45,196
2022-09-08,3605,155805,5481245,34.85,35.45,34.8,35.45,0.9,141
2022-09-12,3605,200240,7163684,35.6,36.1,35.6,35.75,0.3,165
2022-09-13,3605,131453,4696594,35.55,35.95,35.55,35.8,0.05,133
2022-09-14,3605,141264,4967539,35.2,35.3,34.95,35.25,-0.55,176
2022-09-15,3605,135424,4781797,35.2,35.55,35.1,35.1,-0.15,129
2022-09-16,3605,211847,7358224,35.1,35.1,34.55,34.55,-0.55,170
2022-09-19,3605,277829,9453923,34.6,34.6,33.8,33.8,-0.75,206
2022-09-20,3605,127701,4344591,33.9,34.3,33.8,33.85,0.05,114
2022-09-21,3605,218850,7365968,33.55,33.9,33.5,33.65,-0.2,176
2022-09-22,3605,139738,4669619,33.75,33.75,33.2,33.4,-0.25,112
2022-09-23,3605,252039,8443789,33.55,33.75,33.25,33.3,-0.1,164
2022-09-26,3605,775490,24148069,32.8,32.8,30.3,30.3,-3.0,600
2022-09-27,3605,373499,11274361,29.8,30.55,29.8,30.4,0.1,259
2022-09-28,3605,569773,16651433,30.3,30.65,28.6,28.6,-1.8,437
2022-09-29,3605,322618,9551771,29.1,29.9,29.05,29.65,1.05,239
2022-09-30,3605,186208,5465054,29.0,29.7,28.8,29.6,-0.05,186
2022-10-03,3605,77694,2276602,28.75,29.6,28.75,29.3,-0.3,113
2022-10-04,3605,188669,5655237,29.9,30.3,29.6,30.3,1.0,152
2022-10-05,3605,304292,9328078,31.3,31.3,30.15,30.3,0.0,218
2022-10-06,3605,77097,2340839,30.8,30.8,30.15,30.35,0.05,73
2022-10-07,3605,70960,2141651,30.0,30.45,30.0,30.05,-0.3,75
2022-10-11,3605,254504,7346178,29.5,29.5,28.6,29.0,-1.05,210
2022-10-12,3605,106177,3101727,29.0,29.6,28.75,29.15,0.15,84
2022-10-13,3605,604960,17071723,29.25,29.25,27.3,27.3,-1.85,374
2022-10-14,3605,413951,11851709,27.95,29.0,27.95,28.95,1.65,317
2022-10-17,3605,189189,5308637,28.3,28.65,27.7,28.65,-0.3,234
2022-10-18,3605,159361,4607740,28.8,29.15,28.65,29.0,0.35,141
2022-10-19,3605,130608,3788841,29.0,29.4,28.8,28.9,-0.1,97
2022-10-20,3605,149757,4244209,28.9,28.9,28.0,28.4,-0.5,125
2022-10-21,3605,190577,5361919,28.2,28.45,27.95,28.05,-0.35,131
2022-10-24,3605,140440,4056653,28.65,29.15,28.6,28.75,0.7,115
2022-10-25,3605,106408,3058305,28.95,28.95,28.35,28.5,-0.25,91
2022-10-26,3605,125201,3589767,28.7,29.0,28.4,28.4,-0.1,90
2022-10-27,3605,1062585,31956519,29.15,30.8,29.05,30.05,1.65,777
2022-10-28,3605,281897,8362928,30.1,30.15,29.25,29.45,-0.6,223
2022-10-31,3605,260781,7814690,30.0,30.2,29.5,30.2,0.75,187
2022-11-01,3605,432290,13330466,30.2,31.15,30.0,30.9,0.7,268
2022-11-02,3605,174917,5422626,30.9,31.15,30.6,30.95,0.05,198
2022-11-03,3605,165361,5098909,30.5,31.0,30.45,30.95,0.0,146
2022-11-04,3605,240844,7536096,31.15,31.65,30.75,31.65,0.7,206
2022-11-07,3605,141224,4465609,31.7,31.95,31.4,31.45,-0.2,222
2022-11-08,3605,214237,6738286,31.5,31.85,31.0,31.05,-0.4,169
2022-11-09,3605,305251,9553739,31.75,31.75,31.0,31.2,0.15,238
2022-11-10,3605,191587,5926998,31.25,31.4,30.75,30.95,-0.25,146
2022-11-11,3605,402538,12486422,31.6,31.65,30.8,30.9,-0.05,282
2022-11-14,3605,298776,9292025,31.25,31.35,30.85,31.1,0.2,226
2022-11-15,3605,277504,8676177,31.1,31.5,31.05,31.4,0.3,186
2022-11-16,3605,357772,11324135,31.55,31.9,31.2,31.8,0.4,274
2022-11-17,3605,283353,9043108,31.8,32.35,31.6,32.15,0.35,243
2022-11-18,3605,328946,10515870,32.15,32.6,31.55,31.55,-0.6,231
2022-11-21,3605,207533,6450576,31.55,31.55,30.8,30.8,-0.75,165
2022-11-22,3605,162160,4940035,30.95,30.95,30.3,30.4,-0.4,165
2022-11-23,3605,168624,5187695,30.5,31.0,30.45,30.8,0.4,121
2022-11-24,3605,118466,3681598,31.0,31.3,30.85,31.3,0.5,121
2022-11-25,3605,301353,9364127,31.35,31.45,30.9,30.9,-0.4,220
2022-11-28,3605,81033,2509418,30.6,31.15,30.6,31.05,0.15,74
2022-11-29,3605,421591,13147535,31.0,31.6,30.65,31.45,0.4,153
2022-11-30,3605,1165069,37662151,31.6,32.9,31.5,32.25,0.8,703
2022-12-01,3605,2654491,89605295,32.25,34.95,32.2,34.7,2.45,1547
2022-12-02,3605,1163783,40027361,34.35,34.8,34.1,34.65,-0.05,1154
2022-12-05,3605,775786,27198874,34.8,35.5,34.7,34.85,0.2,486
2022-12-06,3605,379888,13022620,34.6,34.85,33.9,34.0,-0.85,388
2022-12-07,3605,367105,12289315,33.65,34.0,33.1,33.2,-0.8,284
2022-12-08,3605,128553,4295067,33.2,33.7,33.1,33.6,0.4,120
2022-12-09,3605,171591,5765420,34.0,34.0,33.3,33.4,-0.2,129
2022-12-12,3605,89947,2963224,33.15,33.15,32.6,33.1,-0.3,96
2022-12-13,3605,128713,4242967,33.1,33.15,32.7,32.9,-0.2,111
2022-12-14,3605,149030,4977290,33.0,33.55,33.0,33.5,0.6,128
2022-12-15,3605,118473,3948752,33.5,33.75,33.2,33.2,-0.3,108
2022-12-16,3605,215746,7097337,32.9,33.15,32.7,32.8,-0.4,148
2022-12-19,3605,173065,5684411,32.75,33.2,32.45,33.2,0.4,114
2022-12-20,3605,375788,12295015,33.3,33.3,32.25,32.4,-0.8,191
2022-12-21,3605,113802,3690855,32.5,32.6,32.3,32.3,-0.1,72
2022-12-22,3605,145548,4732203,32.3,32.7,32.3,32.4,0.1,91
2022-12-23,3605,111276,3560368,32.4,32.4,31.85,32.0,-0.4,104
2022-12-26,3605,66053,2118592,31.9,32.25,31.9,32.1,0.1,56
2022-12-27,3605,106372,3456661,32.45,32.7,32.2,32.6,0.5,108
2022-12-28,3605,208012,6687604,32.5,32.5,31.9,31.9,-0.7,130
2022-12-29,3605,48037,1529214,31.95,31.95,31.65,31.85,-0.05,55
2022-12-30,3605,51092,1635135,32.0,32.2,31.9,31.9,0.05,59
2023-01-03,3605,100448,3176819,31.9,31.9,31.35,31.7,-0.2,115
2023-01-04,3605,88897,2846161,31.7,32.2,31.7,32.0,0.3,87
2023-01-05,3605,137248,4380618,32.1,32.4,31.75,31.8,-0.2,177
2023-01-06,3605,107181,3415461,31.8,32.0,31.75,32.0,0.2,61
2023-01-09,3605,123661,3982059,32.5,32.5,32.0,32.25,0.25,109
2023-01-10,3605,217259,7044535,32.2,32.65,32.2,32.35,0.1,145
2023-01-11,3605,144897,4655432,32.35,32.35,32.0,32.0,-0.35,122
2023-01-12,3605,154831,4940578,32.0,32.05,31.75,31.85,-0.15,107
2023-01-13,3605,120866,3815727,32.0,32.0,31.3,31.35,-0.5,121
2023-01-16,3605,191874,5972447,31.3,31.5,30.9,31.2,-0.15,153
2023-01-17,3605,160512,4979338,31.2,31.4,30.9,31.15,-0.05,141
2023-01-30,3605,157511,5004658,31.25,32.0,31.25,32.0,0.85,167
2023-01-31,3605,219404,7123132,31.75,32.75,31.75,32.65,0.65,194
2023-02-01,3605,402407,13314734,32.85,33.65,32.65,33.65,1.0,317
2023-02-02,3605,518750,17615215,34.2,34.25,33.65,34.0,0.35,329
2023-02-03,3605,230534,7766737,34.2,34.25,33.5,33.55,-0.45,307
2023-02-06,3605,118184,3955201,33.6,33.6,33.35,33.4,-0.15,148
2023-02-07,3605,86492,2905098,33.75,33.75,33.4,33.5,0.1,136
2023-02-08,3605,242831,8221758,33.75,34.05,33.6,33.9,0.4,207
2023-02-09,3605,155310,5247393,33.9,34.0,33.65,33.7,-0.2,184
2023-02-10,3605,321658,10610767,33.7,33.7,32.7,32.7,-1.0,293
2023-02-13,3605,88258,2878496,32.7,32.95,32.35,32.55,-0.15,134
2023-02-14,3605,122158,4042790,32.8,33.35,32.8,33.3,0.75,144
2023-02-15,3605,893929,30417482,33.55,34.4,33.45,33.95,0.65,632
2023-02-16,3605,908061,31365176,34.15,34.8,34.0,34.45,0.5,632
2023-02-17,3605,255189,8731997,34.25,34.35,34.1,34.3,-0.15,191
2023-02-20,3605,192339,6614259,34.4,34.5,34.3,34.35,0.05,209
2023-02-21,3605,371156,12768729,34.35,34.55,34.25,34.35,0.0,278
2023-02-22,3605,266785,9039608,34.35,34.35,33.7,33.95,-0.4,255
2023-02-23,3605,282479,9725552,34.1,34.8,34.0,34.7,0.75,205
2023-02-24,3605,193844,6686674,34.8,34.8,34.3,34.4,-0.3,177
2023-03-01,3605,126005,4288066,34.0,34.25,33.9,34.0,-0.4,164
2023-03-02,3605,259813,8787139,34.0,34.1,33.7,33.85,-0.15,185
2023-03-03,3605,252522,8665369,33.85,34.6,33.85,34.35,0.5,195
2023-03-06,3605,434746,15185560,34.7,35.15,34.5,34.9,0.55,357
2023-03-07,3605,290201,10180271,34.95,35.3,34.9,35.1,0.2,251
2023-03-08,3605,405449,14185206,34.9,35.3,34.8,35.1,0.0,340
2023-03-09,3605,414984,14544985,35.25,35.5,34.8,34.8,-0.3,321
2023-03-10,3605,376265,12877607,34.6,34.7,33.95,34.0,-0.8,289
2023-03-13,3605,244793,8141756,33.8,33.8,32.95,33.55,-0.45,269
2023-03-14,3605,223265,7431609,33.4,33.55,33.05,33.35,-0.2,169
2023-03-15,3605,347485,11837376,33.6,34.4,33.55,34.0,0.65,232
2023-03-16,3605,254133,8425106,33.6,33.7,32.75,32.9,-1.1,229
2023-03-17,3605,161973,5367388,33.0,33.35,33.0,33.05,0.15,143
2023-03-20,3605,174665,5791868,33.05,33.45,32.85,33.35,0.3,174
2023-03-21,3605,178908,6000244,33.35,33.7,33.35,33.6,0.25,177
2023-03-22,3605,418278,14191331,33.65,34.05,33.65,33.8,0.2,281
2023-03-23,3605,353174,11884411,33.75,33.85,33.35,33.6,-0.2,367
2023-03-24,3605,1126655,37611074,34.0,34.0,33.2,33.25,-0.35,787
2023-03-27,3605,1670887,52680179,32.5,32.5,31.15,31.65,-1.6,1139
2023-03-28,3605,573864,17980228,31.6,31.6,31.15,31.3,-0.35,396
2023-03-29,3605,253787,7959504,31.3,31.7,31.25,31.45,0.15,219
2023-03-30,3605,234712,7385560,31.6,31.8,31.3,31.35,-0.1,222
2023-03-31,3605,282708,8855163,31.4,31.5,31.2,31.4,0.05,231
2023-04-06,3605,398748,12385664,31.2,31.3,30.75,31.0,-0.4,347
2023-04-07,3605,304606,9397905,30.6,31.1,30.6,30.9,-0.1,256
2023-04-10,3605,194763,6091922,31.0,31.5,30.9,31.4,0.5,174
2023-04-11,3605,206599,6509307,31.5,31.65,31.35,31.55,0.15,175
2023-04-12,3605,222150,6970988,31.5,31.5,31.15,31.4,-0.15,235
2023-04-13,3605,324452,10281248,31.6,31.85,31.45,31.7,0.3,261
2023-04-14,3605,273357,8701427,31.8,31.95,31.75,31.75,0.05,249
2023-04-17,3605,205272,6491077,31.9,31.9,31.5,31.55,-0.2,257
2023-04-18,3605,253629,8055227,31.6,32.15,31.6,31.6,0.05,229
2023-04-19,3605,165312,5236627,31.75,31.85,31.6,31.65,0.05,163
2023-04-20,3605,303888,9538177,31.5,31.75,31.25,31.3,-0.35,254
2023-04-21,3605,359297,11065743,31.4,31.4,30.5,30.65,-0.65,323
2023-04-24,3605,126146,3869194,30.5,30.8,30.5,30.65,0.0,160
2023-04-25,3605,270438,8183362,30.85,30.85,30.0,30.1,-0.55,297
2023-04-26,3605,155772,4675991,30.0,30.15,29.95,29.95,-0.15,191
2023-04-27,3605,110479,3322236,30.0,30.2,29.95,30.05,0.1,107
2023-04-28,3605,93117,2816971,30.25,30.55,30.15,30.15,0.1,148
2023-05-02,3605,80993,2446084,30.2,30.3,30.15,30.25,0.1,132
2023-05-03,3605,86065,2587576,30.15,30.2,30.0,30.1,-0.15,123
2023-05-04,3605,128712,3855669,29.95,30.1,29.8,30.0,-0.1,124
2023-05-05,3605,256192,7750232,30.0,30.6,30.0,30.1,0.1,159
2023-05-08,3605,175956,5285290,30.2,30.2,29.95,30.0,-0.1,198
2023-05-09,3605,1266823,35885849,29.3,29.3,27.85,28.35,-1.65,808
2023-05-10,3605,166187,4667331,28.1,28.25,27.95,28.1,-0.25,140
2023-05-11,3605,430276,12185759,28.1,28.95,28.05,28.35,0.25,292
2023-05-12,3605,140950,3977624,28.6,28.6,28.0,28.15,-0.2,109
2023-05-15,3605,146402,4103099,28.45,28.45,27.9,28.0,-0.15,158
2023-05-16,3605,106573,2996524,28.0,28.3,28.0,28.1,0.1,98
2023-05-17,3605,246448,7040729,28.1,28.8,28.1,28.7,0.6,218
2023-05-18,3605,192604,5581653,28.8,29.2,28.8,28.85,0.15,173
2023-05-19,3605,141459,4101977,28.85,29.25,28.85,28.9,0.05,104
2023-05-22,3605,149233,4356720,29.1,29.45,29.0,29.15,0.25,124
2023-05-23,3605,149843,4394657,29.6,29.6,29.05,29.2,0.05,118
2023-05-24,3605,142573,4150257,29.2,29.35,29.0,29.05,-0.15,118
2023-05-25,3605,98791,2880335,29.05,29.45,29.05,29.1,0.05,84
2023-05-26,3605,136291,3957274,29.15,29.15,28.95,29.0,-0.1,101
2023-05-29,3605,390991,11467613,29.0,29.65,29.0,29.55,0.55,230
2023-05-30,3605,410028,12385812,29.35,30.8,29.35,30.2,0.65,329
2023-05-31,3605,293662,8935129,30.2,30.8,30.0,30.35,0.15,254
2023-06-01,3605,258917,7791496,30.3,30.35,30.0,30.05,-0.3,212
2023-06-02,3605,270168,8103811,29.9,30.15,29.9,30.05,0.0,233
2023-06-05,3605,275872,8407148,30.05,30.8,30.0,30.4,0.35,195
2023-06-06,3605,105705,3199265,30.45,30.65,30.15,30.25,-0.15,104
2023-06-07,3605,246823,7432776,30.25,30.45,30.0,30.0,-0.25,237
2023-06-08,3605,184702,5528373,30.0,30.05,29.9,29.9,-0.1,119
2023-06-09,3605,158970,4762168,29.9,30.05,29.85,29.95,0.05,140
2023-06-12,3605,218586,6526852,30.0,30.0,29.7,29.7,-0.25,167
2023-06-13,3605,257942,7818816,30.0,30.7,30.0,30.25,0.55,211
2023-06-14,3605,110553,3360889,30.5,30.5,30.3,30.4,0.15,102
2023-06-15,3605,247816,7534629,30.8,30.8,30.1,30.25,-0.15,194
2023-06-16,3605,219351,6591418,30.05,30.15,29.95,30.0,-0.25,159
2023-06-19,3605,188576,5604953,29.5,30.0,29.5,29.75,-0.25,153
2023-06-20,3605,117037,3464943,29.95,29.95,29.45,29.65,-0.1,119
2023-06-21,3605,156577,4686737,29.65,30.5,29.45,30.2,0.55,117
2023-06-26,3605,126373,3805041,30.5,30.5,29.95,30.0,-0.2,105
2023-06-27,3605,183202,5448266,29.95,29.95,29.55,29.65,-0.35,160
2023-06-28,3605,70935,2106397,29.8,29.8,29.6,29.65,0.0,74
2023-06-29,3605,230340,6860386,29.85,30.0,29.5,29.55,-0.1,144
2023-06-30,3605,96971,2868892,29.6,29.75,29.5,29.6,0.05,121
2023-07-03,3605,86138,2561128,29.6,29.9,29.6,29.65,0.05,94
2023-07-04,3605,402996,12166931,29.55,30.45,29.55,30.35,0.7,266
2023-07-05,3605,277792,8395588,30.25,30.45,30.0,30.15,-0.2,230
2023-07-06,3605,161602,4886583,30.15,30.4,30.1,30.2,0.05,122
2023-07-07,3605,189076,5655082,30.15,30.2,29.65,29.85,-0.35,149
2023-07-10,3605,155989,4667192,29.85,30.15,29.7,29.95,0.1,96
2023-07-11,3605,212147,6343313,29.95,30.1,29.75,29.9,-0.05,146
2023-07-12,3605,360443,10638962,29.9,29.95,29.3,29.3,-0.6,287
2023-07-13,3605,241666,7092051,29.4,29.5,29.15,29.25,-0.05,153
2023-07-14,3605,164563,4859704,29.3,29.75,29.3,29.65,0.4,112
2023-07-17,3605,286466,8548680,29.9,30.05,29.65,30.0,0.35,188
2023-07-18,3605,1180086,36768059,30.0,31.95,30.0,31.7,1.7,1044
2023-07-19,3605,1016459,31722116,31.95,32.05,30.65,30.9,-0.8,694
2023-07-20,3605,236640,7275085,30.75,31.0,30.6,30.75,-0.15,169
2023-07-21,3605,251872,7782763,30.8,31.25,30.65,30.8,0.05,225
2023-07-24,3605,278511,8595782,31.1,31.1,30.6,30.6,-0.2,255
2023-07-25,3605,265879,8123943,30.7,30.8,30.35,30.5,-0.1,191
2023-07-26,3605,188898,5744785,30.7,30.75,30.15,30.2,-0.3,183
2023-07-27,3605,392911,12007609,30.15,30.75,30.15,30.65,0.45,189
2023-07-28,3605,179269,5445075,30.65,30.65,30.3,30.3,-0.35,142
2023-07-31,3605,230485,6964174,30.35,30.4,30.0,30.05,-0.25,209
2023-08-01,3605,143142,4290965,30.1,30.1,29.9,30.0,-0.05,131
2023-08-02,3605,353441,10459675,30.0,30.2,29.3,29.4,-0.6,298
2023-08-04,3605,101397,2975125,29.25,29.5,29.1,29.4,0.0,96
2023-08-07,3605,108097,3187673,29.4,29.9,29.3,29.55,0.15,83
2023-08-08,3605,106389,3125431,29.9,29.9,29.25,29.3,-0.25,114
2023-08-09,3605,81679,2388239,29.3,29.4,29.15,29.2,-0.1,86
2023-08-10,3605,186248,5409074,29.6,29.6,28.95,29.05,-0.15,163
2023-08-11,3605,136351,3947826,29.1,29.1,28.8,28.85,-0.2,115
2023-08-14,3605,267604,7480238,28.8,28.8,27.6,27.85,-1.0,286
2023-08-15,3605,149520,4177691,27.65,28.1,27.65,27.85,0.0,117
2023-08-16,3605,220749,6064474,27.65,27.65,27.35,27.5,-0.35,210
2023-08-17,3605,273865,7354703,27.35,27.35,26.55,27.0,0.0,193
2023-08-18,3605,188133,5054863,27.0,27.05,26.7,26.8,-0.2,127
2023-08-21,3605,144012,3868041,26.85,27.0,26.7,26.8,0.0,101
2023-08-22,3605,433969,11451256,26.85,26.85,26.1,26.3,-0.5,292
2023-08-23,3605,200237,5309646,26.25,26.95,26.15,26.9,0.6,149
2023-08-24,3605,91473,2450954,26.7,27.05,26.7,26.7,-0.2,75
2023-08-25,3605,99807,2685368,26.45,27.05,26.45,26.9,0.2,77
2023-08-28,3605,38342,1029402,26.9,26.9,26.8,26.8,-0.1,92
2023-08-29,3605,153101,4180469,26.95,27.75,26.9,27.5,0.7,115
2023-08-30,3605,124685,3453201,27.65,27.95,27.35,27.9,0.4,164
2023-08-31,3605,69537,1942269,28.0,28.05,27.8,27.8,-0.1,99
2023-09-01,3605,159396,4492033,27.95,28.4,27.8,28.2,0.4,112
2023-09-04,3605,120893,3399150,28.35,28.35,28.05,28.1,-0.1,162
2023-09-05,3605,127969,3586801,28.1,28.2,27.95,28.1,0.0,112
2023-09-06,3605,179489,5050160,28.1,28.25,28.0,28.1,0.0,131
2023-09-07,3605,105670,2977743,28.1,28.3,28.1,28.2,0.1,88
2023-09-08,3605,286587,8246662,28.15,29.2,28.15,28.8,0.6,235
2023-09-11,3605,192664,5500706,29.05,29.05,28.35,28.35,-0.45,242
2023-09-12,3605,125803,3567409,28.35,28.55,28.2,28.2,-0.15,84
2023-09-13,3605,146001,4105009,28.2,28.45,28.0,28.15,-0.05,103
2023-09-14,3605,170707,4876690,28.3,28.75,28.3,28.6,0.45,106
2023-09-15,3605,174596,4989709,28.6,28.8,28.35,28.35,-0.25,110
2023-09-18,3605,89858,2572841,28.75,28.75,28.5,28.65,0.3,82
2023-09-19,3605,115259,3304540,28.65,28.85,28.5,28.55,-0.1,104
2023-09-20,3605,89078,2540455,28.55,28.65,28.45,28.5,-0.05,78
2023-09-21,3605,150110,4251374,28.9,28.9,28.15,28.15,-0.35,110
2023-09-22,3605,220732,6334701,28.5,28.9,28.05,28.9,0.75,136
2023-09-25,3605,112679,3252820,28.9,29.05,28.6,28.9,0.0,122
2023-09-26,3605,72434,2087796,28.9,28.9,28.75,28.8,-0.1,94
2023-09-27,3605,67326,1929345,28.75,28.8,28.55,28.55,-0.25,75
2023-09-28,3605,71512,2047587,28.55,28.9,28.5,28.6,0.05,56
2023-10-02,3605,129581,3747079,28.8,29.15,28.75,29.0,0.4,119
2023-10-03,3605,123723,3622703,29.0,29.55,29.0,29.25,0.25,121
2023-10-04,3605,56736,1650730,28.95,29.25,28.95,29.15,-0.1,64
2023-10-05,3605,116280,3404268,29.0,29.45,29.0,29.45,0.3,104
2023-10-06,3605,148066,4360594,29.25,29.65,29.25,29.45,0.0,181
2023-10-11,3605,107067,3128577,29.55,29.55,29.05,29.1,-0.35,118
2023-10-12,3605,90500,2630099,29.15,29.2,29.0,29.05,-0.05,86
2023-10-13,3605,82879,2411297,29.0,29.25,28.75,29.05,0.0,77
2023-10-16,3605,89902,2594250,29.05,29.05,28.75,28.8,-0.25,102
2023-10-17,3605,162587,4649893,28.85,29.0,28.45,28.8,0.0,139
2023-10-18,3605,68289,1934832,28.35,28.45,28.3,28.3,-0.5,74
2023-10-19,3605,105275,3003566,28.3,28.7,28.3,28.4,0.1,53
2023-10-20,3605,29446,834151,28.7,28.85,28.15,28.3,-0.1,56
2023-10-23,3605,53372,1505695,28.1,28.3,28.1,28.3,0.0,52
2023-10-24,3605,83533,2372015,28.3,28.5,28.3,28.4,0.1,63
2023-10-25,3605,80808,2296362,28.45,28.65,28.3,28.6,0.2,77
2023-10-26,3605,86136,2443882,28.3,28.55,28.3,28.3,-0.3,64
2023-10-27,3605,19723,560677,28.4,28.5,28.35,28.35,0.05,36
2023-10-30,3605,42024,1193683,28.5,28.6,28.35,28.4,0.05,33
2023-10-31,3605,43975,1246067,28.55,28.55,28.3,28.3,-0.1,50
2023-11-01,3605,108849,3044479,28.35,28.35,27.9,27.9,-0.4,116
2023-11-02,3605,93187,2640885,28.15,28.5,28.15,28.25,0.35,54
2023-11-03,3605,42727,1210461,28.7,28.7,28.25,28.25,0.0,54
2023-11-06,3605,1205810,36017768,28.25,30.8,28.0,30.35,2.1,821
2023-11-07,3605,964319,28950634,30.25,30.45,29.5,29.7,-0.65,837
2023-11-08,3605,296818,8800313,29.8,29.8,29.35,29.75,0.05,223
2023-11-09,3605,176712,5249476,29.85,29.9,29.6,29.65,-0.1,178
2023-11-10,3605,367212,11029513,29.65,30.8,29.5,29.85,0.2,269
2023-11-13,3605,126930,3776202,29.85,29.95,29.6,29.75,-0.1,140
2023-11-14,3605,276538,8328469,29.7,30.5,29.55,30.2,0.45,261
2023-11-15,3605,267518,8106802,30.3,30.4,30.1,30.2,0.0,296
2023-11-16,3605,280207,8410822,30.4,30.5,29.8,30.15,-0.05,171
2023-11-17,3605,147955,4463441,30.15,30.3,30.0,30.1,-0.05,120
2023-11-20,3605,206812,6216254,30.0,30.25,29.9,30.15,0.05,156
2023-11-21,3605,262269,7968926,30.3,30.7,30.2,30.25,0.1,168
2023-11-22,3605,201368,6064525,30.1,30.25,30.05,30.15,-0.1,195
2023-11-23,3605,245928,7486072,30.2,30.75,30.15,30.6,0.45,256
2023-11-24,3605,357025,11014639,30.65,31.3,30.65,30.75,0.15,246
2023-11-27,3605,155467,4759351,30.75,30.8,30.3,30.4,-0.35,133
2023-11-28,3605,256105,7823317,30.4,30.8,30.3,30.55,0.15,179
2023-11-29,3605,334592,10255728,30.35,31.25,30.25,30.7,0.15,281
2023-11-30,3605,170424,5251576,31.0,31.0,30.65,30.7,0.0,134
2023-12-01,3605,259830,7987999,30.7,30.9,30.6,30.85,0.15,165
2023-12-04,3605,247513,7704001,30.85,31.4,30.8,31.2,0.35,218
2023-12-05,3605,1907183,61696867,31.35,33.25,31.25,32.05,0.85,1470
2023-12-06,3605,387025,12283930,32.05,32.05,31.5,31.55,-0.5,487
2023-12-07,3605,429546,13407001,31.8,31.8,31.0,31.35,-0.2,327
2023-12-08,3605,324790,10228293,31.45,31.85,31.2,31.75,0.4,232
2023-12-11,3605,266694,8439561,31.75,31.95,31.35,31.55,-0.2,170
2023-12-12,3605,314523,9888488,31.55,31.6,31.35,31.6,0.05,183
2023-12-13,3605,1246772,40678193,31.75,33.0,31.75,33.0,1.4,808
2023-12-14,3605,1644552,52653653,33.0,33.0,31.2,31.7,-1.3,1140
2023-12-15,3605,509469,16261000,32.0,32.2,31.4,32.2,0.5,388
2023-12-18,3605,525241,17118591,32.3,32.95,32.3,32.45,0.25,404
2023-12-19,3605,852592,27702537,32.5,33.1,31.9,33.0,0.55,524
2023-12-20,3605,1796784,60252568,32.85,34.0,32.85,33.45,0.45,1110
2023-12-21,3605,785497,25977649,33.0,33.8,32.7,33.2,-0.25,585
2023-12-22,3605,358800,11786211,33.2,33.2,32.7,32.85,-0.35,314
2023-12-25,3605,233727,7628715,32.95,32.95,32.3,32.5,-0.35,201
2023-12-26,3605,227400,7390171,32.45,32.65,32.35,32.65,0.15,149
2023-12-27,3605,174830,5674767,32.9,32.9,32.35,32.35,-0.3,204
2023-12-28,3605,224626,7252457,32.35,32.5,32.1,32.4,0.05,135
2023-12-29,3605,162838,5256546,32.35,32.4,32.1,32.25,-0.15,157
2024-01-02,3605,104913,3379789,32.3,32.35,32.1,32.15,-0.1,92
2024-01-03,3605,348183,10998926,32.15,32.15,31.35,31.35,-0.8,290
2024-01-04,3605,394433,12340415,31.1,31.6,31.05,31.05,-0.3,225
2024-01-05,3605,120984,3783025,31.2,31.5,31.2,31.3,0.25,95
2024-01-08,3605,151917,4773992,31.3,31.6,31.3,31.35,0.05,115
2024-01-09,3605,78316,2441571,31.45,31.45,31.0,31.1,-0.25,99
2024-01-10,3605,135479,4195230,31.1,31.1,30.85,30.9,-0.2,108
2024-01-11,3605,76708,2379413,31.05,31.1,30.95,30.95,0.05,79
2024-01-12,3605,69526,2148477,30.95,31.0,30.8,30.85,-0.1,64
2024-01-15,3605,199649,6196427,30.8,31.3,30.75,31.25,0.4,150
2024-01-16,3605,171218,5278434,31.0,31.0,30.65,30.8,-0.45,158
2024-01-17,3605,213667,6522740,30.6,30.7,30.45,30.55,-0.25,184
2024-01-18,3605,161745,4926402,30.6,30.75,30.2,30.65,0.1,136
2024-01-19,3605,103629,3201765,30.5,31.2,30.5,31.2,0.55,142
2024-01-22,3605,246833,7768223,31.5,31.65,31.2,31.65,0.45,204
2024-01-23,3605,188296,5967191,31.65,31.8,31.55,31.75,0.1,132
2024-01-24,3605,6857056,236621403,33.15,34.9,32.9,34.35,2.6,3242
2024-01-25,3605,10370842,369947202,34.9,36.7,34.55,35.05,0.7,5646
2024-01-26,3605,9016889,334983954,35.0,38.2,34.6,37.0,1.95,5555
2024-01-29,3605,13607749,527451412,38.2,39.75,37.1,38.7,1.7,7943
2024-01-30,3605,3778585,144744084,38.0,38.9,37.8,38.9,0.2,2346
2024-01-31,3605,5376318,209848500,38.9,40.5,38.15,38.7,-0.2,3520
2024-02-01,3605,2229749,86604313,38.3,39.4,38.25,38.85,0.15,1372
2024-02-02,3605,3574278,137384793,39.6,40.15,37.5,38.3,-0.55,2661
2024-02-05,3605,1668617,62246485,38.0,38.2,36.9,37.25,-1.05,1338
2024-02-15,3605,1175626,43581200,38.0,38.0,36.6,36.65,-0.6,942
2024-02-16,3605,1128079,42124115,36.65,37.9,36.5,37.9,1.25,766
2024-02-19,3605,1474497,56773464,37.9,39.25,37.85,38.3,0.4,1172
2024-02-20,3605,1463388,54571495,38.5,38.65,36.65,36.75,-1.55,1289
2024-02-21,3605,635011,23453999,36.8,37.35,36.7,36.95,0.2,496
2024-02-22,3605,529207,19693706,37.1,37.65,36.8,37.25,0.3,405
2024-02-23,3605,1540083,58467487,37.7,38.45,37.1,37.7,0.45,1001
2024-02-26,3605,1297087,49439898,37.7,38.75,37.3,38.1,0.4,1034
2024-02-27,3605,1070753,40270170,38.5,38.55,37.0,37.35,-0.75,793
2024-02-29,3605,2126444,82391422,37.85,39.45,37.4,39.15,1.8,1468
2024-03-01,3605,9880364,409627950,39.95,43.05,38.3,43.0,3.85,7027
2024-03-04,3605,8309883,355607984,43.95,44.75,41.7,42.55,-0.45,5761
2024-03-05,3605,2819365,117899719,43.15,43.15,41.1,41.5,-1.05,2236
2024-03-06,3605,3046256,124846947,41.2,42.2,40.1,42.2,0.7,2321
2024-03-07,3605,2664958,110094644,42.35,42.6,40.5,40.5,-1.7,2068
2024-03-08,3605,2410667,97053369,40.9,41.3,39.6,40.5,0.0,1872
2024-03-11,3605,1635853,67008258,39.8,41.95,39.8,41.45,0.95,1170
2024-03-12,3605,1131882,46183451,41.25,41.55,40.3,40.35,-1.1,1121
2024-03-13,3605,4167132,156530273,39.9,40.0,36.35,36.45,-3.9,3029
2024-03-14,3605,1494900,53371163,35.6,36.25,35.0,35.9,-0.55,1165
2024-03-15,3605,954499,35101965,35.9,37.35,35.6,36.95,1.05,886
2024-03-18,3605,550050,20252917,37.0,37.3,36.4,36.7,-0.25,542
2024-03-19,3605,545030,19918873,36.95,36.95,36.15,36.6,-0.1,600
2024-03-20,3605,726330,26180914,36.4,36.75,35.5,35.5,-1.1,636
2024-03-21,3605,451534,16292256,35.85,36.4,35.75,36.4,0.9,465
2024-03-22,3605,533355,19132952,36.2,36.25,35.65,35.8,-0.6,608
2024-03-25,3605,373876,13487471,35.9,36.3,35.9,36.0,0.2,373
2024-03-26,3605,602190,21432929,36.0,36.45,35.1,35.3,-0.7,561
2024-03-27,3605,581731,20603682,35.35,35.85,35.1,35.25,-0.05,451
2024-03-28,3605,508022,18271036,35.25,36.25,35.25,36.15,0.9,413
2024-03-29,3605,5437102,208733126,36.5,39.6,36.05,38.7,2.55,3431
2024-04-01,3605,1691373,64223987,38.9,38.9,37.5,38.1,-0.6,1300
2024-04-02,3605,588477,22322029,38.4,38.45,37.6,37.6,-0.5,509
2024-04-03,3605,1391568,53672279,37.1,39.45,37.0,38.75,1.15,1183
2024-04-08,3605,2769527,109739229,39.1,40.6,38.8,38.9,0.15,2085
2024-04-09,3605,754910,29047591,38.6,39.05,38.1,38.65,-0.25,786
2024-04-10,3605,748804,29025400,38.65,39.1,38.6,38.65,0.0,517
2024-04-11,3605,515370,19689414,38.5,38.7,37.95,37.95,-0.7,628
2024-04-12,3605,501607,19043709,38.0,38.3,37.8,37.8,-0.15,471
2024-04-15,3605,571214,21203225,37.2,37.55,36.8,36.9,-0.9,676
2024-04-16,3605,770365,27644298,36.8,36.8,35.5,35.55,-1.35,693
2024-04-17,3605,358255,12879728,35.5,36.2,35.5,36.0,0.45,310
2024-04-18,3605,2749108,108514913,38.85,39.6,38.05,39.6,3.6,1440
2024-04-19,3605,7545690,305619374,40.0,42.0,38.6,40.2,0.6,5217
2024-04-22,3605,2243762,89114416,40.8,41.25,38.3,38.5,-1.7,1910
2024-04-23,3605,805491,30676444,38.6,39.05,37.35,38.0,-0.5,782
2024-04-24,3605,797384,31137683,38.0,39.3,38.0,39.2,1.2,767
2024-04-25,3605,1449796,58018591,39.0,41.3,38.3,40.55,1.35,1132
2024-04-26,3605,2351762,96681350,41.2,41.85,40.3,40.95,0.4,1633
2024-04-29,3605,1179021,48775139,41.6,41.85,40.85,41.45,0.5,1034
2024-04-30,3605,1203734,49465977,41.95,41.95,40.5,40.55,-0.9,961
2024-05-02,3605,1035032,42657137,40.55,41.7,40.15,41.2,0.65,715
2024-05-03,3605,744390,30270784,41.45,41.5,40.2,40.2,-1.0,660
2024-05-06,3605,641640,25488568,40.5,40.5,39.2,39.4,-0.8,679
2024-05-07,3605,531519,20768683,39.5,39.8,38.5,39.1,-0.3,961
2024-05-08,3605,400814,15676572,38.9,39.35,38.85,39.3,0.2,315
2024-05-09,3605,450567,17780387,39.45,40.1,38.8,39.75,0.45,327
2024-05-10,3605,1104821,44874037,39.7,41.2,39.7,40.95,1.2,732
2024-05-13,3605,10580781,467279823,42.0,45.0,41.9,44.95,4.0,5826
2024-05-14,3605,6201967,262424923,44.85,44.85,41.0,41.1,-3.85,4835
2024-05-15,3605,2082266,85836038,41.6,41.9,40.55,41.5,0.4,1373
2024-05-16,3605,4944681,214914446,42.2,44.9,42.2,43.5,2.0,3194
2024-05-17,3605,1464931,63236461,43.15,43.75,42.6,43.4,-0.1,1145
2024-05-20,3605,6592635,305014750,44.95,47.5,43.8,46.65,3.25,4389
2024-05-21,3605,5029507,235770324,47.5,47.8,45.9,46.75,0.1,3912
2024-05-22,3605,4486332,213313503,47.5,48.95,46.3,47.2,0.45,3071
2024-05-23,3605,3415829,162944603,47.65,48.5,46.7,48.45,1.25,2934
2024-05-24,3605,14803706,761783726,49.0,53.2,47.65,52.0,3.55,10077
2024-05-27,3605,9260877,482595172,53.5,53.6,50.2,50.7,-1.3,6397
2024-05-28,3605,5738220,302766633,50.7,53.8,50.7,52.9,2.2,3759
2024-05-29,3605,2861561,149461816,53.1,53.3,51.5,52.1,-0.8,2372
2024-05-30,3605,3388438,174747679,52.6,53.0,50.7,50.8,-1.3,2608
2024-05-31,3605,1917111,98026108,51.3,52.3,50.1,50.5,-0.3,1407
2024-06-03,3605,2210539,111419208,51.0,51.5,49.55,50.6,0.1,1753
2024-06-04,3605,1605488,80518415,50.6,51.3,49.35,49.75,-0.85,1708
2024-06-05,3605,3334471,162543102,50.1,51.2,47.35,47.5,-2.25,2737
2024-06-06,3605,1971608,94553620,48.1,48.8,47.35,48.25,0.75,1333
2024-06-07,3605,1892625,94816257,48.75,51.5,48.75,49.65,1.4,1699
2024-06-11,3605,1297107,62502623,49.2,49.6,47.45,48.1,-1.55,1768
2024-06-12,3605,854884,41154513,47.7,48.8,47.6,48.65,0.55,665
2024-06-13,3605,1003606,48159622,48.8,49.1,47.55,47.7,-0.95,867
2024-06-14,3605,804303,38701462,47.4,48.6,47.4,48.5,0.8,684
2024-06-17,3605,509346,24460728,48.55,48.55,47.7,47.9,-0.6,645
2024-06-18,3605,2127968,99294464,48.4,48.4,45.65,45.8,-2.1,1674
2024-06-19,3605,1460230,67108843,47.1,47.1,45.4,46.45,0.65,1140
2024-06-20,3605,1260217,57688544,46.3,46.6,45.3,45.3,-1.15,1093
2024-06-21,3605,723599,32941685,45.5,45.85,45.1,45.55,0.25,606
2024-06-24,3605,1621183,75478469,45.55,47.4,45.4,46.4,0.85,1531
2024-06-25,3605,1570291,73115448,46.4,47.6,44.65,47.6,1.2,1288
2024-06-26,3605,1133440,53430727,47.7,47.85,46.75,46.85,-0.75,1115
2024-06-27,3605,650751,30418049,47.0,47.55,46.25,46.5,-0.35,544
2024-06-28,3605,4261479,209752283,46.45,50.5,46.45,49.2,2.7,2693
2024-07-01,3605,2196989,106516621,49.35,49.4,47.75,48.0,-1.2,1766
2024-07-02,3605,770377,37273963,48.4,49.1,47.9,48.4,0.4,613
2024-07-03,3605,1001434,49045479,49.0,49.7,48.5,48.55,0.15,696
2024-07-04,3605,924554,44744047,48.8,49.0,48.0,48.45,-0.1,625
2024-07-05,3605,1815780,89842505,48.75,50.4,48.1,49.9,1.45,1250
2024-07-08,3605,1723880,82899489,50.0,50.0,47.3,48.0,-1.9,1354
2024-07-09,3605,1058881,49861715,48.0,48.3,46.45,47.1,-0.9,934
2024-07-10,3605,2660186,132119391,47.2,50.7,47.2,49.55,2.45,1728
2024-07-11,3605,1161906,56971733,49.9,50.0,48.3,48.5,-1.05,1198
2024-07-12,3605,659175,31925381,48.95,49.2,47.8,48.15,-0.35,558
2024-07-15,3605,792666,38679684,48.75,49.5,48.3,48.5,0.35,695
2024-07-16,3605,1138934,55252866,48.6,49.6,47.8,48.95,0.45,764
2024-07-17,3605,5438822,278115394,49.2,52.5,49.2,50.4,1.45,3341
2024-07-18,3605,1640714,81027210,49.8,50.3,48.55,49.45,-0.95,1552
2024-07-19,3605,1338717,64481612,49.5,49.5,47.2,48.1,-1.35,1206
2024-07-22,3605,1601724,76397668,48.1,48.65,47.0,47.8,-0.3,969
2024-07-23,3605,1229101,58963057,47.8,49.5,46.9,47.8,0.0,1162
2024-07-26,3605,972798,45351974,46.5,48.0,45.35,47.9,0.1,853
2024-07-29,3605,744616,35534267,48.45,49.0,47.0,47.0,-0.9,653
2024-07-30,3605,686274,31976775,47.2,47.3,46.05,47.15,0.15,547
2024-07-31,3605,1778923,86734308,46.6,49.95,46.6,49.3,2.15,1186
2024-08-01,3605,1763555,88014193,50.0,50.8,48.85,49.0,-0.3,1440
2024-08-02,3605,1194053,57034206,48.2,48.85,47.1,47.55,-1.45,1004
2024-08-05,3605,1585354,68810772,46.05,46.2,42.8,42.8,-4.75,1319
2024-08-06,3605,2830153,112547893,42.5,42.8,38.55,39.4,-3.4,1689
2024-08-07,3605,1663238,69866661,39.25,43.1,38.85,42.6,3.2,1184
2024-08-08,3605,546538,22965837,42.0,42.6,41.55,41.75,-0.85,401
2024-08-09,3605,1039115,45761051,43.65,44.55,43.15,43.45,1.7,668
2024-08-12,3605,1970428,90916250,44.2,47.55,44.2,45.9,2.45,1190
2024-08-13,3605,1957238,92657855,46.3,48.2,45.8,47.4,1.5,1301
2024-08-14,3605,2145345,104074778,48.3,49.35,47.85,48.15,0.75,1456
2024-08-15,3605,3881274,192579556,48.6,50.2,48.0,50.2,2.05,2467
2024-08-16,3605,2609439,131589898,51.3,51.4,49.65,50.0,-0.2,2232
2024-08-19,3605,1825749,91175509,50.7,50.7,49.15,50.1,0.1,1353
2024-08-20,3605,1360834,67815183,50.4,50.6,49.4,49.4,-0.7,1150
2024-08-21,3605,1159697,56809385,49.4,49.75,48.4,48.75,-0.65,1025
2024-08-22,3605,1343896,66091064,49.0,49.95,48.2,49.85,1.1,1194
2024-08-23,3605,1685528,82346277,49.4,49.55,48.3,48.75,-1.1,1368
2024-08-26,3605,6656011,352840053,49.1,53.6,49.1,53.6,4.85,2994
2024-08-27,3605,13701287,731516347,53.0,54.6,51.2,53.8,0.2,6687
2024-08-28,3605,8353632,455901133,54.4,56.9,52.4,55.2,1.4,6209
2024-08-29,3605,5002750,278266907,54.5,56.8,54.2,56.7,1.5,3796
2024-08-30,3605,6139437,337303955,57.1,57.2,52.9,52.9,-3.8,5714
2024-09-02,3605,3514054,188945378,54.0,55.1,52.6,54.0,1.1,2425
2024-09-03,3605,1544096,82936512,54.0,54.4,52.9,53.7,-0.3,1291
2024-09-04,3605,2482248,127296854,51.1,52.7,50.1,50.5,-3.2,2244
2024-09-05,3605,2014806,101155117,51.4,51.6,49.15,49.8,-0.7,1430
2024-09-06,3605,770772,38188263,49.45,50.2,49.1,49.5,-0.3,752
2024-09-09,3605,1294972,65187029,49.15,51.5,48.9,51.4,1.9,966
2024-09-10,3605,4214225,219257988,51.4,54.3,49.2,49.6,-1.8,3175
2024-09-11,3605,2130530,110085114,49.6,52.8,49.55,51.7,2.1,1441
2024-09-12,3605,1690366,87958929,53.3,53.3,51.3,51.3,-0.4,1390
2024-09-13,3605,8755468,476060733,51.9,56.0,51.9,55.3,4.0,4542
2024-09-16,3605,13057093,759659944,55.3,60.8,55.0,57.5,2.2,8398
2024-09-18,3605,18573043,1102940374,60.0,62.4,55.6,55.6,-1.9,12612
2024-09-19,3605,9430499,549644745,55.4,60.2,55.4,59.1,3.5,6676
2024-09-20,3605,5430715,319501208,59.8,60.0,57.5,58.7,-0.4,4833
2024-09-23,3605,15490978,925393195,60.0,61.5,57.7,61.1,2.4,9816
2024-09-24,3605,24497682,1379202430,60.8,60.8,55.0,55.2,-5.9,14058
2024-09-25,3605,21680833,1278293437,56.4,60.7,56.2,60.7,5.5,11664
2024-09-26,3605,28741157,1727719611,61.5,63.2,57.4,58.0,-2.7,17733
2024-09-27,3605,13700743,767055921,58.5,58.5,55.0,55.0,-3.0,8068
2024-09-30,3605,6239017,334994735,52.5,54.8,52.3,53.8,-1.2,4079
2024-10-01,3605,4490288,240390449,54.0,54.6,52.8,53.5,-0.3,2993
2024-10-04,3605,2576917,137464315,53.9,54.0,52.8,52.8,-0.7,1789
2024-10-07,3605,2447910,132146615,53.4,54.6,53.1,54.4,1.6,1602
2024-10-08,3605,3692236,200739281,54.9,55.6,53.4,54.3,-0.1,2817
2024-10-09,3605,9373258,530163020,55.8,57.8,55.4,56.3,2.0,6204
2024-10-11,3605,4398765,245280019,57.1,57.4,54.7,55.3,-1.0,3555
2024-10-14,3605,6903804,396753101,55.5,58.9,54.7,57.7,2.4,4719
2024-10-15,3605,7610102,440387714,58.1,59.3,56.5,57.1,-0.6,6118
2024-10-16,3605,4935706,285273801,56.8,58.6,56.6,58.1,1.0,3481
2024-10-17,3605,5998610,350909170,58.4,59.2,57.9,58.8,0.7,4560
2024-10-18,3605,3532619,206587943,59.1,59.2,58.0,58.4,-0.4,3016
2024-10-21,3605,10419657,632112182,60.1,61.9,59.2,61.0,2.6,6729
2024-10-22,3605,7811468,481393975,60.5,62.6,60.3,61.5,0.5,5497
2024-10-23,3605,5504975,340707194,61.8,62.8,61.2,61.7,0.2,4447
2024-10-24,3605,7546499,455013878,62.0,62.8,58.7,58.7,-3.0,6287
2024-10-25,3605,2890110,171030433,59.2,60.0,58.5,59.6,0.9,2440
2024-10-28,3605,2660419,154436729,59.7,59.7,57.4,57.5,-2.1,2791
2024-10-29,3605,2301759,129608485,57.5,58.0,55.5,56.1,-1.4,2413
2024-10-30,3605,1837527,102079274,56.5,56.6,55.1,55.2,-0.9,1796
2024-11-01,3605,1326384,72971842,54.0,55.7,53.8,55.4,0.2,956
2024-11-04,3605,6146521,322016051,55.4,55.8,50.7,51.3,-4.1,4546
2024-11-05,3605,2697415,142002025,51.2,53.3,51.0,52.6,1.3,1835
2024-11-06,3605,1737434,92312830,52.8,54.2,52.6,52.9,0.3,1517
2024-11-07,3605,2298375,125327592,53.4,55.2,53.3,54.7,1.8,1667
2024-11-08,3605,3598667,188148295,55.1,55.2,51.2,51.2,-3.5,3090
2024-11-11,3605,1788060,93639032,51.8,53.2,51.6,52.3,1.1,1181
2024-11-12,3605,1858960,94626523,51.8,52.0,50.2,50.6,-1.7,1579
2024-11-13,3605,1093555,55405818,50.7,51.2,50.4,50.4,-0.2,925
2024-11-14,3605,1316746,65549118,51.1,51.1,49.3,49.35,-1.05,1103
2024-11-15,3605,3118790,160030364,49.2,52.4,49.2,51.7,2.35,2012
2024-11-18,3605,3892662,191242974,51.5,51.5,48.1,48.85,-2.85,2583
2024-11-19,3605,1777668,86527999,48.9,49.35,48.0,49.3,0.45,1444
2024-11-20,3605,1212867,59995083,49.5,50.3,48.7,49.55,0.25,873
2024-11-21,3605,1031743,50652127,49.5,49.8,48.8,48.9,-0.65,819
2024-11-22,3605,1618678,81309636,49.2,51.0,49.2,50.6,1.7,1154
2024-11-25,3605,3285353,173018640,51.6,53.5,51.3,53.0,2.4,2297
2024-11-26,3605,3039999,160533437,54.1,54.5,51.8,52.0,-1.0,3079
2024-11-27,3605,1238353,63963520,52.4,52.9,51.0,51.6,-0.4,1371
2024-11-28,3605,1420064,72313115,52.2,52.6,50.2,50.2,-1.4,1279
2024-11-29,3605,642317,32411687,50.1,51.4,49.6,51.2,1.0,624
2024-12-02,3605,587003,30052485,51.8,52.1,50.9,50.9,-0.3,496
2024-12-03,3605,6798697,369085438,51.6,55.4,51.6,54.7,3.8,4648
2024-12-04,3605,4580760,243217185,54.7,54.8,52.2,53.1,-1.6,5850
2024-12-05,3605,3331169,180535978,53.5,54.7,52.9,54.6,1.5,2440
2024-12-06,3605,1666202,90208494,54.4,54.6,53.4,54.4,-0.2,1610
2024-12-09,3605,2085338,112303272,55.0,55.1,52.7,53.2,-1.2,1509
2024-12-10,3605,1735041,93034845,54.2,54.9,52.8,53.1,-0.1,1375
2024-12-11,3605,1285009,68707899,53.0,54.2,52.7,53.5,0.4,1094
2024-12-12,3605,1471796,78002227,54.0,54.5,52.2,52.4,-1.1,1500
2024-12-13,3605,982368,50873009,52.4,52.4,51.5,51.8,-0.6,850
2024-12-16,3605,1199828,60911321,52.0,52.4,50.1,50.2,-1.6,884
2024-12-17,3605,465299,23700254,50.4,51.4,50.4,51.2,1.0,618
2024-12-18,3605,870889,43741752,50.6,50.7,49.7,50.3,-0.9,755
2024-12-19,3605,900016,44521996,49.1,50.2,48.8,50.0,-0.3,793
2024-12-20,3605,778378,38871769,50.0,50.8,49.1,49.25,-0.75,638
2024-12-23,3605,1689129,85324913,50.1,52.1,49.1,49.4,0.15,1360
2024-12-24,3605,1021813,50532087,50.0,50.4,48.95,49.2,-0.2,969
2024-12-25,3605,860456,42842058,49.45,50.4,49.15,50.1,0.9,658
2024-12-26,3605,1019033,51310201,50.0,51.1,49.6,49.85,-0.25,858
2024-12-27,3605,1190281,58659943,50.0,50.0,49.0,49.1,-0.75,868
2024-12-30,3605,748717,36524145,49.15,49.25,48.55,48.55,-0.55,604
2024-12-31,3605,965319,46472819,48.5,49.0,47.75,48.75,0.2,758
2025-01-02,3605,754348,37053057,48.6,49.95,48.15,49.0,0.25,595
2025-01-03,3605,964902,46816390,49.0,49.3,48.05,48.1,-0.9,774
2025-01-06,3605,1334671,65798422,48.4,49.9,48.3,49.55,1.45,973
2025-01-07,3605,689825,33921921,49.9,50.1,48.7,48.8,-0.75,895
2025-01-08,3605,515754,25186527,48.8,49.4,48.3,49.25,0.45,437
2025-01-09,3605,716841,34862444,49.3,49.6,48.1,48.1,-1.15,823
2025-01-10,3605,551573,26492152,48.2,48.4,47.85,47.9,-0.2,471
2025-01-13,3605,1799953,82293262,47.95,47.95,44.9,45.45,-2.45,1237
2025-01-14,3605,618481,28402033,45.9,46.9,45.2,46.55,1.1,570
2025-01-15,3605,400406,18498421,46.6,47.2,45.85,45.9,-0.65,593
2025-01-16,3605,392885,18390518,46.5,47.25,46.4,46.85,0.95,315
2025-01-17,3605,1992085,97357241,46.9,49.95,46.55,49.45,2.6,1487
2025-01-20,3605,6468363,341860090,50.9,54.3,49.0,53.8,4.35,5226
2025-01-21,3605,13184344,745369002,53.7,59.1,53.5,57.0,3.2,9324
2025-01-22,3605,22222752,1346182117,58.0,62.7,57.6,62.7,5.7,13330
2025-02-03,3605,10584033,603689518,56.5,58.6,56.5,56.8,-5.9,5014
2025-02-04,3605,9768872,542895054,57.1,57.7,52.1,56.0,-0.8,7914
2025-02-05,3605,5978552,341814631,56.8,58.4,55.5,57.4,1.4,5107
2025-02-06,3605,6114127,349257205,57.4,59.0,56.0,56.8,-0.6,5519
2025-02-07,3605,7491618,438490229,57.1,60.3,56.5,58.8,2.0,5058
2025-02-10,3605,4981450,292532688,59.3,60.2,57.2,58.3,-0.5,3106
2025-02-11,3605,19098110,1192228931,59.8,64.1,59.3,64.1,5.8,11614
2025-02-12,3605,51325831,3147466246,65.5,65.6,57.7,59.3,-4.8,27571
2025-02-13,3605,16473381,1007142133,59.3,63.0,59.2,59.4,0.1,9792
2025-02-14,3605,5881872,349421659,59.8,60.8,58.5,59.1,-0.3,4583
2025-02-17,3605,10661575,658458359,59.5,63.3,59.3,62.1,3.0,6712
2025-02-18,3605,29652887,1959844045,62.8,68.3,61.8,66.5,4.4,18082
2025-02-19,3605,18069948,1195718572,66.1,67.6,64.8,65.5,-1.0,12653
2025-02-20,3605,12061902,787946513,65.5,66.7,63.3,65.8,0.3,7767
2025-02-21,3605,5973951,389697303,65.9,66.5,64.5,65.3,-0.5,4388
2025-02-24,3605,8119563,523813578,64.6,66.2,62.8,66.0,0.7,5291
2025-02-25,3605,6139255,395304211,65.2,66.2,63.1,64.4,-1.6,4204
2025-02-26,3605,6733789,424063049,64.0,64.5,62.2,63.0,-1.4,4621
2025-02-27,3605,4409347,280217862,63.4,64.6,62.6,63.1,0.1,3013
2025-03-03,3605,6316454,382271542,62.1,63.3,59.3,59.8,-3.3,4598
2025-03-04,3605,4154034,247714616,58.6,61.2,58.0,60.3,0.5,2742
2025-03-05,3605,1598037,97123257,60.6,61.6,60.1,60.8,0.5,1334
2025-03-06,3605,2031931,122118183,60.9,61.5,59.0,59.5,-1.3,1534
2025-03-07,3605,1737153,102188785,59.0,60.0,58.3,58.7,-0.8,1469
2025-03-10,3605,1962477,113777625,58.7,59.2,57.2,58.0,-0.7,1396
2025-03-11,3605,1925162,108514684,56.0,57.5,55.2,56.7,-1.3,1491
2025-03-12,3605,1587914,91213033,56.9,58.1,56.9,57.1,0.4,1201
2025-03-13,3605,4204659,247915002,57.9,60.4,57.6,58.2,1.1,2901
2025-03-14,3605,7876429,467684558,60.0,61.1,58.1,58.3,0.1,4727
2025-03-17,3605,7116017,434849403,58.8,62.1,58.8,61.4,3.1,4401
2025-03-18,3605,10930368,687847004,62.3,64.1,61.3,63.0,1.6,7238
2025-03-19,3605,34505897,2271851692,63.6,68.1,62.9,65.6,2.6,19819
2025-03-20,3605,40648646,2752647878,68.0,69.4,65.6,68.8,3.2,26739
2025-03-21,3605,17316010,1168612624,68.0,69.3,66.4,66.9,-1.9,11433
2025-03-24,3605,12400626,813886690,67.5,67.6,64.0,65.4,-1.5,8016
2025-03-25,3605,7719110,500798762,66.2,66.8,63.2,63.7,-1.7,7110
2025-03-26,3605,5676794,366835252,64.2,65.5,63.5,64.4,0.7,4178
2025-03-27,3605,5111190,319654831,63.2,64.3,61.7,62.5,-1.9,4347
2025-03-28,3605,4682886,283614736,62.0,62.9,59.4,59.9,-2.6,3172
2025-03-31,3605,5626989,318910857,57.5,58.2,55.1,55.1,-4.8,3696
2025-04-01,3605,5533993,301960134,55.6,56.6,53.5,53.8,-1.3,3680
2025-04-02,3605,2880242,155958461,54.1,55.2,53.5,53.7,-0.1,2107
2025-04-07,3605,182676,8832349,48.35,48.35,48.35,48.35,-5.35,195
2025-04-08,3605,1285431,55980400,43.55,43.55,43.55,43.55,-4.8,854
2025-04-09,3605,7305434,288150720,40.25,40.65,39.2,39.2,-4.35,2870
2025-04-10,3605,4215907,181664370,43.1,43.1,42.5,43.1,3.9,1605
2025-04-11,3605,4897137,201837934,40.9,43.1,38.8,43.1,0.0,3701
2025-04-14,3605,4026887,181714648,44.8,46.6,44.1,44.75,1.65,3634
2025-04-15,3605,4612514,215695018,45.15,48.25,45.15,46.85,2.1,3127
2025-04-16,3605,11349787,550458489,48.05,49.8,47.4,47.9,1.05,7592
2025-04-17,3605,7236498,348840066,48.0,49.0,46.8,48.35,0.45,4326
2025-04-18,3605,7841302,376322460,48.65,49.0,47.0,47.7,-0.65,5619
2025-04-21,3605,3923913,180307093,47.5,47.7,44.75,45.1,-2.6,2737
2025-04-22,3605,4546470,205776797,44.1,46.05,44.1,44.65,-0.45,2915
2025-04-23,3605,2756942,128922214,45.8,47.55,45.8,46.5,1.85,2135
2025-04-24,3605,1824319,84782661,47.1,47.2,45.95,46.05,-0.45,1327
2025-04-25,3605,1687397,79766865,47.15,47.8,46.8,46.8,0.75,1346
2025-04-28,3605,1850730,88210299,47.2,48.3,46.95,47.95,1.15,1457
2025-04-29,3605,2838038,136829401,47.95,48.6,47.35,48.3,0.35,1883
2025-04-30,3605,2757826,133288640,48.35,49.25,47.7,47.75,-0.55,2172
2025-05-02,3605,4551037,225365708,48.55,50.3,48.5,49.7,1.95,2757
2025-05-05,3605,3606925,172497032,50.2,50.2,46.45,47.1,-2.6,2803
2025-05-06,3605,1379374,65831119,46.65,48.5,46.65,47.8,0.7,1181
2025-05-07,3605,1346551,64561257,47.8,48.45,47.5,47.9,0.1,937
2025-05-08,3605,2481873,122329092,48.15,49.75,48.15,49.65,1.75,1456
2025-05-09,3605,9033967,464455021,50.8,53.2,49.75,52.3,2.65,4925
2025-05-12,3605,7352888,379983929,51.1,53.5,49.35,52.3,0.0,4567
2025-05-13,3605,5691317,306025140,54.3,55.0,52.8,53.5,1.2,3444
2025-05-14,3605,7014578,389824828,54.8,56.6,54.3,55.7,2.2,4446
2025-05-15,3605,6895152,391618668,55.5,58.0,55.5,56.6,0.9,3864
2025-05-16,3605,4156504,237339767,56.6,57.9,55.8,57.4,0.8,2715
2025-05-19,3605,3269972,182237748,57.4,57.4,54.7,55.1,-2.3,2191
2025-05-20,3605,2344367,130469896,56.4,56.7,54.9,55.9,0.8,1491
2025-05-21,3605,2846477,157276608,55.0,56.1,54.8,55.1,-0.8,1822
2025-05-22,3605,1702554,92366756,54.3,54.8,53.8,54.1,-1.0,1134
2025-05-23,3605,2250253,123022203,54.8,55.6,53.9,54.0,-0.1,1504
2025-05-26,3605,1587030,85433290,53.8,54.9,53.0,53.3,-0.7,1065
2025-05-27,3605,2179278,115420756,53.6,54.2,52.3,52.6,-0.7,1172
2025-05-28,3605,2468908,130653119,53.8,54.2,52.2,52.2,-0.4,1368
2025-05-29,3605,1762354,92499881,53.0,53.1,51.5,52.5,0.3,1050
2025-06-02,3605,3832887,193918691,51.8,51.8,49.75,50.6,-1.9,2099
2025-06-03,3605,1847886,95174500,51.2,52.4,50.8,51.0,0.4,1149
2025-06-04,3605,1534496,79601514,51.8,52.2,51.5,51.7,0.7,947
2025-06-05,3605,4005519,214796053,52.1,54.6,52.0,54.0,2.3,2615
2025-06-06,3605,2278627,123030219,54.0,54.5,53.4,53.7,-0.3,1733
2025-06-09,3605,2258538,121471521,54.2,54.6,52.8,53.7,0.0,1492
2025-06-10,3605,5329388,295136057,54.2,56.4,54.1,55.4,1.7,3797
2025-06-11,3605,7848456,451345535,56.0,59.2,54.8,58.8,3.4,5375
2025-06-12,3605,9022317,534585968,59.7,60.0,58.3,59.6,0.8,6212
2025-06-13,3605,9482839,545450573,59.0,59.5,55.6,56.7,-2.9,7035
2025-06-16,3605,5199738,299824438,56.6,58.9,56.4,58.4,1.7,3465
2025-06-17,3605,8094113,477103463,58.8,60.5,57.8,57.9,-0.5,5457
2025-06-18,3605,4210261,247540519,58.8,59.7,57.7,58.5,0.6,2634
2025-06-19,3605,3238063,186021537,59.0,59.3,56.6,57.2,-1.3,2188
2025-06-20,3605,1928083,109061629,57.2,58.0,55.9,56.3,-0.9,1314
2025-06-23,3605,1981915,110497010,55.5,57.0,54.1,57.0,0.7,1264
2025-06-24,3605,7960378,473294649,58.4,60.7,58.0,60.1,3.1,4942
2025-06-25,3605,14126318,855661541,62.6,62.7,59.2,59.9,-0.2,9188
2025-06-26,3605,4487208,265602511,60.3,60.4,58.3,58.3,-1.6,3383
2025-06-27,3605,3355950,195497843,58.8,59.1,57.3,58.7,0.4,2541
2025-06-30,3605,2847708,166628427,58.9,59.6,57.8,57.8,-0.9,2076
2025-07-01,3605,1942116,112411302,58.2,58.6,57.3,57.4,-0.4,1452
2025-07-02,3605,1551917,89997983,57.6,58.7,57.0,58.0,0.6,1244
2025-07-03,3605,3803466,224962540,58.8,60.5,58.3,58.5,0.5,2570
2025-07-04,3605,3022459,172088502,58.8,59.2,56.1,56.4,-2.1,2237
2025-07-07,3605,1406452,78573203,56.3,56.6,55.2,56.3,-0.1,1039
2025-07-08,3605,1791557,101686782,55.4,57.9,55.4,57.6,1.3,1361
2025-07-09,3605,5693565,315313959,56.7,56.7,54.5,54.6,-3.0,4278
2025-07-10,3605,2252377,123697248,54.5,55.7,54.3,55.5,0.9,1645
2025-07-11,3605,9703716,567178382,55.5,59.9,55.5,58.8,3.3,5974
2025-07-14,3605,16650519,1000970420,60.0,61.5,58.4,59.8,1.0,10583
2025-07-15,3605,14985207,906959965,60.7,61.2,59.6,60.8,1.0,9635
2025-07-16,3605,7889784,478084002,60.6,61.5,59.8,60.4,-0.4,5355
2025-07-17,3605,9784802,597911732,61.7,61.8,60.4,61.3,0.9,6369
2025-07-18,3605,6718758,408674477,61.2,61.6,60.3,60.6,-0.7,4229
2025-07-21,3605,3959593,241344439,61.3,61.7,60.5,60.5,-0.1,2710
2025-07-22,3605,5208087,311146804,61.0,61.1,58.7,59.4,-1.1,3430
2025-07-23,3605,3362266,199646468,60.0,60.6,58.6,58.8,-0.6,2723
2025-07-24,3605,1913759,112922654,59.0,59.4,58.7,59.1,0.3,1427
2025-07-25,3605,2552469,149340967,59.1,59.3,58.1,58.1,-1.0,1878
2025-07-28,3605,1868537,108756673,58.4,58.8,57.6,58.1,0.0,1302
2025-07-29,3605,4227192,246100479,57.9,59.6,57.4,57.7,-0.4,2925
2025-07-30,3605,1565297,90312055,58.3,58.3,57.2,57.6,-0.1,1240
2025-07-31,3605,2066052,119430777,58.1,58.6,57.4,57.5,-0.1,1582
2025-08-01,3605,4946499,290930516,56.5,59.8,55.6,59.0,1.5,3235
2025-08-04,3605,4085756,242217587,58.5,60.3,57.7,59.9,0.9,3323
2025-08-05,3605,7559524,460900706,60.3,61.9,59.6,60.9,1.0,5036
2025-08-06,3605,18027503,1139334538,61.5,64.4,61.2,63.5,2.6,12917
2025-08-07,3605,15909685,1012652670,65.0,65.5,61.9,63.9,0.4,12279
2025-08-08,3605,7823969,501919238,64.1,65.2,63.3,64.0,0.1,7386
2025-08-11,3605,23216586,1539253875,64.9,67.9,63.7,67.3,3.3,17643
2025-08-12,3605,13571133,997364242,72.0,74.0,71.7,74.0,6.7,6175
2025-08-13,3605,58315152,4554282429,77.3,80.8,75.3,75.7,1.7,35046
2025-08-14,3605,24672941,1848014095,78.3,79.3,72.2,72.6,-3.1,17658
2025-08-15,3605,12000856,870165768,72.6,73.6,71.3,72.8,0.2,12951
2025-08-18,3605,8699748,629659376,72.7,73.1,71.5,72.8,0.0,8232
2025-08-19,3605,14926713,1105157303,74.4,75.3,72.9,73.2,0.4,10040
2025-08-20,3605,8455334,610630050,72.8,74.1,70.9,71.1,-2.1,6912
2025-08-21,3605,6252420,454554661,71.6,73.8,71.6,72.9,1.8,4694
2025-08-22,3605,16742893,1260961320,73.4,77.2,72.1,74.8,1.9,11513
2025-08-25,3605,15061240,1138466699,78.0,79.2,74.3,75.1,0.3,13351
2025-08-26,3605,4991454,372130343,75.0,75.5,73.7,75.0,-0.1,6223
2025-08-27,3605,5523268,414558741,75.3,75.6,74.6,74.9,-0.1,4580
2025-08-28,3605,6932834,520031490,75.6,76.6,73.4,73.9,-1.0,5776
2025-08-29,3605,11499580,870891606,74.5,76.6,73.7,75.6,1.7,8270
2025-09-01,3605,12666893,953530985,76.8,77.7,72.7,72.7,-2.9,9599
2025-09-02,3605,5697857,408226716,73.0,73.5,70.2,71.1,-1.6,4610
2025-09-03,3605,6040627,445517450,71.1,75.7,71.1,73.2,2.1,4994
2025-09-04,3605,14154643,1071782147,73.9,76.9,73.6,76.2,0.0,10479
2025-09-05,3605,9492070,720987251,77.1,77.3,75.0,75.0,-1.2,11942
2025-09-08,3605,24361603,1998401783,79.5,82.5,79.5,82.5,7.5,14401
2025-09-09,3605,38259255,3158948602,83.3,84.6,80.0,81.7,-0.8,25658
2025-09-10,3605,9393645,764299823,81.0,82.5,80.6,81.3,-0.4,6871
2025-09-11,3605,12831331,1017194242,82.2,82.3,77.2,78.0,-3.3,10696
2025-09-12,3605,5639785,439305704,78.7,79.5,77.1,78.0,0.0,5475
2025-09-15,3605,6102399,460866178,78.0,78.0,74.3,75.0,-3.0,5472
2025-09-16,3605,3580516,269173309,75.5,75.9,74.4,75.8,0.8,3194
2025-09-17,3605,2537034,189781785,75.5,75.5,74.4,74.4,-1.4,2344
2025-09-18,3605,4143674,305204909,74.7,75.0,72.6,73.7,-0.7,3549
2025-09-19,3605,2835261,208834755,73.8,74.7,73.0,73.0,-0.7,3079
2025-09-22,3605,4581498,342729800,73.8,75.5,73.7,75.0,2.0,3614
2025-09-23,3605,4380214,323082505,75.5,75.5,72.9,73.3,-1.7,3884
2025-09-24,3605,2729806,199202885,73.2,73.9,72.5,72.5,-0.8,2218
2025-09-25,3605,2722940,196834914,72.3,73.3,71.6,71.9,-0.6,2146
2025-09-26,3605,4282634,299763671,71.3,71.9,69.0,69.3,-2.6,3152
2025-09-30,3605,1967101,139747405,70.0,72.0,69.7,71.5,2.2,1991
2025-10-01,3605,1848082,132890114,71.7,72.4,71.5,71.5,0.0,1890
2025-10-02,3605,1378444,98725708,72.0,72.3,71.1,71.4,-0.1,1423
2025-10-03,3605,2069598,149591448,71.8,73.1,71.6,71.8,0.4,1925
2025-10-07,3605,1400384,100532201,71.7,72.2,71.3,71.9,0.1,1663
2025-10-08,3605,1594750,113275080,71.5,71.6,70.7,71.2,-0.7,1749
2025-10-09,3605,2835377,199344025,71.2,71.5,69.9,69.9,-1.3,2253
2025-10-13,3605,3763388,252348752,64.3,68.4,64.3,67.9,-2.0,2742
2025-10-14,3605,3125719,214304196,68.6,70.5,66.9,67.1,-0.8,3052
2025-10-15,3605,2096467,141676153,67.3,68.8,66.2,68.2,1.1,1694
2025-10-16,3605,1972634,135806340,68.5,69.5,68.1,68.6,0.4,1674
2025-10-17,3605,1718942,117644587,68.2,69.5,67.7,67.9,-0.7,1950
2025-10-20,3605,1243809,84876525,68.2,68.9,67.7,68.0,0.1,1178
2025-10-21,3605,1922321,133481277,68.2,70.0,68.2,69.5,1.5,1838
2025-10-22,3605,3323199,236497765,69.5,72.2,69.3,70.8,1.3,2972
2025-10-23,3605,3199360,229672446,70.1,72.4,70.1,71.8,1.0,3573
2025-10-27,3605,3198233,231527722,72.6,73.0,71.7,72.7,0.9,2410
2025-10-28,3605,2380268,170303515,73.1,73.1,70.7,70.9,-1.8,3641
2025-10-29,3605,3084452,216274363,71.3,71.6,69.1,69.1,-1.8,2599
2025-10-30,3605,2364551,162553672,69.2,69.9,67.7,68.4,-0.7,1896
2025-10-31,3605,1414721,96989926,68.4,69.1,68.0,69.0,0.6,1406
2025-11-03,3605,1384854,96210649,69.1,70.0,68.7,69.3,0.3,1729
2025-11-04,3605,4679132,328836442,70.0,72.5,68.2,68.2,-1.1,3850
2025-11-05,3605,1885741,128692297,66.4,69.7,66.4,69.3,1.1,1910
2025-11-06,3605,1076056,74765652,69.8,70.0,68.9,70.0,0.7,1612
2025-11-07,3605,3913615,277814537,69.5,72.3,69.5,70.7,0.7,3278
2025-11-10,3605,3819906,264691044,70.9,71.4,68.5,69.1,-1.6,5565
2025-11-11,3605,3086180,214992004,69.6,70.8,68.7,68.7,-0.4,3257
2025-11-12,3605,2448351,170120604,69.3,70.5,68.4,68.8,0.1,2605
2025-11-13,3605,2383159,162184983,68.9,69.0,67.4,68.1,-0.7,2285
2025-11-14,3605,2780794,184369528,67.2,67.6,65.1,65.6,-2.5,2252
2025-11-17,3605,2377004,153974195,65.6,66.1,64.0,64.1,-1.5,1559
2025-11-18,3605,2129566,133783354,63.7,64.3,61.8,61.8,-2.3,2156
2025-11-19,3605,1517579,93063770,61.8,62.2,60.5,61.1,-0.7,1508
2025-11-20,3605,1224366,76485784,62.1,63.1,61.7,62.7,1.6,1293
2025-11-21,3605,1321072,80466232,61.3,61.8,60.4,60.6,-2.1,1139
2025-11-24,3605,1424378,87089860,61.0,62.2,60.2,61.9,1.3,1005
2025-11-25,3605,1102160,68340975,62.6,63.0,61.4,61.5,-0.4,1272
2025-11-26,3605,912180,57020071,62.0,63.0,62.0,62.5,1.0,801
2025-11-27,3605,891598,55909230,63.2,63.4,62.0,62.4,-0.1,740
2025-11-28,3605,850650,53349834,62.9,63.2,62.4,62.5,0.1,859
2025-12-01,3605,1045291,64412809,62.7,62.8,61.2,61.2,-1.3,787
2025-12-02,3605,960073,58709426,61.2,62.1,60.6,60.7,-0.5,857
2025-12-03,3605,985748,61023298,61.2,62.5,61.2,62.5,1.8,894
2025-12-04,3605,1175091,73956149,62.9,63.6,62.3,62.3,-0.2,1463
2025-12-05,3605,934640,57891745,62.2,62.5,61.4,62.4,0.1,1226
2025-12-08,3605,626212,39279626,62.4,63.5,62.4,62.9,0.5,642
2025-12-09,3605,1539537,96797999,63.1,64.2,62.2,62.3,-0.6,1701
2025-12-10,3605,1108587,69091460,62.6,63.5,61.5,61.5,-0.8,919
2025-12-11,3605,761475,47007507,62.0,62.3,61.3,61.6,0.1,606
2025-12-12,3605,615027,38223321,62.1,62.7,61.8,61.9,0.3,749
2025-12-15,3605,850582,52714500,61.3,62.9,60.9,62.0,0.1,950
2025-12-16,3605,1503285,91165809,61.6,61.9,59.7,60.8,-1.2,1399
2025-12-17,3605,710620,43457117,60.8,61.7,60.8,60.8,0.0,603
2025-12-18,3605,1106191,66302295,60.7,61.0,59.5,59.6,-1.2,1017
2025-12-19,3605,838166,50540929,60.1,60.6,59.9,60.6,1.0,586
2025-12-22,3605,819080,50364473,61.0,62.0,60.9,62.0,1.4,800
2025-12-23,3605,1103992,67546467,62.5,62.5,60.6,60.7,-1.3,1287
2025-12-24,3605,964671,58385570,61.0,61.2,60.0,60.0,-0.7,794
2025-12-26,3605,1638961,97447868,60.3,60.3,59.0,59.5,-0.5,1153
2025-12-29,3605,847634,50701350,59.6,60.1,59.5,59.6,0.1,643
2025-12-30,3605,1460197,85660836,59.9,59.9,58.0,58.9,-0.7,1252
2025-12-31,3605,4351556,269999168,59.3,63.2,59.3,62.2,3.3,3566
2026-01-02,3605,4137365,262382926,62.0,64.5,61.3,63.4,1.2,3254
2026-01-05,3605,4748915,303118469,64.9,65.8,62.0,63.8,0.4,3995
2026-01-06,3605,1640908,103170602,63.6,63.7,62.2,63.0,-0.8,1332
2026-01-07,3605,1654345,103191740,63.1,63.6,61.9,62.3,-0.7,1307
2026-01-08,3605,1684712,103280501,61.8,62.4,60.7,60.9,-1.4,1290
2026-01-09,3605,1398425,84048369,61.0,61.2,59.4,59.9,-1.0,1290
2026-01-12,3605,1536071,93710937,60.0,62.2,60.0,62.2,2.3,1202
2026-01-13,3605,1648169,102595195,62.5,63.2,61.6,62.0,-0.2,1501
2026-01-14,3605,1802645,113637857,62.5,63.6,61.9,62.8,0.8,1552
2026-01-15,3605,1264574,78743085,63.2,63.3,61.8,61.8,-1.0,1671
2026-01-16,3605,1672817,104764733,62.6,63.7,62.0,62.3,0.5,1226
2026-01-19,3605,3018952,192279756,62.9,64.9,62.7,63.2,0.9,2297
2026-01-20,3605,1590115,99784835,63.5,63.8,62.1,62.3,-0.9,1846
2026-01-21,3605,1910576,120714831,62.1,64.4,61.8,62.9,0.6,1696
2026-01-22,3605,3174705,204074370,63.4,65.4,63.0,65.0,2.1,2703
2026-01-23,3605,3342598,215781500,65.4,66.0,63.3,63.6,-1.4,3315
2026-01-26,3605,1528225,96688148,63.6,64.0,62.7,63.6,0.0,1162
2026-01-27,3605,10334155,696199504,63.8,69.3,63.3,67.7,4.1,6827
2026-01-28,3605,13871191,956009607,67.9,70.5,67.3,69.3,1.6,11378
2026-01-29,3605,4437266,295343302,68.4,68.6,65.4,66.4,-2.9,4166
2026-01-30,3605,2463251,160143900,66.0,66.3,64.2,64.6,-1.8,1947
2026-02-02,3605,2371686,153554940,64.3,66.2,63.5,64.4,-0.2,2095
2026-02-03,3605,2339520,149979280,65.0,65.4,62.7,64.9,0.5,2374
2026-02-04,3605,1297002,83987837,64.1,65.8,64.1,64.5,-0.4,1276
2026-02-05,3605,2038270,128111710,64.0,64.4,61.8,61.8,-2.7,1865
2026-02-06,3605,1558472,95057360,61.7,62.1,60.3,61.1,-0.7,1427
2026-02-09,3605,1672393,106024132,62.6,64.2,62.3,63.6,2.5,1478
2026-02-10,3605,2938451,192254376,65.8,67.2,63.6,63.6,0.0,2632
2026-02-11,3605,3160095,205131794,65.6,66.6,64.2,64.2,0.6,2942
2026-02-23,3605,1404015,90250953,64.8,65.0,63.5,64.0,-0.2,1170
2026-02-24,3605,2369295,154945899,63.8,66.3,63.6,66.3,2.3,1888
2026-02-25,3605,1688110,110030169,66.3,66.5,64.4,64.7,-1.6,2120
2026-02-26,3605,1298677,83865339,64.8,65.2,63.8,64.5,-0.2,1361
2026-03-02,3605,1723843,112032935,63.3,66.0,62.6,65.1,0.6,1453
2026-03-03,3605,1895823,121990660,65.5,66.3,63.0,63.4,-1.7,2281
2026-03-04,3605,1717618,104245258,62.0,62.1,59.8,60.0,0.0,1511
2026-03-05,3605,3119145,197242665,61.4,64.9,60.3,63.8,3.8,2126
2026-03-06,3605,2713098,173051413,63.7,64.9,62.5,63.6,-0.2,1799
2026-03-09,3605,2077984,122675942,59.5,60.2,58.0,59.5,-4.1,1771
2026-03-10,3605,1222272,73270034,61.0,61.1,59.0,59.1,-0.4,1047
2026-03-11,3605,837543,50562142,59.6,60.8,59.5,60.4,1.3,827
2026-03-12,3605,1670704,101559649,61.3,62.0,60.0,60.0,-0.4,1837
2026-03-13,3605,947785,56730503,59.3,60.7,59.2,59.6,-0.4,776
2026-03-16,3605,879596,52989702,60.2,60.9,59.5,60.3,0.7,776
2026-03-17,3605,1002192,61347690,60.9,61.8,60.5,61.1,0.8,1054
2026-03-18,3605,1339323,82734024,61.7,62.5,60.6,62.1,1.0,1396
2026-03-19,3605,1328893,82501877,61.8,63.0,61.2,62.1,0.0,1431
2026-03-20,3605,1225850,75391989,61.9,62.6,60.8,60.8,-1.3,963
2026-03-23,3605,1318101,77674548,59.3,59.8,58.5,58.5,-2.3,1041
2026-03-24,3605,1020479,59732576,59.5,59.8,57.4,58.2,-0.3,787
2026-03-25,3605,363456,21509744,59.8,59.8,58.6,59.1,0.9,401
2026-03-26,3605,1111905,66947801,59.6,61.3,59.1,59.3,0.2,997
2026-03-27,3605,683031,39993576,58.6,59.2,58.1,59.2,-0.1,904
2026-03-30,3605,1394713,79647309,58.0,58.3,56.3,56.5,-2.7,1342
2026-03-31,3605,954754,52828293,56.0,57.3,54.5,54.5,-2.0,1006
2026-04-01,3605,666430,37614748,56.0,56.9,56.0,56.5,2.0,517
2026-04-02,3605,2386895,141303430,57.9,60.9,56.2,60.1,3.6,2170
2026-04-07,3605,2816137,174925431,63.1,63.1,60.8,62.7,2.6,2319
2026-04-08,3605,5246915,342517431,63.8,66.9,63.4,66.6,3.9,3803
2026-04-09,3605,2674224,172811661,65.4,65.5,63.9,64.5,-2.1,2544
2026-04-10,3605,3228805,212450554,65.0,66.6,64.9,66.0,1.5,2470
2026-04-13,3605,2210945,146089131,66.0,66.7,65.0,65.7,-0.3,1625
2026-04-14,3605,2220236,146699015,66.8,67.2,65.0,65.0,-0.7,1675
2026-04-15,3605,2223679,143667347,65.9,66.5,63.6,63.8,-1.2,1629
2026-04-16,3605,963763,62080959,64.5,65.2,63.8,64.7,0.9,988
2026-04-17,3605,2833763,187337057,65.0,67.0,64.2,65.6,0.9,2448
2026-04-20,3605,4193586,283215973,66.5,68.5,66.5,67.5,1.9,3087
2026-04-21,3605,9025632,637302043,68.0,72.9,66.5,71.6,4.1,6343
2026-04-22,3605,14374142,1070180681,72.0,76.0,71.8,73.9,2.3,9291
2026-04-23,3605,18887553,1410119434,74.7,77.8,70.3,77.8,0.0,13532
2026-04-24,3605,13395565,1020588324,78.5,78.5,73.6,76.4,-1.4,11541
2026-04-27,3605,8131903,617741849,77.7,77.8,73.8,76.5,0.1,6172
2026-04-28,3605,25016004,2037141777,76.8,84.1,75.5,83.6,7.1,20162
2026-04-29,3605,14911520,1232193849,83.5,84.3,81.0,82.5,-1.1,11045
2026-04-30,3605,27731337,2458347598,86.1,90.7,86.1,87.1,4.6,21562
2026-05-04,3605,12666397,1089699714,87.5,87.7,84.2,85.8,-1.3,10435
2026-05-05,3605,17409827,1505997858,85.0,91.8,82.7,91.2,5.4,14054
2026-05-06,3605,13645834,1206287147,91.4,91.5,85.5,87.7,-3.5,11439
2026-05-07,3605,11908631,1052524452,90.3,91.4,86.4,87.2,-0.5,9540
2026-05-08,3605,7012631,590084762,86.3,86.6,82.1,83.3,-3.9,6414
2026-05-11,3605,7787167,629890408,82.5,83.0,77.2,82.3,-1.0,6370
2026-05-12,3605,5109091,418818416,82.6,84.0,80.7,81.8,-0.5,4389
2026-05-13,3605,3510432,281682230,80.3,81.1,79.2,80.3,-1.5,3029
2026-05-14,3605,4835140,391551800,81.9,82.5,80.2,80.2,-0.1,3735
2026-05-15,3605,5508039,431565970,81.0,81.7,76.5,77.1,-3.1,5073
2026-05-18,3605,2815743,212315293,76.8,76.8,73.3,76.0,-1.1,2369
2026-05-19,3605,3156285,243204207,76.3,78.8,75.7,76.0,0.0,2770
2026-05-20,3605,5866712,462972134,76.4,80.9,75.3,80.3,4.3,4878
2026-05-21,3605,9320126,763665146,82.0,83.2,80.5,81.8,1.5,7567
2026-05-22,3605,5098883,413363321,81.8,82.2,80.7,80.9,-0.9,5103
2026-05-25,3605,4386528,354419251,81.2,81.5,80.2,80.6,-0.3,4135
2026-05-26,3605,4608742,375016546,81.3,82.5,79.9,81.7,1.1,3679
2026-05-27,3605,5057645,403715873,82.5,82.5,77.6,78.3,-3.4,4939
2026-05-28,3605,6021076,482495830,79.1,81.8,78.3,78.3,0.0,4522
2026-05-29,3605,2230271,177577597,80.8,81.2,78.8,79.2,0.9,2969
2026-06-01,3605,2859275,228359920,79.8,80.8,79.2,79.2,0.0,2572
2026-06-02,3605,3043927,235879593,79.9,79.9,76.1,77.5,-1.7,3053
2026-06-03,3605,1945273,151132976,78.5,78.5,76.7,77.3,-0.2,1835
2026-06-04,3605,1479562,113571999,77.3,78.0,76.3,76.3,-1.0,1824
2026-06-05,3605,1915779,143499785,76.3,76.3,73.7,75.0,-1.3,1795
2026-06-08,3605,2680248,186250861,67.5,72.7,67.5,72.2,-2.8,2231
2026-06-09,3605,1684442,122430279,73.0,73.8,71.5,72.7,0.5,1558
2026-06-10,3605,2195011,154560100,71.5,73.0,68.4,68.4,-4.3,2246
2026-06-11,3605,3146609,222423864,68.7,73.0,67.6,72.9,4.5,2613
2026-06-12,3605,2220191,162635237,73.6,74.3,72.2,73.3,0.4,1957
2026-06-15,3605,1277790,95444016,74.3,75.9,73.5,74.2,0.9,1170
2026-06-16,3605,1166822,85432373,74.7,74.9,72.3,72.3,-1.9,1200
2026-06-17,3605,3021640,229055089,72.2,78.3,71.8,77.1,4.8,2525
2026-06-18,3605,7168015,578758842,77.3,82.6,77.3,80.5,3.4,6629
2026-06-22,3605,4148335,336349788,82.4,83.5,80.0,80.2,-0.3,4995
2026-06-23,3605,2823901,224709169,81.0,82.4,78.0,79.0,-1.2,2623
2026-06-24,3605,2013198,155312928,78.0,78.5,75.9,76.6,-2.4,2012
2026-06-25,3605,1997514,152056594,77.5,77.6,74.5,77.5,0.9,1692
2026-06-26,3605,1971504,149933637,77.1,78.1,73.9,74.0,-3.5,1674
2026-06-29,3605,4664251,367891219,73.9,80.6,73.7,78.0,4.0,3711
2026-06-30,3605,2419966,189675589,78.4,79.5,77.5,77.9,-0.1,2605
2026-07-01,3605,14473296,1205798807,79.5,85.6,78.7,85.6,7.7,9614
2026-07-02,3605,31356003,2784276916,84.6,92.0,83.2,90.1,4.5,23325
2026-07-03,3605,7953564,708837420,90.1,90.6,87.8,88.2,-1.9,12859
2026-07-06,3605,11776420,1045327855,90.3,91.5,85.8,87.7,-0.5,8147
2026-07-07,3605,22362302,2016480278,90.0,95.7,84.3,84.9,-2.8,14517
2026-07-08,3605,15873047,1433445240,89.5,92.0,88.5,90.8,5.9,11770
2026-07-09,3605,27808028,2574709327,95.7,96.5,90.2,91.2,0.4,20692
2026-07-13,3605,9829156,885101678,91.2,91.8,88.5,89.7,-1.5,7483
2026-07-14,3605,7212934,623043992,89.4,89.9,83.7,86.4,-3.3,5746
2026-07-15,3605,4263371,368323282,87.8,88.4,85.0,85.8,-0.6,3625
2026-07-16,3605,4101964,351466746,85.4,87.3,84.1,84.9,-0.9,3506
2026-07-17,3605,4997023,406027733,83.0,84.7,78.7,79.3,-5.6,4313
2026-07-20,3605,4664859,353844528,79.3,79.3,72.5,76.8,-2.5,3628
2026-07-21,3605,6731941,550683452,78.0,84.4,76.2,84.4,7.6,6369
2026-07-22,3605,15920917,1441112812,85.9,92.8,85.6,92.8,8.4,13686
2026-07-23,3605,11384177,1053687535,93.0,94.5,90.4,94.5,1.7,8890
2026-07-24,3605,7934533,731644250,92.0,95.1,89.8,91.0,-3.5,7034
2026-07-27,3605,5300259,482715604,90.0,92.7,89.6,91.0,0.0,4082
2026-07-28,3605,5535087,476561767,88.1,88.6,83.9,84.8,-6.2,7026
2026-07-29,3605,9015616,746673904,86.0,87.4,78.8,82.5,-2.3,8322
2026-07-30,3605,5477347,440182891,82.0,83.4,77.5,78.3,-4.2,4283
2026-07-31,3605,10025651,802657222,84.2,85.2,77.5,79.0,0.7,7165
2026-08-03,3605,5556818,465205153,78.6,86.5,78.1,84.2,5.2,4326
2026-08-04,3605,7975211,705652653,83.0,92.6,82.7,92.6,8.4,6090
2026-08-05,3605,23451330,2333651837,93.2,101.5,92.0,101.5,8.9,17515
2026-08-06,3605,22514018,2382205012,102.5,111.5,98.0,108.0,6.5,22320
2026-08-07,3605,11193035,1209200628,108.0,113.0,104.5,107.5,-0.5,10483
2026-08-10,3605,9989806,1074846285,108.5,110.5,103.0,109.0,1.5,10140
2026-08-11,3605,15655243,1787462699,111.5,119.5,109.5,111.0,2.0,14406
2026-08-12,3605,8422797,1001720655,111.0,120.0,111.0,120.0,0.0,5059
2026-08-13,3605,13830861,1767843805,124.5,132.0,123.0,132.0,12.0,8852
2026-08-14,3605,18819544,2498570996,134.0,137.5,128.0,131.5,-0.5,13460
2026-08-17,3605,7347466,968046906,131.5,136.5,128.0,131.5,0.0,6607
2026-08-18,3605,11788125,1461429798,133.0,133.0,119.0,121.0,-10.5,8204
2026-08-19,3605,6294199,747848257,120.0,122.5,116.5,119.0,-2.0,5919
2026-08-20,3605,9699155,1075171509,119.5,119.5,107.5,110.0,-9.0,7770
2026-08-21,3605,5102278,551333402,109.0,111.0,106.5,108.5,-1.5,4147
2026-08-24,3605,14380707,1661484870,109.0,119.0,108.5,115.5,7.0,10569
2026-08-25,3605,14837321,1716998837,118.0,121.0,111.5,116.5,1.0,10087
2026-08-26,3605,8401678,945424749,114.5,115.0,111.0,112.0,-4.5,7341
2026-08-27,3605,14003684,1645715475,111.5,121.5,111.5,119.5,7.5,10404
2026-08-28,3605,19148721,2423511074,121.0,131.0,118.0,131.0,11.5,12814
2026-08-31,3605,36448245,4960338838,128.5,141.0,127.5,139.0,8.0,26579
2026-09-01,3605,7867059,992522287,128.5,132.0,125.5,125.5,-13.5,6708
2026-09-02,3605,19992489,2561647671,123.5,134.0,120.0,127.0,1.5,15317
2026-09-03,3605,13684319,1635226546,128.0,129.5,114.5,114.5,-12.5,11861
2026-09-04,3605,12601654,1491000022,118.5,124.5,113.5,118.0,3.5,8936
2026-09-07,3605,10428662,1272015072,121.5,128.0,117.0,120.5,2.5,8778
2026-09-08,3605,16952861,2159676202,122.0,132.5,120.0,124.0,3.5,14031
2026-09-09,3605,25273109,3271198355,123.0,134.5,121.5,129.5,5.5,17775
2026-09-10,3605,9745092,1243135521,128.0,131.0,124.5,128.0,-1.5,7981
2026-09-11,3605,4915056,611869033,125.0,127.0,122.0,122.5,-5.5,4469
2026-09-14,3605,8387303,1029425350,120.0,127.0,118.0,126.5,4.0,5776
2026-09-15,3605,7841855,985190624,124.5,129.5,122.0,127.5,1.0,5799
2026-09-16,3605,20987973,2839545933,130.0,140.0,129.0,140.0,12.5,14691
2026-09-17,3605,41785207,6025478884,145.0,152.5,137.5,140.0,0.0,29280
2026-09-18,3605,38476309,5788857437,149.5,154.0,142.0,154.0,14.0,24611
2026-09-21,3605,50842491,8082922274,154.0,169.0,151.0,169.0,15.0,31618
2026-09-22,3605,38677204,6562612503,177.0,177.0,165.0,171.5,2.5,29099
2026-09-23,3605,32655109,5946072034,174.5,188.5,174.5,180.0,8.5,24326
2026-09-24,3605,14851996,2720678460,179.5,186.5,178.5,183.5,3.5,13777
