Date,Open,High,Low,Close,Volume
2016-09-26,24.60784339904785,24.852941513061523,24.41176414489746,24.41176414489746,22441
2016-09-27,24.41176414489746,24.41176414489746,24.41176414489746,24.41176414489746,0
2016-09-28,24.41176414489746,24.41176414489746,24.41176414489746,24.41176414489746,0
2016-09-29,25.735294342041016,25.735294342041016,24.60784339904785,24.60784339904785,10201
2016-09-30,24.509803771972656,24.509803771972656,24.215686798095703,24.264705657958984,13261
2016-10-03,24.36274528503418,24.509803771972656,24.019607543945312,24.313724517822266,17341
2016-10-04,24.16666603088379,24.16666603088379,23.431371688842773,23.431371688842773,46921
2016-10-05,23.431371688842773,23.431371688842773,23.13725471496582,23.235294342041016,15301
2016-10-06,23.431371688842773,23.72549057006836,23.431371688842773,23.480392456054688,7140
2016-10-07,23.333332061767578,23.333332061767578,23.333332061767578,23.333332061767578,1020
2016-10-11,22.990196228027344,22.990196228027344,22.156862258911133,22.254901885986328,30600
2016-10-12,22.058822631835938,22.058822631835938,21.91176414489746,22.058822631835938,16320
2016-10-13,22.696077346801758,22.696077346801758,22.058822631835938,22.156862258911133,11220
2016-10-14,21.91176414489746,21.91176414489746,21.372549057006836,21.421567916870117,26520
2016-10-17,21.47058868408203,21.47058868408203,20.58823585510254,20.735294342041016,37752
2016-10-18,20.6862735748291,20.882352828979492,20.39215660095215,20.44117546081543,22338
2016-10-19,20.6862735748291,20.882352828979492,20.147058486938477,20.58823585510254,48139
2016-10-20,20.490196228027344,20.539215087890625,20.294116973876953,20.44117546081543,14280
2016-10-21,20.490196228027344,20.490196228027344,20.245098114013672,20.245098114013672,12272
2016-10-24,20.245098114013672,20.245098114013672,20.098039627075195,20.098039627075195,17388
2016-10-25,20.833332061767578,22.10784339904785,20.784313201904297,22.10784339904785,70380
2016-10-26,22.254901885986328,24.313724517822266,22.254901885986328,24.313724517822266,283713
2016-10-27,24.754901885986328,26.421567916870117,24.754901885986328,25.0,474443
2016-10-28,24.705881118774414,24.705881118774414,23.57843017578125,24.117647171020508,84660
2016-10-31,23.676469802856445,23.97058868408203,23.382352828979492,23.921567916870117,20400
2016-11-01,23.627450942993164,23.77450942993164,23.57843017578125,23.72549057006836,14280
2016-11-02,23.72549057006836,23.72549057006836,23.13725471496582,23.13725471496582,21420
2016-11-03,23.13725471496582,25.44117546081543,22.94117546081543,25.098039627075195,209194
2016-11-04,24.215686798095703,24.509803771972656,23.52941131591797,23.823528289794922,105060
2016-11-07,23.72549057006836,23.72549057006836,23.480392456054688,23.480392456054688,33660
2016-11-08,23.039215087890625,23.480392456054688,22.54901885986328,23.480392456054688,66311
2016-11-09,23.039215087890625,23.480392456054688,22.696077346801758,23.431371688842773,46002
2016-11-10,23.13725471496582,23.823528289794922,22.54901885986328,23.235294342041016,39780
2016-11-11,23.235294342041016,23.480392456054688,22.696077346801758,22.696077346801758,41820
2016-11-14,22.843137741088867,22.89215660095215,22.843137741088867,22.843137741088867,8160
2016-11-15,23.039215087890625,23.57843017578125,22.89215660095215,22.990196228027344,33670
2016-11-16,23.284313201904297,23.333332061767578,22.54901885986328,22.54901885986328,45900
2016-11-17,22.647058486938477,22.696077346801758,22.647058486938477,22.696077346801758,4090
2016-11-18,23.039215087890625,23.235294342041016,22.745098114013672,23.235294342041016,12250
2016-11-21,23.333332061767578,23.333332061767578,23.039215087890625,23.039215087890625,8160
2016-11-22,23.039215087890625,23.333332061767578,22.94117546081543,22.94117546081543,22440
2016-11-23,22.94117546081543,22.94117546081543,22.5,22.54901885986328,26122
2016-11-24,22.990196228027344,23.039215087890625,22.54901885986328,23.039215087890625,17350
2016-11-25,23.039215087890625,23.235294342041016,22.54901885986328,22.54901885986328,67320
2016-11-28,22.598039627075195,22.598039627075195,21.764705657958984,22.058822631835938,37740
2016-11-29,22.058822631835938,22.058822631835938,21.764705657958984,21.86274528503418,19380
2016-11-30,21.91176414489746,22.10784339904785,21.91176414489746,22.10784339904785,7140
2016-12-01,21.960784912109375,22.254901885986328,21.960784912109375,22.156862258911133,19431
2016-12-02,22.54901885986328,22.54901885986328,22.058822631835938,22.401960372924805,5113
2016-12-05,22.401960372924805,22.401960372924805,22.401960372924805,22.401960372924805,1020
2016-12-06,22.205881118774414,22.254901885986328,21.86274528503418,22.156862258911133,20502
2016-12-07,23.333332061767578,24.36274528503418,22.94117546081543,23.13725471496582,129540
2016-12-08,23.13725471496582,23.235294342041016,22.745098114013672,22.745098114013672,31620
2016-12-09,23.627450942993164,23.627450942993164,22.990196228027344,23.13725471496582,3468
2016-12-12,23.13725471496582,23.13725471496582,22.843137741088867,22.990196228027344,12240
2016-12-13,23.823528289794922,23.823528289794922,22.94117546081543,22.94117546081543,16320
2016-12-14,22.745098114013672,22.745098114013672,22.450979232788086,22.450979232788086,15441
2016-12-15,22.450979232788086,22.54901885986328,22.352941513061523,22.352941513061523,20400
2016-12-16,22.352941513061523,22.352941513061523,22.156862258911133,22.156862258911133,9180
2016-12-19,22.89215660095215,22.89215660095215,21.960784912109375,22.30392074584961,12240
2016-12-20,22.352941513061523,22.745098114013672,22.058822631835938,22.5,7141
2016-12-21,22.10784339904785,22.450979232788086,22.10784339904785,22.450979232788086,4147
2016-12-22,22.990196228027344,22.990196228027344,22.450979232788086,22.450979232788086,9180
2016-12-23,23.333332061767578,23.333332061767578,23.333332061767578,23.333332061767578,2040
2016-12-26,22.696077346801758,22.696077346801758,22.205881118774414,22.205881118774414,16320
2016-12-27,22.058822631835938,22.401960372924805,22.058822631835938,22.401960372924805,52030
2016-12-28,22.401960372924805,22.401960372924805,22.401960372924805,22.401960372924805,1020
2016-12-29,22.156862258911133,22.401960372924805,22.058822631835938,22.401960372924805,11220
2016-12-30,22.205881118774414,22.401960372924805,22.156862258911133,22.156862258911133,10465
2017-01-03,21.960784912109375,22.30392074584961,21.715686798095703,22.30392074584961,20400
2017-01-04,21.960784912109375,22.352941513061523,21.960784912109375,22.352941513061523,17340
2017-01-05,21.960784912109375,22.254901885986328,21.960784912109375,22.009803771972656,20400
2017-01-06,22.009803771972656,22.058822631835938,21.86274528503418,22.058822631835938,13376
2017-01-09,21.91176414489746,22.10784339904785,21.813724517822266,22.10784339904785,9180
2017-01-10,21.86274528503418,22.058822631835938,21.813724517822266,22.058822631835938,14664
2017-01-11,21.86274528503418,21.91176414489746,21.66666603088379,21.91176414489746,18076
2017-01-12,21.568626403808594,21.86274528503418,21.568626403808594,21.764705657958984,30600
2017-01-13,21.764705657958984,21.764705657958984,21.764705657958984,21.764705657958984,2040
2017-01-16,21.764705657958984,21.764705657958984,21.47058868408203,21.66666603088379,11220
2017-01-17,21.66666603088379,22.009803771972656,21.66666603088379,22.009803771972656,10210
2017-01-18,21.764705657958984,21.764705657958984,21.617647171020508,21.617647171020508,7140
2017-01-19,21.617647171020508,21.617647171020508,21.617647171020508,21.617647171020508,7140
2017-01-20,21.617647171020508,21.813724517822266,21.568626403808594,21.764705657958984,25500
2017-01-23,21.66666603088379,21.764705657958984,21.568626403808594,21.764705657958984,13260
2017-01-24,21.568626403808594,22.058822631835938,21.568626403808594,21.764705657958984,22966
2017-02-02,22.058822631835938,22.058822631835938,21.66666603088379,21.715686798095703,37740
2017-02-03,21.86274528503418,22.009803771972656,21.813724517822266,21.813724517822266,22440
2017-02-06,21.813724517822266,22.009803771972656,21.813724517822266,22.009803771972656,29580
2017-02-07,22.058822631835938,22.450979232788086,22.009803771972656,22.352941513061523,30600
2017-02-08,22.352941513061523,22.352941513061523,22.254901885986328,22.254901885986328,13362
2017-02-09,22.352941513061523,23.235294342041016,22.254901885986328,22.696077346801758,59160
2017-02-10,22.745098114013672,22.745098114013672,22.30392074584961,22.450979232788086,41830
2017-02-13,22.990196228027344,22.990196228027344,22.401960372924805,22.401960372924805,17363
2017-02-14,22.352941513061523,22.352941513061523,22.156862258911133,22.205881118774414,15300
2017-02-15,22.254901885986328,22.254901885986328,21.764705657958984,21.764705657958984,39372
2017-02-16,22.009803771972656,22.254901885986328,21.568626403808594,21.764705657958984,28700
2017-02-17,21.91176414489746,21.91176414489746,21.764705657958984,21.86274528503418,44880
2017-02-20,21.813724517822266,23.235294342041016,21.813724517822266,22.794116973876953,201419
2017-02-21,22.94117546081543,22.94117546081543,22.058822631835938,22.647058486938477,85435
2017-02-22,22.254901885986328,22.745098114013672,22.254901885986328,22.401960372924805,27540
2017-02-23,22.401960372924805,22.54901885986328,22.254901885986328,22.254901885986328,20400
2017-02-24,22.5,22.5,22.156862258911133,22.450979232788086,32640
2017-03-01,22.54901885986328,22.54901885986328,22.254901885986328,22.254901885986328,27540
2017-03-02,22.401960372924805,22.401960372924805,22.10784339904785,22.254901885986328,22440
2017-03-03,22.254901885986328,22.5,22.254901885986328,22.30392074584961,23460
2017-03-06,22.30392074584961,22.401960372924805,22.156862258911133,22.401960372924805,6120
2017-03-07,22.205881118774414,22.5,22.205881118774414,22.5,8165
2017-03-08,22.54901885986328,22.54901885986328,22.10784339904785,22.254901885986328,25500
2017-03-09,22.254901885986328,22.254901885986328,22.058822631835938,22.058822631835938,24679
2017-03-10,21.960784912109375,21.960784912109375,21.764705657958984,21.764705657958984,31620
2017-03-13,22.058822631835938,22.058822631835938,22.058822631835938,22.058822631835938,13260
2017-03-14,22.10784339904785,22.10784339904785,22.10784339904785,22.10784339904785,7140
2017-03-15,22.10784339904785,22.10784339904785,21.91176414489746,22.058822631835938,9180
2017-03-16,21.86274528503418,22.058822631835938,21.86274528503418,21.86274528503418,9180
2017-03-17,22.058822631835938,22.058822631835938,21.86274528503418,22.058822631835938,17340
2017-03-20,22.009803771972656,22.009803771972656,22.009803771972656,22.009803771972656,8175
2017-03-21,22.009803771972656,22.352941513061523,22.009803771972656,22.30392074584961,35700
2017-03-22,22.30392074584961,22.30392074584961,22.009803771972656,22.058822631835938,21426
2017-03-23,22.058822631835938,23.039215087890625,22.058822631835938,22.54901885986328,74463
2017-03-24,22.54901885986328,22.54901885986328,22.156862258911133,22.156862258911133,87012
2017-03-27,22.058822631835938,22.10784339904785,21.91176414489746,22.10784339904785,9180
2017-03-28,22.058822631835938,22.156862258911133,21.86274528503418,22.156862258911133,18360
2017-03-29,21.960784912109375,22.401960372924805,21.960784912109375,22.401960372924805,11220
2017-03-30,22.352941513061523,23.431371688842773,21.960784912109375,22.5,39790
2017-03-31,22.5,22.5,22.10784339904785,22.254901885986328,13261
2017-04-05,22.156862258911133,22.401960372924805,21.960784912109375,22.401960372924805,27560
2017-04-06,22.058822631835938,22.401960372924805,21.960784912109375,22.401960372924805,11225
2017-04-07,22.10784339904785,22.10784339904785,21.764705657958984,21.960784912109375,98940
2017-04-10,21.960784912109375,21.960784912109375,21.519607543945312,21.519607543945312,67534
2017-04-11,20.931371688842773,21.47058868408203,20.58823585510254,20.980392456054688,36730
2017-04-12,20.6862735748291,20.833332061767578,20.58823585510254,20.833332061767578,17340
2017-04-13,20.63725471496582,21.27450942993164,20.58823585510254,21.127450942993164,17982
2017-04-14,21.127450942993164,21.421567916870117,20.980392456054688,20.980392456054688,10506
2017-04-17,20.6862735748291,20.6862735748291,20.0,20.098039627075195,63547
2017-04-18,20.098039627075195,20.098039627075195,19.852941513061523,19.901960372924805,29070
2017-04-19,19.901960372924805,19.950979232788086,19.60784339904785,19.754901885986328,20400
2017-04-20,20.098039627075195,20.490196228027344,19.80392074584961,19.80392074584961,18513
2017-04-21,19.80392074584961,20.0,19.656862258911133,19.950979232788086,29580
2017-04-24,19.950979232788086,21.127450942993164,19.950979232788086,20.0,11220
2017-04-25,20.098039627075195,20.098039627075195,19.60784339904785,19.60784339904785,17340
2017-04-26,19.705881118774414,19.705881118774414,19.313724517822266,19.41176414489746,38775
2017-04-27,19.41176414489746,19.558822631835938,19.41176414489746,19.558822631835938,7140
2017-04-28,19.558822631835938,19.558822631835938,17.843137741088867,18.13725471496582,123567
2017-05-02,18.284313201904297,18.333332061767578,17.794116973876953,17.843137741088867,46989
2017-05-03,17.843137741088867,17.990196228027344,17.794116973876953,17.94117546081543,69360
2017-05-04,18.13725471496582,18.13725471496582,17.94117546081543,17.94117546081543,4182
2017-05-05,17.94117546081543,18.039215087890625,17.843137741088867,18.039215087890625,55080
2017-05-08,17.94117546081543,17.94117546081543,17.696077346801758,17.696077346801758,14331
2017-05-09,17.696077346801758,17.794116973876953,17.058822631835938,17.058822631835938,31650
2017-05-10,17.156862258911133,17.352941513061523,17.156862258911133,17.254901885986328,10200
2017-05-11,17.794116973876953,17.94117546081543,17.598039627075195,17.745098114013672,45912
2017-05-12,17.843137741088867,17.843137741088867,17.696077346801758,17.843137741088867,16320
2017-05-15,17.94117546081543,18.333332061767578,17.843137741088867,17.990196228027344,18870
2017-05-16,17.89215660095215,17.89215660095215,17.647058486938477,17.89215660095215,19397
2017-05-17,17.745098114013672,17.843137741088867,17.647058486938477,17.843137741088867,17340
2017-05-18,17.647058486938477,19.460784912109375,17.647058486938477,18.921567916870117,26520
2017-05-19,18.627450942993164,19.019607543945312,18.333332061767578,18.333332061767578,33660
2017-05-22,18.382352828979492,18.480392456054688,18.13725471496582,18.1862735748291,21420
2017-05-23,18.1862735748291,18.382352828979492,18.1862735748291,18.235294342041016,10200
2017-05-24,18.872549057006836,18.872549057006836,18.284313201904297,18.284313201904297,8160
2017-05-25,18.284313201904297,18.382352828979492,17.990196228027344,18.039215087890625,46920
2017-05-26,17.990196228027344,18.1862735748291,17.94117546081543,18.1862735748291,9180
2017-05-31,18.382352828979492,18.382352828979492,18.08823585510254,18.333332061767578,16491
2017-06-01,18.431371688842773,18.431371688842773,18.13725471496582,18.235294342041016,5100
2017-06-02,18.431371688842773,18.431371688842773,18.13725471496582,18.13725471496582,19380
2017-06-05,20.58823585510254,20.784313201904297,20.098039627075195,20.196077346801758,153321
2017-06-06,20.343137741088867,20.343137741088867,19.509803771972656,19.509803771972656,23970
2017-06-07,19.656862258911133,19.656862258911133,19.264705657958984,19.60784339904785,39795
2017-06-08,19.60784339904785,19.705881118774414,19.16666603088379,19.16666603088379,24974
2017-06-09,19.215686798095703,19.215686798095703,19.16666603088379,19.16666603088379,3060
2017-06-12,19.117647171020508,19.705881118774414,19.117647171020508,19.705881118774414,6120
2017-06-13,19.705881118774414,19.705881118774414,19.705881118774414,19.705881118774414,0
2017-06-14,19.313724517822266,19.60784339904785,18.72549057006836,19.60784339904785,27690
2017-06-15,19.60784339904785,19.60784339904785,19.60784339904785,19.60784339904785,0
2017-06-16,19.117647171020508,19.509803771972656,19.117647171020508,19.509803771972656,2040
2017-06-19,19.36274528503418,20.04901885986328,19.313724517822266,19.950979232788086,9189
2017-06-20,19.656862258911133,19.901960372924805,19.117647171020508,19.901960372924805,16371
2017-06-21,19.36274528503418,19.36274528503418,19.215686798095703,19.215686798095703,20400
2017-06-22,19.215686798095703,19.313724517822266,19.068626403808594,19.068626403808594,8160
2017-06-23,19.117647171020508,19.460784912109375,19.068626403808594,19.460784912109375,6120
2017-06-26,19.41176414489746,19.41176414489746,18.823528289794922,18.823528289794922,14280
2017-06-27,18.823528289794922,19.558822631835938,18.823528289794922,18.823528289794922,14280
2017-06-28,19.313724517822266,19.313724517822266,18.823528289794922,18.872549057006836,16320
2017-06-29,19.16666603088379,19.16666603088379,19.16666603088379,19.16666603088379,1020
2017-06-30,18.921567916870117,19.068626403808594,18.627450942993164,19.068626403808594,23520
2017-07-03,18.823528289794922,19.215686798095703,18.823528289794922,19.215686798095703,4080
2017-07-04,18.872549057006836,19.068626403808594,18.77450942993164,18.77450942993164,7140
2017-07-05,19.019607543945312,19.019607543945312,18.627450942993164,18.676469802856445,11220
2017-07-06,18.676469802856445,18.921567916870117,18.627450942993164,18.921567916870117,14280
2017-07-07,18.627450942993164,18.823528289794922,18.480392456054688,18.823528289794922,10200
2017-07-10,18.52941131591797,18.52941131591797,18.08823585510254,18.08823585510254,35700
2017-07-11,18.13725471496582,18.13725471496582,17.94117546081543,17.94117546081543,30600
2017-07-12,17.94117546081543,18.13725471496582,17.94117546081543,18.039215087890625,3060
2017-07-13,18.284313201904297,18.284313201904297,17.94117546081543,17.94117546081543,10200
2017-07-14,18.13725471496582,18.13725471496582,17.89215660095215,17.89215660095215,35700
2017-07-17,17.94117546081543,18.039215087890625,17.843137741088867,17.843137741088867,15300
2017-07-18,18.039215087890625,18.039215087890625,17.647058486938477,17.647058486938477,24480
2017-07-19,17.94117546081543,18.13725471496582,17.794116973876953,17.794116973876953,28560
2017-07-20,17.843137741088867,18.333332061767578,17.843137741088867,17.89215660095215,36720
2017-07-21,18.039215087890625,18.039215087890625,17.843137741088867,17.843137741088867,12240
2017-07-24,18.039215087890625,19.16666603088379,17.94117546081543,17.94117546081543,13260
2017-07-25,17.990196228027344,18.13725471496582,17.89215660095215,17.94117546081543,13260
2017-07-26,17.94117546081543,18.08823585510254,17.89215660095215,17.89215660095215,9180
2017-07-27,18.284313201904297,18.284313201904297,17.745098114013672,17.89215660095215,10200
2017-07-28,17.94117546081543,17.94117546081543,17.745098114013672,17.794116973876953,10200
2017-07-31,17.647058486938477,17.990196228027344,17.450979232788086,17.5,26520
2017-08-01,17.843137741088867,17.843137741088867,17.843137741088867,17.843137741088867,2040
2017-08-02,17.598039627075195,17.598039627075195,17.450979232788086,17.450979232788086,28560
2017-08-03,17.450979232788086,17.5,17.30392074584961,17.30392074584961,11220
2017-08-04,17.30392074584961,17.450979232788086,17.30392074584961,17.352941513061523,11220
2017-08-07,17.352941513061523,17.352941513061523,17.10784339904785,17.156862258911133,21420
2017-08-08,17.156862258911133,17.30392074584961,17.10784339904785,17.30392074584961,6120
2017-08-09,17.30392074584961,17.401960372924805,17.156862258911133,17.156862258911133,10200
2017-08-10,17.254901885986328,17.94117546081543,17.058822631835938,17.058822631835938,18360
2017-08-11,17.156862258911133,17.156862258911133,16.86274528503418,16.86274528503418,18680
2017-08-14,16.86274528503418,16.86274528503418,16.519607543945312,16.519607543945312,23509
2017-08-15,16.764705657958984,16.764705657958984,16.568626403808594,16.764705657958984,12240
2017-08-16,16.764705657958984,16.960784912109375,16.764705657958984,16.960784912109375,9180
2017-08-17,16.715686798095703,16.960784912109375,16.66666603088379,16.764705657958984,19380
2017-08-18,16.91176414489746,16.91176414489746,16.764705657958984,16.764705657958984,3060
2017-08-21,16.66666603088379,16.813724517822266,16.66666603088379,16.764705657958984,10200
2017-08-22,16.813724517822266,16.813724517822266,16.764705657958984,16.764705657958984,11220
2017-08-23,16.86274528503418,16.86274528503418,16.86274528503418,16.86274528503418,1020
2017-08-24,16.86274528503418,16.86274528503418,16.764705657958984,16.813724517822266,14280
2017-08-25,16.86274528503418,16.91176414489746,16.813724517822266,16.86274528503418,9180
2017-08-28,16.960784912109375,16.960784912109375,16.66666603088379,16.764705657958984,9180
2017-08-29,16.813724517822266,16.813724517822266,16.813724517822266,16.813724517822266,1020
2017-08-30,16.66666603088379,16.66666603088379,16.176469802856445,16.47058868408203,68340
2017-08-31,16.47058868408203,16.47058868408203,16.47058868408203,16.47058868408203,7140
2017-09-01,16.323528289794922,16.323528289794922,16.02941131591797,16.127450942993164,60180
2017-09-04,16.127450942993164,17.156862258911133,16.127450942993164,16.323528289794922,62220
2017-09-05,16.764705657958984,17.156862258911133,16.66666603088379,17.156862258911133,64260
2017-09-06,17.058822631835938,18.872549057006836,17.058822631835938,17.450979232788086,621268
2017-09-07,17.598039627075195,17.598039627075195,17.205881118774414,17.205881118774414,64273
2017-09-08,17.10784339904785,17.205881118774414,17.10784339904785,17.10784339904785,16320
2017-09-11,17.401960372924805,17.990196228027344,17.401960372924805,17.401960372924805,37740
2017-09-12,17.843137741088867,17.843137741088867,17.401960372924805,17.54901885986328,47940
2017-09-13,17.401960372924805,17.598039627075195,17.205881118774414,17.54901885986328,13260
2017-09-14,17.696077346801758,17.696077346801758,17.696077346801758,17.696077346801758,3060
2017-09-15,17.94117546081543,17.94117546081543,17.30392074584961,17.598039627075195,20401
2017-09-18,16.91176414489746,17.696077346801758,16.91176414489746,17.647058486938477,10200
2017-09-19,17.843137741088867,17.843137741088867,17.794116973876953,17.794116973876953,5202
2017-09-20,17.352941513061523,17.745098114013672,17.10784339904785,17.696077346801758,12240
2017-09-21,17.794116973876953,17.794116973876953,17.205881118774414,17.254901885986328,25535
2017-09-22,17.401960372924805,17.450979232788086,17.156862258911133,17.156862258911133,8160
2017-09-25,17.205881118774414,17.450979232788086,17.205881118774414,17.450979232788086,13260
2017-09-26,17.450979232788086,17.647058486938477,17.450979232788086,17.450979232788086,17340
2017-09-27,17.450979232788086,17.450979232788086,17.254901885986328,17.254901885986328,12240
2017-09-28,17.10784339904785,17.10784339904785,17.10784339904785,17.10784339904785,3060
2017-09-29,18.13725471496582,18.1862735748291,16.960784912109375,17.10784339904785,16320
2017-10-02,16.960784912109375,16.960784912109375,16.960784912109375,16.960784912109375,3090
2017-10-03,16.86274528503418,17.009803771972656,16.813724517822266,17.009803771972656,6129
2017-10-05,17.058822631835938,17.058822631835938,17.058822631835938,17.058822631835938,3060
2017-10-06,17.156862258911133,17.156862258911133,17.156862258911133,17.156862258911133,1020
2017-10-11,17.205881118774414,17.254901885986328,17.009803771972656,17.254901885986328,15300
2017-10-12,16.960784912109375,17.30392074584961,16.960784912109375,17.30392074584961,17878
2017-10-13,17.30392074584961,17.352941513061523,17.30392074584961,17.352941513061523,9180
2017-10-16,17.058822631835938,17.058822631835938,16.47058868408203,16.86274528503418,74516
2017-10-17,16.617647171020508,16.617647171020508,16.372549057006836,16.372549057006836,35190
2017-10-18,16.372549057006836,16.372549057006836,16.127450942993164,16.372549057006836,30681
2017-10-19,16.372549057006836,16.372549057006836,16.127450942993164,16.372549057006836,16084
2017-10-20,16.176469802856445,16.176469802856445,16.176469802856445,16.176469802856445,14280
2017-10-23,16.27450942993164,16.27450942993164,16.02941131591797,16.127450942993164,15300
2017-10-24,16.127450942993164,16.323528289794922,16.127450942993164,16.323528289794922,11220
2017-10-25,16.07843017578125,16.323528289794922,16.07843017578125,16.176469802856445,19380
2017-10-26,16.07843017578125,17.352941513061523,16.07843017578125,16.27450942993164,24480
2017-10-27,16.27450942993164,16.27450942993164,16.127450942993164,16.127450942993164,14280
2017-10-30,16.176469802856445,16.47058868408203,16.176469802856445,16.47058868408203,12240
2017-10-31,16.47058868408203,16.47058868408203,16.127450942993164,16.127450942993164,27541
2017-11-01,16.176469802856445,16.323528289794922,16.127450942993164,16.323528289794922,14280
2017-11-02,16.176469802856445,16.176469802856445,16.07843017578125,16.176469802856445,28560
2017-11-03,16.421567916870117,16.47058868408203,16.07843017578125,16.323528289794922,61200
2017-11-06,16.372549057006836,16.519607543945312,16.176469802856445,16.176469802856445,8196
2017-11-07,16.27450942993164,16.519607543945312,16.27450942993164,16.519607543945312,13260
2017-11-08,16.27450942993164,16.27450942993164,16.176469802856445,16.176469802856445,7874
2017-11-09,16.176469802856445,16.323528289794922,16.07843017578125,16.127450942993164,23460
2017-11-10,16.519607543945312,16.519607543945312,16.22549057006836,16.27450942993164,23460
2017-11-13,16.372549057006836,16.47058868408203,16.07843017578125,16.176469802856445,39780
2017-11-14,16.27450942993164,16.323528289794922,16.176469802856445,16.22549057006836,8160
2017-11-15,16.22549057006836,16.27450942993164,16.176469802856445,16.27450942993164,10302
2017-11-16,16.27450942993164,16.27450942993164,16.27450942993164,16.27450942993164,0
2017-11-17,16.27450942993164,17.401960372924805,16.27450942993164,16.568626403808594,21421
2017-11-20,16.372549057006836,16.372549057006836,16.372549057006836,16.372549057006836,5101
2017-11-21,16.372549057006836,16.519607543945312,16.372549057006836,16.372549057006836,12240
2017-11-22,16.372549057006836,16.66666603088379,16.372549057006836,16.66666603088379,17340
2017-11-23,16.47058868408203,16.764705657958984,16.47058868408203,16.764705657958984,13260
2017-11-24,16.764705657958984,16.960784912109375,16.519607543945312,16.86274528503418,31620
2017-11-27,16.960784912109375,17.058822631835938,16.568626403808594,16.66666603088379,8160
2017-11-28,16.66666603088379,16.66666603088379,16.66666603088379,16.66666603088379,0
2017-11-29,16.86274528503418,17.647058486938477,16.86274528503418,16.86274528503418,4080
2017-11-30,16.66666603088379,16.66666603088379,16.519607543945312,16.66666603088379,27540
2017-12-01,16.66666603088379,16.960784912109375,16.66666603088379,16.960784912109375,21420
2017-12-04,16.960784912109375,17.009803771972656,16.91176414489746,16.91176414489746,3060
2017-12-05,16.66666603088379,16.764705657958984,16.568626403808594,16.66666603088379,6120
2017-12-06,16.66666603088379,16.66666603088379,16.66666603088379,16.66666603088379,21420
2017-12-07,16.66666603088379,16.66666603088379,16.66666603088379,16.66666603088379,15300
2017-12-08,16.66666603088379,16.715686798095703,16.66666603088379,16.715686798095703,12240
2017-12-11,16.91176414489746,16.960784912109375,16.91176414489746,16.960784912109375,18360
2017-12-12,16.91176414489746,17.009803771972656,16.715686798095703,17.009803771972656,19415
2017-12-13,16.960784912109375,16.960784912109375,16.764705657958984,16.764705657958984,6120
2017-12-14,17.156862258911133,17.156862258911133,16.764705657958984,17.009803771972656,26520
2017-12-15,17.009803771972656,17.009803771972656,16.960784912109375,16.960784912109375,8160
2017-12-18,17.058822631835938,17.058822631835938,16.764705657958984,16.764705657958984,9180
2017-12-19,16.715686798095703,16.86274528503418,16.715686798095703,16.86274528503418,14280
2017-12-20,16.960784912109375,17.10784339904785,16.960784912109375,17.10784339904785,5100
2017-12-21,16.960784912109375,16.960784912109375,16.813724517822266,16.813724517822266,6120
2017-12-22,16.813724517822266,16.813724517822266,16.764705657958984,16.764705657958984,7242
2017-12-25,16.764705657958984,16.960784912109375,16.764705657958984,16.960784912109375,2193
2017-12-26,16.66666603088379,16.813724517822266,16.66666603088379,16.764705657958984,25518
2017-12-27,16.86274528503418,16.86274528503418,16.764705657958984,16.764705657958984,12240
2017-12-28,16.764705657958984,16.86274528503418,16.764705657958984,16.813724517822266,11220
2017-12-29,16.764705657958984,16.813724517822266,16.764705657958984,16.764705657958984,15300
2018-01-02,16.86274528503418,16.86274528503418,16.86274528503418,16.86274528503418,5100
2018-01-03,17.058822631835938,17.205881118774414,16.86274528503418,16.86274528503418,17340
2018-01-04,16.813724517822266,16.813724517822266,16.813724517822266,16.813724517822266,3060
2018-01-05,16.86274528503418,16.86274528503418,16.86274528503418,16.86274528503418,5100
2018-01-08,16.764705657958984,16.960784912109375,16.715686798095703,16.715686798095703,7140
2018-01-09,16.764705657958984,16.813724517822266,16.66666603088379,16.813724517822266,14280
2018-01-10,16.715686798095703,16.86274528503418,16.568626403808594,16.66666603088379,18360
2018-01-11,16.66666603088379,16.66666603088379,16.66666603088379,16.66666603088379,0
2018-01-12,16.86274528503418,16.86274528503418,16.764705657958984,16.813724517822266,15300
2018-01-15,16.813724517822266,16.813724517822266,16.813724517822266,16.813724517822266,0
2018-01-16,16.813724517822266,17.009803771972656,16.66666603088379,17.009803771972656,5100
2018-01-17,16.813724517822266,16.813724517822266,16.813724517822266,16.813724517822266,5100
2018-01-18,16.764705657958984,16.91176414489746,16.764705657958984,16.91176414489746,5100
2018-01-19,16.813724517822266,16.86274528503418,16.764705657958984,16.764705657958984,8160
2018-01-22,16.764705657958984,16.764705657958984,16.764705657958984,16.764705657958984,7140
2018-01-23,16.764705657958984,16.813724517822266,16.66666603088379,16.66666603088379,18360
2018-01-24,16.66666603088379,16.813724517822266,16.66666603088379,16.66666603088379,4080
2018-01-25,16.66666603088379,16.715686798095703,16.617647171020508,16.66666603088379,18462
2018-01-26,16.764705657958984,16.764705657958984,16.764705657958984,16.764705657958984,3060
2018-01-29,16.764705657958984,16.764705657958984,16.764705657958984,16.764705657958984,28560
2018-01-30,16.66666603088379,16.813724517822266,16.519607543945312,16.813724517822266,3060
2018-01-31,16.519607543945312,16.715686798095703,16.519607543945312,16.66666603088379,8161
2018-02-01,16.813724517822266,16.813724517822266,16.66666603088379,16.66666603088379,4080
2018-02-02,16.617647171020508,16.617647171020508,16.617647171020508,16.617647171020508,3061
2018-02-05,16.813724517822266,16.813724517822266,16.764705657958984,16.764705657958984,2040
2018-02-06,16.715686798095703,16.715686798095703,16.02941131591797,16.02941131591797,8670
2018-02-07,16.27450942993164,16.421567916870117,16.176469802856445,16.176469802856445,19380
2018-02-08,16.07843017578125,16.323528289794922,16.02941131591797,16.323528289794922,5100
2018-02-09,16.323528289794922,16.323528289794922,16.323528289794922,16.323528289794922,0
2018-02-12,16.02941131591797,16.176469802856445,15.980392456054688,16.127450942993164,10200
2018-02-21,16.07843017578125,16.27450942993164,16.07843017578125,16.176469802856445,16320
2018-02-22,16.07843017578125,16.127450942993164,16.02941131591797,16.02941131591797,14280
2018-02-23,16.127450942993164,16.127450942993164,15.980392456054688,15.980392456054688,19380
2018-02-26,16.02941131591797,16.02941131591797,15.931371688842773,15.931371688842773,10230
2018-02-27,15.931371688842773,15.931371688842773,15.882351875305176,15.931371688842773,20583
2018-03-01,15.931371688842773,15.931371688842773,15.931371688842773,15.931371688842773,14280
2018-03-02,15.833333015441895,15.882351875305176,15.833333015441895,15.882351875305176,3060
2018-03-05,15.833333015441895,15.882351875305176,15.686273574829102,15.686273574829102,13260
2018-03-06,15.784313201904297,15.784313201904297,15.686273574829102,15.686273574829102,16320
2018-03-07,16.127450942993164,16.127450942993164,15.784313201904297,15.784313201904297,3060
2018-03-08,15.735294342041016,15.882351875305176,15.735294342041016,15.882351875305176,13260
2018-03-09,15.784313201904297,15.980392456054688,15.735294342041016,15.735294342041016,21420
2018-03-12,15.882351875305176,15.882351875305176,15.686273574829102,15.686273574829102,22440
2018-03-13,16.07843017578125,16.07843017578125,15.784313201904297,15.784313201904297,27540
2018-03-14,15.784313201904297,15.833333015441895,15.588234901428223,15.637253761291504,14280
2018-03-15,15.686273574829102,15.686273574829102,15.441176414489746,15.490196228027344,46920
2018-03-16,15.588234901428223,15.588234901428223,15.490196228027344,15.490196228027344,21420
2018-03-19,15.686273574829102,16.02941131591797,15.392155647277832,15.588234901428223,51000
2018-03-20,15.392155647277832,15.490196228027344,15.34313678741455,15.490196228027344,3060
2018-03-21,15.392155647277832,15.392155647277832,15.098038673400879,15.245098114013672,43860
2018-03-22,15.14705753326416,15.392155647277832,14.901960372924805,15.049018859863281,35700
2018-03-23,14.852940559387207,15.0,14.80392074584961,14.80392074584961,16320
2018-03-26,14.607843399047852,15.686273574829102,14.607843399047852,15.0,30600
2018-03-27,15.392155647277832,15.392155647277832,15.0,15.0,8160
2018-03-28,14.80392074584961,15.098038673400879,14.70588207244873,15.098038673400879,11220
2018-03-29,14.901960372924805,15.245098114013672,14.901960372924805,15.0,20400
2018-03-30,15.245098114013672,15.34313678741455,14.70588207244873,14.70588207244873,47940
2018-04-02,14.754900932312012,14.80392074584961,14.607843399047852,14.80392074584961,11220
2018-04-03,14.852940559387207,14.852940559387207,14.656862258911133,14.852940559387207,7140
2018-04-09,15.0,15.0,14.656862258911133,14.901960372924805,8160
2018-04-10,14.852940559387207,14.852940559387207,14.656862258911133,14.852940559387207,7140
2018-04-11,14.70588207244873,14.70588207244873,14.50980281829834,14.607843399047852,12240
2018-04-12,14.754900932312012,14.754900932312012,14.460783958435059,14.70588207244873,18360
2018-04-13,14.70588207244873,15.294116973876953,14.50980281829834,14.50980281829834,29580
2018-04-16,14.50980281829834,14.656862258911133,14.411764144897461,14.607843399047852,19380
2018-04-17,14.607843399047852,14.607843399047852,14.36274528503418,14.460783958435059,15300
2018-04-18,14.607843399047852,14.852940559387207,14.313725471496582,14.313725471496582,27540
2018-04-19,14.264704704284668,14.460783958435059,14.264704704284668,14.460783958435059,4080
2018-04-20,14.558822631835938,14.558822631835938,14.313725471496582,14.411764144897461,9180
2018-04-23,14.70588207244873,15.196078300476074,14.70588207244873,14.70588207244873,12546
2018-04-24,14.36274528503418,14.558822631835938,14.313725471496582,14.411764144897461,10201
2018-04-25,14.313725471496582,14.460783958435059,14.166666030883789,14.411764144897461,12240
2018-04-26,14.411764144897461,14.852940559387207,14.215685844421387,14.215685844421387,33660
2018-04-27,14.215685844421387,14.411764144897461,13.921567916870117,13.921567916870117,26520
2018-04-30,14.313725471496582,14.313725471496582,13.77450942993164,13.77450942993164,34680
2018-05-02,14.06862735748291,14.264704704284668,13.578431129455566,13.578431129455566,57243
2018-05-03,13.676469802856445,13.725489616394043,13.382351875305176,13.725489616394043,15300
2018-05-04,13.725489616394043,13.725489616394043,13.382351875305176,13.382351875305176,37740
2018-05-07,13.431371688842773,13.529411315917969,13.284313201904297,13.284313201904297,35700
2018-05-08,13.382351875305176,13.431371688842773,13.235294342041016,13.235294342041016,32821
2018-05-09,13.284313201904297,13.431371688842773,13.235294342041016,13.235294342041016,66300
2018-05-10,13.284313201904297,13.284313201904297,13.235294342041016,13.235294342041016,41820
2018-05-11,13.627449989318848,13.627449989318848,13.382351875305176,13.382351875305176,28560
2018-05-14,13.578431129455566,13.578431129455566,13.382351875305176,13.382351875305176,17340
2018-05-15,13.431371688842773,13.431371688842773,13.333333015441895,13.382351875305176,23562
2018-05-16,13.382351875305176,13.382351875305176,13.333333015441895,13.333333015441895,4080
2018-05-17,13.382351875305176,13.627449989318848,13.382351875305176,13.382351875305176,6120
2018-05-18,13.431371688842773,13.578431129455566,13.431371688842773,13.578431129455566,8160
2018-05-21,13.921567916870117,13.921567916870117,13.578431129455566,13.578431129455566,2040
2018-05-22,13.529411315917969,13.529411315917969,13.529411315917969,13.529411315917969,3060
2018-05-23,13.529411315917969,13.529411315917969,13.529411315917969,13.529411315917969,0
2018-05-24,13.529411315917969,13.529411315917969,13.529411315917969,13.529411315917969,3060
2018-05-25,13.529411315917969,13.529411315917969,13.529411315917969,13.529411315917969,0
2018-05-28,13.529411315917969,13.529411315917969,13.529411315917969,13.529411315917969,0
2018-05-29,13.529411315917969,13.529411315917969,13.529411315917969,13.529411315917969,0
2018-05-30,13.431371688842773,13.725489616394043,13.431371688842773,13.725489616394043,4080
2018-05-31,13.725489616394043,13.77450942993164,13.725489616394043,13.77450942993164,3060
2018-06-01,13.627449989318848,13.676469802856445,13.627449989318848,13.676469802856445,2040
2018-06-04,13.676469802856445,13.676469802856445,13.676469802856445,13.676469802856445,1020
2018-06-05,13.676469802856445,13.676469802856445,13.676469802856445,13.676469802856445,8160
2018-06-06,13.676469802856445,13.676469802856445,13.578431129455566,13.578431129455566,21420
2018-06-07,13.627449989318848,13.725489616394043,13.627449989318848,13.725489616394043,8160
2018-06-08,13.480392456054688,13.77450942993164,13.480392456054688,13.77450942993164,20400
2018-06-11,13.676469802856445,13.823529243469238,13.676469802856445,13.823529243469238,19380
2018-06-12,13.823529243469238,13.872549057006836,13.823529243469238,13.823529243469238,19482
2018-06-13,13.823529243469238,13.823529243469238,13.725489616394043,13.725489616394043,12240
2018-06-14,13.725489616394043,13.823529243469238,13.725489616394043,13.823529243469238,7548
2018-06-15,13.823529243469238,13.823529243469238,13.823529243469238,13.823529243469238,0
2018-06-19,13.823529243469238,13.823529243469238,13.823529243469238,13.823529243469238,2040
2018-06-20,13.725489616394043,13.725489616394043,13.627449989318848,13.725489616394043,4175
2018-06-21,13.529411315917969,13.627449989318848,13.431371688842773,13.627449989318848,29580
2018-06-22,13.627449989318848,13.627449989318848,13.627449989318848,13.627449989318848,0
2018-06-25,13.627449989318848,13.627449989318848,13.627449989318848,13.627449989318848,30600
2018-06-26,13.627449989318848,13.627449989318848,13.431371688842773,13.431371688842773,14281
2018-06-27,13.431371688842773,13.431371688842773,13.431371688842773,13.431371688842773,0
2018-06-28,13.431371688842773,13.431371688842773,13.431371688842773,13.431371688842773,0
2018-06-29,13.431371688842773,13.431371688842773,13.431371688842773,13.431371688842773,7813
2018-07-02,13.431371688842773,13.627449989318848,13.431371688842773,13.627449989318848,5100
2018-07-03,13.480392456054688,13.480392456054688,13.480392456054688,13.480392456054688,4194
2018-07-04,13.431371688842773,13.431371688842773,13.431371688842773,13.431371688842773,5100
2018-07-05,13.382351875305176,13.382351875305176,13.382351875305176,13.382351875305176,4080
2018-07-06,13.431371688842773,13.431371688842773,13.382351875305176,13.382351875305176,8160
2018-07-09,13.382351875305176,13.382351875305176,13.382351875305176,13.382351875305176,0
2018-07-10,13.382351875305176,13.382351875305176,13.382351875305176,13.382351875305176,0
2018-07-11,13.431371688842773,13.431371688842773,13.431371688842773,13.431371688842773,2040
2018-07-12,13.431371688842773,13.480392456054688,13.431371688842773,13.480392456054688,7140
2018-07-13,13.431371688842773,14.019606590270996,13.382351875305176,13.823529243469238,27540
2018-07-16,13.921567916870117,14.264704704284668,13.333333015441895,13.578431129455566,47940
2018-07-17,13.480392456054688,14.06862735748291,13.431371688842773,13.725489616394043,57153
2018-07-18,13.578431129455566,13.970587730407715,13.578431129455566,13.627449989318848,23460
2018-07-19,13.529411315917969,14.215685844421387,13.480392456054688,14.019606590270996,92853
2018-07-20,14.166666030883789,14.215685844421387,13.872549057006836,13.872549057006836,39098
2018-07-23,13.823529243469238,14.70588207244873,13.725489616394043,13.725489616394043,77520
2018-07-24,13.725489616394043,14.607843399047852,13.725489616394043,14.264704704284668,112279
2018-07-25,14.117647171020508,15.14705753326416,14.117647171020508,14.50980281829834,109348
2018-07-26,14.460783958435059,15.34313678741455,14.460783958435059,14.656862258911133,86700
2018-07-27,14.80392074584961,14.950980186462402,14.70588207244873,14.70588207244873,55084
2018-07-30,14.70588207244873,15.0,14.50980281829834,14.558822631835938,103020
2018-07-31,14.50980281829834,14.80392074584961,14.411764144897461,14.50980281829834,37740
2018-08-01,14.50980281829834,14.950980186462402,14.313725471496582,14.313725471496582,99047
2018-08-02,14.36274528503418,14.656862258911133,14.117647171020508,14.215685844421387,78540
2018-08-03,14.215685844421387,14.215685844421387,13.921567916870117,14.06862735748291,32640
2018-08-06,13.970587730407715,15.049018859863281,13.921567916870117,14.656862258911133,73440
2018-08-07,14.852940559387207,14.901960372924805,14.460783958435059,14.607843399047852,55080
2018-08-08,14.50980281829834,14.901960372924805,14.460783958435059,14.460783958435059,42840
2018-08-09,14.656862258911133,14.70588207244873,14.411764144897461,14.411764144897461,24480
2018-08-10,14.607843399047852,14.70588207244873,14.117647171020508,14.117647171020508,58273
2018-08-13,14.117647171020508,14.117647171020508,13.431371688842773,13.333333015441895,26520
2018-08-14,13.431371688842773,13.578431129455566,13.431371688842773,13.431371688842773,12240
2018-08-15,13.529411315917969,13.578431129455566,12.990196228027344,12.990196228027344,28560
2018-08-16,12.745098114013672,13.529411315917969,12.745098114013672,12.990196228027344,33660
2018-08-17,12.892155647277832,13.480392456054688,12.892155647277832,13.137253761291504,115260
2018-08-20,13.137253761291504,13.480392456054688,13.088234901428223,13.235294342041016,126480
2018-08-21,13.137253761291504,13.382351875305176,13.137253761291504,13.333333015441895,23460
2018-08-22,13.480392456054688,13.529411315917969,13.284313201904297,13.431371688842773,19380
2018-08-23,13.382351875305176,13.627449989318848,13.382351875305176,13.382351875305176,23460
2018-08-24,13.382351875305176,13.529411315917969,13.382351875305176,13.382351875305176,22440
2018-08-27,13.284313201904297,13.627449989318848,13.186273574829102,13.480392456054688,70390
2018-08-28,13.431371688842773,13.578431129455566,13.333333015441895,13.333333015441895,15300
2018-08-29,13.284313201904297,13.480392456054688,13.284313201904297,13.333333015441895,11220
2018-08-30,13.333333015441895,13.529411315917969,13.333333015441895,13.333333015441895,16320
2018-08-31,13.333333015441895,13.529411315917969,13.333333015441895,13.333333015441895,18360
2018-09-03,13.333333015441895,13.333333015441895,13.284313201904297,13.284313201904297,7140
2018-09-04,13.235294342041016,13.676469802856445,13.235294342041016,13.333333015441895,36720
2018-09-05,13.333333015441895,13.333333015441895,13.186273574829102,13.186273574829102,16320
2018-09-06,13.137253761291504,13.382351875305176,13.137253761291504,13.137253761291504,21420
2018-09-07,13.235294342041016,13.578431129455566,12.990196228027344,12.990196228027344,74460
2018-09-10,12.990196228027344,12.990196228027344,12.84313678741455,12.84313678741455,27540
2018-09-11,12.745098114013672,13.186273574829102,12.745098114013672,13.186273574829102,19380
2018-09-12,13.039215087890625,13.039215087890625,12.84313678741455,12.84313678741455,5202
2018-09-13,12.990196228027344,13.235294342041016,12.794116973876953,12.84313678741455,33670
2018-09-14,13.088234901428223,13.186273574829102,12.84313678741455,13.088234901428223,27540
2018-09-17,12.941176414489746,12.941176414489746,12.892155647277832,12.892155647277832,14280
2018-09-18,12.84313678741455,13.578431129455566,12.84313678741455,13.137253761291504,162180
2018-09-19,13.235294342041016,13.529411315917969,13.088234901428223,13.137253761291504,130560
2018-09-20,13.137253761291504,13.137253761291504,12.84313678741455,12.84313678741455,17340
2018-09-21,13.088234901428223,13.186273574829102,12.84313678741455,12.941176414489746,46920
2018-09-25,12.892155647277832,13.137253761291504,12.892155647277832,13.137253761291504,13688
2018-09-26,12.941176414489746,13.186273574829102,12.941176414489746,13.039215087890625,39780
2018-09-27,12.892155647277832,13.137253761291504,12.892155647277832,12.941176414489746,35700
2018-09-28,12.892155647277832,13.088234901428223,12.892155647277832,13.039215087890625,35700
2018-10-01,12.892155647277832,13.039215087890625,12.892155647277832,13.039215087890625,16320
2018-10-02,12.892155647277832,13.088234901428223,12.892155647277832,12.990196228027344,13260
2018-10-03,12.892155647277832,12.941176414489746,12.892155647277832,12.892155647277832,6120
2018-10-04,13.039215087890625,13.039215087890625,12.84313678741455,12.84313678741455,18615
2018-10-05,12.84313678741455,12.84313678741455,12.696078300476074,12.696078300476074,18360
2018-10-08,12.696078300476074,12.84313678741455,12.696078300476074,12.84313678741455,2040
2018-10-09,12.745098114013672,12.745098114013672,12.745098114013672,12.745098114013672,3060
2018-10-11,12.696078300476074,12.696078300476074,11.813725471496582,12.058822631835938,33660
2018-10-12,12.156862258911133,12.450980186462402,11.911764144897461,12.058822631835938,50082
2018-10-15,12.156862258911133,12.254900932312012,12.156862258911133,12.20588207244873,12250
2018-10-16,12.058822631835938,12.20588207244873,11.764704704284668,11.911764144897461,55080
2018-10-17,11.86274528503418,12.156862258911133,11.86274528503418,11.911764144897461,9180
2018-10-18,11.960783958435059,12.00980281829834,11.813725471496582,11.813725471496582,18360
2018-10-19,11.764704704284668,11.911764144897461,11.470587730407715,11.764704704284668,26520
2018-10-22,11.86274528503418,11.960783958435059,11.764704704284668,11.764704704284668,6120
2018-10-23,11.764704704284668,11.813725471496582,11.666666030883789,11.813725471496582,3193
2018-10-24,11.813725471496582,11.813725471496582,11.813725471496582,11.813725471496582,0
2018-10-25,11.470587730407715,11.470587730407715,11.470587730407715,11.470587730407715,7345
2018-10-26,11.470587730407715,11.617647171020508,11.323529243469238,11.323529243469238,34680
2018-10-29,11.470587730407715,11.470587730407715,11.323529243469238,11.323529243469238,15300
2018-10-30,11.27450942993164,11.56862735748291,11.27450942993164,11.519606590270996,11220
2018-10-31,11.519606590270996,11.764704704284668,11.470587730407715,11.470587730407715,9180
2018-11-01,11.470587730407715,11.519606590270996,11.470587730407715,11.470587730407715,14280
2018-11-02,11.372549057006836,11.519606590270996,11.323529243469238,11.519606590270996,12240
2018-11-05,11.519606590270996,11.519606590270996,11.519606590270996,11.519606590270996,0
2018-11-06,11.372549057006836,11.519606590270996,11.372549057006836,11.519606590270996,6120
2018-11-07,11.519606590270996,11.519606590270996,11.519606590270996,11.519606590270996,0
2018-11-08,11.519606590270996,11.519606590270996,11.519606590270996,11.519606590270996,0
2018-11-09,11.519606590270996,11.519606590270996,11.519606590270996,11.519606590270996,0
2018-11-12,11.470587730407715,11.519606590270996,11.372549057006836,11.519606590270996,10405
2018-11-13,11.519606590270996,12.156862258911133,11.225489616394043,11.86274528503418,94860
2018-11-14,11.86274528503418,12.156862258911133,11.86274528503418,12.058822631835938,51000
2018-11-15,11.960783958435059,12.058822631835938,11.86274528503418,12.058822631835938,35700
2018-11-16,11.86274528503418,12.20588207244873,11.86274528503418,12.156862258911133,29580
2018-11-19,12.058822631835938,12.352940559387207,11.911764144897461,12.352940559387207,51102
2018-11-20,12.352940559387207,12.352940559387207,11.960783958435059,11.960783958435059,8160
2018-11-21,11.86274528503418,12.254900932312012,11.813725471496582,12.058822631835938,25500
2018-11-22,11.86274528503418,12.156862258911133,11.86274528503418,11.911764144897461,20400
2018-11-23,11.960783958435059,12.254900932312012,11.960783958435059,12.254900932312012,7140
2018-11-26,13.480392456054688,13.480392456054688,13.480392456054688,13.480392456054688,114750
2018-11-27,14.80392074584961,14.80392074584961,14.80392074584961,14.80392074584961,184620
2018-11-28,16.27450942993164,16.27450942993164,16.27450942993164,16.27450942993164,240720
2018-11-29,17.89215660095215,17.89215660095215,17.89215660095215,17.89215660095215,418200
2018-11-30,19.509803771972656,19.509803771972656,18.431371688842773,19.41176414489746,1941757
2018-12-03,21.323528289794922,21.323528289794922,20.58823585510254,21.323528289794922,870142
2018-12-04,21.568626403808594,21.568626403808594,19.754901885986328,20.539215087890625,866570
2018-12-05,20.539215087890625,22.54901885986328,20.098039627075195,21.86274528503418,970516
2018-12-06,21.47058868408203,21.47058868408203,19.705881118774414,19.705881118774414,190743
2018-12-07,19.41176414489746,20.6862735748291,19.41176414489746,20.294116973876953,316251
2018-12-10,20.0,21.02941131591797,19.60784339904785,20.245098114013672,122400
2018-12-11,20.147058486938477,20.147058486938477,19.754901885986328,20.098039627075195,36771
2018-12-12,19.60784339904785,20.0,19.60784339904785,19.705881118774414,66402
2018-12-13,20.098039627075195,20.58823585510254,20.0,20.294116973876953,118371
2018-12-14,19.705881118774414,20.098039627075195,19.705881118774414,20.098039627075195,76602
2018-12-17,18.97058868408203,19.852941513061523,18.97058868408203,19.80392074584961,95880
2018-12-18,19.313724517822266,19.950979232788086,19.313724517822266,19.852941513061523,117300
2018-12-19,19.852941513061523,20.098039627075195,19.558822631835938,19.558822631835938,156060
2018-12-20,18.97058868408203,21.47058868408203,18.97058868408203,19.16666603088379,2284373
2018-12-21,19.16666603088379,19.754901885986328,17.352941513061523,18.284313201904297,1263631
2018-12-24,18.431371688842773,19.117647171020508,18.333332061767578,18.480392456054688,711980
2018-12-25,18.823528289794922,18.823528289794922,16.66666603088379,16.86274528503418,464610
2018-12-26,16.86274528503418,17.352941513061523,15.588234901428223,15.980392456054688,513060
2018-12-27,16.66666603088379,16.66666603088379,15.980392456054688,16.176469802856445,122500
2018-12-28,16.372549057006836,16.813724517822266,16.22549057006836,16.715686798095703,278120
2019-01-02,16.813724517822266,17.156862258911133,16.764705657958984,16.813724517822266,122400
2019-01-03,17.10784339904785,17.10784339904785,16.66666603088379,16.715686798095703,147427
2019-01-04,16.715686798095703,17.009803771972656,16.568626403808594,16.764705657958984,167280
2019-01-07,17.009803771972656,17.009803771972656,16.617647171020508,16.86274528503418,172380
2019-01-08,16.617647171020508,16.960784912109375,16.421567916870117,16.66666603088379,92830
2019-01-09,16.27450942993164,16.66666603088379,16.27450942993164,16.47058868408203,48960
2019-01-10,16.617647171020508,16.86274528503418,16.47058868408203,16.764705657958984,73440
2019-01-11,17.009803771972656,17.598039627075195,16.813724517822266,17.30392074584961,289680
2019-01-14,17.30392074584961,17.5,16.86274528503418,17.5,143834
2019-01-15,17.254901885986328,17.254901885986328,17.009803771972656,17.009803771972656,29090
2019-01-16,17.156862258911133,17.156862258911133,16.66666603088379,16.91176414489746,61200
2019-01-17,16.715686798095703,16.86274528503418,16.568626403808594,16.813724517822266,59160
2019-01-18,16.715686798095703,17.745098114013672,16.715686798095703,17.30392074584961,220345
2019-01-21,17.401960372924805,17.450979232788086,16.960784912109375,16.960784912109375,144840
2019-01-22,17.254901885986328,17.254901885986328,16.86274528503418,16.86274528503418,58140
2019-01-23,16.764705657958984,17.254901885986328,16.764705657958984,16.764705657958984,36720
2019-01-24,16.764705657958984,16.960784912109375,16.66666603088379,16.66666603088379,25501
2019-01-25,16.66666603088379,16.960784912109375,16.66666603088379,16.715686798095703,45900
2019-01-28,16.715686798095703,16.960784912109375,16.568626403808594,16.86274528503418,113220
2019-01-29,16.66666603088379,17.156862258911133,16.617647171020508,16.86274528503418,62220
2019-01-30,16.91176414489746,17.794116973876953,16.91176414489746,17.009803771972656,240720
2019-02-11,17.205881118774414,17.205881118774414,16.764705657958984,16.86274528503418,57135
2019-02-12,17.058822631835938,17.058822631835938,16.715686798095703,16.715686798095703,41820
2019-02-13,16.715686798095703,16.813724517822266,16.372549057006836,16.66666603088379,81600
2019-02-14,16.568626403808594,16.66666603088379,16.47058868408203,16.66666603088379,60180
2019-02-15,16.66666603088379,16.66666603088379,16.372549057006836,16.617647171020508,42126
2019-02-18,16.715686798095703,16.764705657958984,16.519607543945312,16.519607543945312,49997
2019-02-19,16.519607543945312,16.66666603088379,16.421567916870117,16.568626403808594,51000
2019-02-20,16.519607543945312,16.519607543945312,16.372549057006836,16.47058868408203,42840
2019-02-21,16.519607543945312,16.617647171020508,16.323528289794922,16.47058868408203,75480
2019-02-22,16.813724517822266,17.009803771972656,16.47058868408203,16.617647171020508,69360
2019-02-25,16.568626403808594,17.156862258911133,16.519607543945312,17.009803771972656,134640
2019-02-26,17.156862258911133,17.156862258911133,16.617647171020508,16.960784912109375,91392
2019-02-27,16.764705657958984,16.86274528503418,16.66666603088379,16.764705657958984,12240
2019-03-04,17.10784339904785,17.10784339904785,16.715686798095703,16.91176414489746,41820
2019-03-05,16.86274528503418,16.86274528503418,16.764705657958984,16.86274528503418,8160
2019-03-06,16.86274528503418,17.058822631835938,16.813724517822266,16.960784912109375,77520
2019-03-07,17.10784339904785,17.10784339904785,16.617647171020508,16.960784912109375,98950
2019-03-08,16.715686798095703,17.30392074584961,16.47058868408203,17.205881118774414,169321
2019-03-11,17.30392074584961,17.352941513061523,16.86274528503418,17.009803771972656,57426
2019-03-12,17.10784339904785,17.205881118774414,16.813724517822266,16.813724517822266,63821
2019-03-13,16.813724517822266,16.960784912109375,16.813724517822266,16.91176414489746,52187
2019-03-14,16.813724517822266,16.86274528503418,16.47058868408203,16.617647171020508,89760
2019-03-15,16.66666603088379,16.66666603088379,16.47058868408203,16.66666603088379,26520
2019-03-18,16.813724517822266,17.009803771972656,16.568626403808594,16.568626403808594,21420
2019-03-19,16.47058868408203,16.47058868408203,16.372549057006836,16.372549057006836,19380
2019-03-20,16.372549057006836,16.66666603088379,16.372549057006836,16.421567916870117,49980
2019-03-21,16.421567916870117,16.813724517822266,16.421567916870117,16.568626403808594,97920
2019-03-22,16.568626403808594,16.66666603088379,16.47058868408203,16.568626403808594,45900
2019-03-25,16.47058868408203,16.813724517822266,16.47058868408203,16.617647171020508,58140
2019-03-26,16.66666603088379,16.960784912109375,16.519607543945312,16.715686798095703,78540
2019-03-27,17.30392074584961,17.30392074584961,16.764705657958984,17.009803771972656,159120
2019-03-28,16.960784912109375,17.205881118774414,16.66666603088379,16.66666603088379,113220
2019-03-29,16.764705657958984,16.764705657958984,16.47058868408203,16.47058868408203,46920
2019-04-01,16.617647171020508,16.715686798095703,16.47058868408203,16.66666603088379,33660
2019-04-02,16.27450942993164,16.764705657958984,16.27450942993164,16.372549057006836,80580
2019-04-03,16.27450942993164,16.372549057006836,16.27450942993164,16.372549057006836,18411
2019-04-08,16.421567916870117,16.568626403808594,16.372549057006836,16.47058868408203,47940
2019-04-09,16.421567916870117,16.519607543945312,16.176469802856445,16.519607543945312,80580
2019-04-10,16.519607543945312,16.568626403808594,16.323528289794922,16.568626403808594,10200
2019-04-11,16.568626403808594,16.568626403808594,16.176469802856445,16.372549057006836,26520
2019-04-12,16.27450942993164,16.568626403808594,16.22549057006836,16.568626403808594,67320
2019-04-15,16.421567916870117,16.66666603088379,16.372549057006836,16.519607543945312,49980
2019-04-16,16.47058868408203,16.813724517822266,16.47058868408203,16.519607543945312,118320
2019-04-17,16.47058868408203,16.617647171020508,16.27450942993164,16.372549057006836,46920
2019-04-18,16.47058868408203,16.47058868408203,16.176469802856445,16.176469802856445,120360
2019-04-19,16.27450942993164,16.27450942993164,16.02941131591797,16.176469802856445,52162
2019-04-22,16.176469802856445,16.47058868408203,16.02941131591797,16.22549057006836,77662
2019-04-23,16.27450942993164,17.205881118774414,16.176469802856445,16.27450942993164,767111
2019-04-24,16.47058868408203,16.66666603088379,16.323528289794922,16.47058868408203,67320
2019-04-25,16.519607543945312,16.519607543945312,16.27450942993164,16.372549057006836,45900
2019-04-26,16.176469802856445,16.323528289794922,16.127450942993164,16.323528289794922,26520
2019-04-29,16.323528289794922,16.47058868408203,16.127450942993164,16.47058868408203,40800
2019-04-30,16.47058868408203,16.66666603088379,16.323528289794922,16.617647171020508,100062
2019-05-02,16.66666603088379,16.66666603088379,16.421567916870117,16.519607543945312,16320
2019-05-03,16.372549057006836,16.421567916870117,16.323528289794922,16.421567916870117,33660
2019-05-06,16.372549057006836,16.372549057006836,16.07843017578125,16.176469802856445,46920
2019-05-07,16.372549057006836,16.372549057006836,16.27450942993164,16.27450942993164,25500
2019-05-08,16.176469802856445,16.323528289794922,16.02941131591797,16.323528289794922,35700
2019-05-09,16.22549057006836,16.22549057006836,15.833333015441895,15.882351875305176,53040
2019-05-10,15.833333015441895,16.27450942993164,15.784313201904297,16.27450942993164,40800
2019-05-13,16.47058868408203,16.47058868408203,15.686273574829102,16.07843017578125,79560
2019-05-14,15.784313201904297,15.784313201904297,15.098038673400879,15.34313678741455,166260
2019-05-15,15.196078300476074,15.441176414489746,15.196078300476074,15.441176414489746,20400
2019-05-16,15.441176414489746,15.588234901428223,15.294116973876953,15.392155647277832,81600
2019-05-17,15.490196228027344,15.539215087890625,15.245098114013672,15.245098114013672,40871
2019-05-20,15.245098114013672,15.441176414489746,15.196078300476074,15.441176414489746,18533
2019-05-21,15.34313678741455,15.490196228027344,15.34313678741455,15.490196228027344,2040
2019-05-22,15.392155647277832,15.392155647277832,15.196078300476074,15.245098114013672,49980
2019-05-23,15.245098114013672,15.245098114013672,14.852940559387207,14.852940559387207,67320
2019-05-24,14.754900932312012,15.14705753326416,14.36274528503418,15.14705753326416,122400
2019-05-27,15.14705753326416,15.14705753326416,15.14705753326416,15.14705753326416,1193
2019-05-28,15.14705753326416,15.14705753326416,14.852940559387207,15.098038673400879,10200
2019-05-29,15.14705753326416,15.588234901428223,15.0,15.196078300476074,11220
2019-05-30,15.0,15.294116973876953,14.950980186462402,15.294116973876953,86700
2019-05-31,15.049018859863281,15.098038673400879,15.0,15.049018859863281,28560
2019-06-03,15.0,15.490196228027344,15.0,15.490196228027344,43860
2019-06-04,15.490196228027344,15.490196228027344,15.098038673400879,15.441176414489746,121380
2019-06-05,15.245098114013672,15.245098114013672,15.098038673400879,15.245098114013672,31620
2019-06-06,15.196078300476074,15.392155647277832,15.098038673400879,15.392155647277832,19380
2019-06-10,15.588234901428223,15.588234901428223,15.196078300476074,15.441176414489746,19910
2019-06-11,15.294116973876953,15.392155647277832,15.098038673400879,15.392155647277832,116280
2019-06-12,15.490196228027344,15.490196228027344,15.14705753326416,15.294116973876953,44880
2019-06-13,15.196078300476074,15.196078300476074,15.098038673400879,15.196078300476074,36720
2019-06-14,15.098038673400879,15.490196228027344,15.098038673400879,15.490196228027344,65280
2019-06-17,15.392155647277832,15.539215087890625,15.196078300476074,15.539215087890625,43860
2019-06-18,15.539215087890625,15.539215087890625,15.539215087890625,15.539215087890625,0
2019-06-19,15.34313678741455,15.637253761291504,15.294116973876953,15.637253761291504,16320
2019-06-20,15.637253761291504,15.637253761291504,15.34313678741455,15.392155647277832,51000
2019-06-21,15.34313678741455,15.392155647277832,15.294116973876953,15.392155647277832,36740
2019-06-24,15.34313678741455,15.490196228027344,15.245098114013672,15.34313678741455,76521
2019-06-25,15.294116973876953,15.441176414489746,15.294116973876953,15.392155647277832,24480
2019-06-26,15.245098114013672,15.539215087890625,15.196078300476074,15.490196228027344,57120
2019-06-27,15.490196228027344,15.588234901428223,15.294116973876953,15.392155647277832,20400
2019-06-28,15.34313678741455,15.441176414489746,15.34313678741455,15.441176414489746,2040
2019-07-01,15.441176414489746,15.539215087890625,15.392155647277832,15.539215087890625,13260
2019-07-02,15.539215087890625,15.539215087890625,15.539215087890625,15.539215087890625,0
2019-07-03,15.392155647277832,15.392155647277832,15.196078300476074,15.294116973876953,53040
2019-07-04,15.245098114013672,15.34313678741455,15.196078300476074,15.34313678741455,26520
2019-07-05,15.245098114013672,15.294116973876953,15.196078300476074,15.294116973876953,6120
2019-07-08,15.196078300476074,15.294116973876953,15.196078300476074,15.196078300476074,15300
2019-07-09,15.294116973876953,15.34313678741455,15.294116973876953,15.34313678741455,8160
2019-07-10,15.34313678741455,15.490196228027344,15.245098114013672,15.245098114013672,14280
2019-07-11,15.294116973876953,15.441176414489746,15.196078300476074,15.34313678741455,40800
2019-07-12,15.294116973876953,16.127450942993164,15.196078300476074,15.784313201904297,128520
2019-07-15,16.421567916870117,17.352941513061523,16.421567916870117,17.352941513061523,1603719
2019-07-16,17.352941513061523,17.352941513061523,15.931371688842773,15.931371688842773,848813
2019-07-17,15.882351875305176,16.176469802856445,15.882351875305176,15.980392456054688,123420
2019-07-18,15.980392456054688,16.07843017578125,15.588234901428223,15.588234901428223,145868
2019-07-19,15.539215087890625,15.882351875305176,15.490196228027344,15.539215087890625,59262
2019-07-22,15.539215087890625,15.686273574829102,15.392155647277832,15.441176414489746,39893
2019-07-23,15.441176414489746,15.441176414489746,15.245098114013672,15.245098114013672,98940
2019-07-24,15.196078300476074,15.34313678741455,15.196078300476074,15.196078300476074,53040
2019-07-25,15.245098114013672,15.34313678741455,15.14705753326416,15.34313678741455,26624
2019-07-26,15.34313678741455,15.34313678741455,15.196078300476074,15.245098114013672,19380
2019-07-29,15.294116973876953,15.294116973876953,15.0,15.0,39780
2019-07-30,14.950980186462402,15.098038673400879,14.901960372924805,14.950980186462402,36720
2019-07-31,15.0,15.049018859863281,14.901960372924805,14.901960372924805,32640
2019-08-01,14.656862258911133,14.656862258911133,14.215685844421387,14.411764144897461,140760
2019-08-02,14.411764144897461,14.411764144897461,13.921567916870117,14.36274528503418,121380
2019-08-05,14.460783958435059,14.460783958435059,13.872549057006836,13.872549057006836,107100
2019-08-06,13.823529243469238,13.823529243469238,13.431371688842773,13.529411315917969,73440
2019-08-07,13.725489616394043,13.725489616394043,13.529411315917969,13.529411315917969,6120
2019-08-08,13.627449989318848,13.725489616394043,13.431371688842773,13.529411315917969,26520
2019-08-12,13.725489616394043,13.77450942993164,13.529411315917969,13.77450942993164,13260
2019-08-13,13.77450942993164,13.77450942993164,13.333333015441895,13.627449989318848,38862
2019-08-14,13.627449989318848,13.627449989318848,13.235294342041016,13.235294342041016,26520
2019-08-15,13.235294342041016,13.333333015441895,12.745098114013672,12.745098114013672,56100
2019-08-16,12.794116973876953,12.84313678741455,12.745098114013672,12.84313678741455,22440
2019-08-19,12.941176414489746,13.039215087890625,12.84313678741455,12.941176414489746,29580
2019-08-20,13.088234901428223,13.137253761291504,13.088234901428223,13.088234901428223,4080
2019-08-21,13.235294342041016,13.235294342041016,13.137253761291504,13.186273574829102,21509
2019-08-22,13.186273574829102,13.186273574829102,13.088234901428223,13.186273574829102,13349
2019-08-23,13.186273574829102,13.186273574829102,12.84313678741455,12.84313678741455,19380
2019-08-26,12.745098114013672,12.745098114013672,12.450980186462402,12.5,69411
2019-08-27,12.598038673400879,12.745098114013672,12.401960372924805,12.598038673400879,38760
2019-08-28,12.352940559387207,12.352940559387207,12.352940559387207,12.352940559387207,3060
2019-08-29,12.549018859863281,13.088234901428223,12.549018859863281,12.549018859863281,75480
2019-08-30,12.84313678741455,13.431371688842773,12.84313678741455,13.137253761291504,95880
2019-09-02,13.480392456054688,13.480392456054688,13.137253761291504,13.186273574829102,23460
2019-09-03,13.186273574829102,13.186273574829102,12.990196228027344,12.990196228027344,13260
2019-09-04,12.990196228027344,13.235294342041016,12.941176414489746,13.235294342041016,8160
2019-09-05,13.235294342041016,13.235294342041016,12.941176414489746,12.941176414489746,30600
2019-09-06,13.039215087890625,13.039215087890625,12.84313678741455,12.892155647277832,16320
2019-09-10,12.990196228027344,12.990196228027344,12.941176414489746,12.941176414489746,5273
2019-09-11,12.941176414489746,13.039215087890625,12.941176414489746,13.039215087890625,7140
2019-09-12,13.039215087890625,13.333333015441895,13.039215087890625,13.039215087890625,30600
2019-09-16,13.039215087890625,13.039215087890625,12.84313678741455,12.990196228027344,9180
2019-09-17,13.137253761291504,14.215685844421387,13.137253761291504,13.382351875305176,227460
2019-09-18,13.382351875305176,13.676469802856445,13.235294342041016,13.333333015441895,59659
2019-09-19,13.333333015441895,13.725489616394043,13.333333015441895,13.431371688842773,46920
2019-09-20,13.431371688842773,13.823529243469238,13.431371688842773,13.578431129455566,77520
2019-09-23,13.578431129455566,13.725489616394043,13.382351875305176,13.529411315917969,88740
2019-09-24,13.382351875305176,13.627449989318848,13.333333015441895,13.578431129455566,39780
2019-09-25,13.333333015441895,13.480392456054688,13.333333015441895,13.480392456054688,21420
2019-09-26,13.382351875305176,13.382351875305176,13.235294342041016,13.333333015441895,14280
2019-09-27,13.186273574829102,13.627449989318848,13.186273574829102,13.627449989318848,26520
2019-10-01,13.382351875305176,13.382351875305176,13.284313201904297,13.284313201904297,14335
2019-10-02,13.284313201904297,13.382351875305176,13.235294342041016,13.382351875305176,10200
2019-10-03,13.235294342041016,13.480392456054688,13.235294342041016,13.480392456054688,5100
2019-10-04,13.333333015441895,13.333333015441895,13.284313201904297,13.284313201904297,5155
2019-10-07,13.333333015441895,13.333333015441895,13.235294342041016,13.235294342041016,10200
2019-10-08,13.235294342041016,13.235294342041016,13.235294342041016,13.235294342041016,3060
2019-10-09,13.235294342041016,13.235294342041016,13.137253761291504,13.186273574829102,18360
2019-10-14,13.235294342041016,13.235294342041016,13.088234901428223,13.137253761291504,22440
2019-10-15,13.137253761291504,13.137253761291504,13.039215087890625,13.039215087890625,20400
2019-10-16,13.039215087890625,13.137253761291504,13.039215087890625,13.137253761291504,23460
2019-10-17,13.088234901428223,13.137253761291504,13.088234901428223,13.137253761291504,12240
2019-10-18,13.088234901428223,13.186273574829102,13.088234901428223,13.186273574829102,5100
2019-10-21,13.137253761291504,13.284313201904297,13.137253761291504,13.284313201904297,18360
2019-10-22,13.284313201904297,13.284313201904297,13.284313201904297,13.284313201904297,0
2019-10-23,13.186273574829102,13.186273574829102,13.186273574829102,13.186273574829102,5100
2019-10-24,13.333333015441895,13.333333015441895,13.088234901428223,13.137253761291504,100980
2019-10-25,13.137253761291504,13.284313201904297,13.088234901428223,13.137253761291504,37740
2019-10-28,13.088234901428223,13.235294342041016,13.039215087890625,13.235294342041016,59160
2019-10-29,13.088234901428223,13.186273574829102,13.088234901428223,13.088234901428223,39780
2019-10-30,13.088234901428223,13.088234901428223,13.039215087890625,13.039215087890625,13260
2019-10-31,13.039215087890625,13.088234901428223,12.990196228027344,12.990196228027344,36720
2019-11-01,13.039215087890625,13.039215087890625,13.039215087890625,13.039215087890625,6120
2019-11-04,13.039215087890625,13.186273574829102,13.039215087890625,13.039215087890625,118320
2019-11-05,13.088234901428223,13.235294342041016,13.088234901428223,13.235294342041016,42840
2019-11-06,13.137253761291504,13.186273574829102,13.137253761291504,13.186273574829102,29580
2019-11-07,13.137253761291504,13.186273574829102,13.137253761291504,13.186273574829102,29580
2019-11-08,13.284313201904297,13.284313201904297,12.990196228027344,13.039215087890625,77520
2019-11-11,12.990196228027344,13.284313201904297,12.990196228027344,12.990196228027344,43860
2019-11-12,13.039215087890625,13.186273574829102,12.941176414489746,12.941176414489746,28560
2019-11-13,12.990196228027344,12.990196228027344,12.892155647277832,12.941176414489746,48960
2019-11-14,12.941176414489746,12.941176414489746,12.84313678741455,12.84313678741455,67320
2019-11-15,13.088234901428223,13.088234901428223,13.088234901428223,13.088234901428223,2040
2019-11-18,13.088234901428223,13.088234901428223,12.745098114013672,12.745098114013672,70380
2019-11-19,12.745098114013672,12.990196228027344,12.745098114013672,12.990196228027344,27540
2019-11-20,12.84313678741455,12.84313678741455,12.745098114013672,12.745098114013672,45900
2019-11-21,12.64705753326416,12.745098114013672,12.64705753326416,12.745098114013672,32640
2019-11-22,12.84313678741455,12.892155647277832,12.745098114013672,12.892155647277832,30600
2019-11-25,13.039215087890625,13.235294342041016,13.039215087890625,13.186273574829102,72420
2019-11-26,13.039215087890625,13.235294342041016,13.039215087890625,13.186273574829102,72420
2019-11-27,13.284313201904297,13.284313201904297,13.186273574829102,13.235294342041016,47940
2019-11-28,13.235294342041016,13.480392456054688,13.235294342041016,13.382351875305176,243780
2019-11-29,13.431371688842773,13.431371688842773,13.235294342041016,13.284313201904297,42840
2019-12-02,13.235294342041016,13.333333015441895,13.235294342041016,13.284313201904297,81600
2019-12-03,13.382351875305176,13.431371688842773,13.333333015441895,13.431371688842773,17340
2019-12-04,13.480392456054688,13.480392456054688,13.333333015441895,13.333333015441895,12240
2019-12-05,13.333333015441895,13.333333015441895,13.284313201904297,13.333333015441895,38760
2019-12-06,13.333333015441895,13.382351875305176,13.284313201904297,13.333333015441895,35700
2019-12-09,13.333333015441895,14.019606590270996,13.284313201904297,13.725489616394043,131580
2019-12-10,13.725489616394043,13.725489616394043,13.529411315917969,13.529411315917969,7140
2019-12-11,13.529411315917969,13.627449989318848,13.382351875305176,13.480392456054688,30600
2019-12-12,13.578431129455566,13.578431129455566,13.529411315917969,13.578431129455566,23460
2019-12-13,13.578431129455566,13.578431129455566,13.529411315917969,13.578431129455566,23725
2019-12-16,13.676469802856445,13.77450942993164,13.676469802856445,13.725489616394043,20400
2019-12-17,13.627449989318848,13.823529243469238,13.627449989318848,13.823529243469238,31620
2019-12-18,13.77450942993164,14.019606590270996,13.77450942993164,14.019606590270996,62220
2019-12-19,13.921567916870117,14.215685844421387,13.823529243469238,14.06862735748291,73440
2019-12-20,13.970587730407715,14.411764144897461,13.970587730407715,14.411764144897461,69360
2019-12-23,14.50980281829834,14.901960372924805,14.50980281829834,14.70588207244873,182580
2019-12-24,14.901960372924805,14.901960372924805,14.460783958435059,14.656862258911133,71400
2019-12-25,14.656862258911133,14.852940559387207,14.460783958435059,14.852940559387207,59160
2019-12-26,14.80392074584961,15.0,14.80392074584961,14.950980186462402,99960
2019-12-27,15.0,15.637253761291504,15.0,15.441176414489746,219300
2019-12-30,15.392155647277832,15.784313201904297,15.34313678741455,15.686273574829102,180540
2019-12-31,15.784313201904297,16.372549057006836,15.735294342041016,16.07843017578125,305015
2020-01-02,16.07843017578125,16.47058868408203,16.07843017578125,16.176469802856445,119340
2020-01-03,16.176469802856445,16.176469802856445,15.0,15.196078300476074,216665
2020-01-06,15.441176414489746,16.02941131591797,15.441176414489746,15.833333015441895,255000
2020-01-07,16.07843017578125,17.401960372924805,15.980392456054688,17.156862258911133,538560
2020-01-08,16.813724517822266,17.254901885986328,16.568626403808594,17.205881118774414,335580
2020-01-09,17.205881118774414,17.598039627075195,17.156862258911133,17.5,259080
2020-01-10,17.54901885986328,19.117647171020508,17.205881118774414,18.08823585510254,961860
2020-01-13,16.323528289794922,16.323528289794922,16.323528289794922,16.323528289794922,56100
2020-01-14,14.70588207244873,14.950980186462402,14.70588207244873,14.70588207244873,1443300
2020-01-15,14.264704704284668,14.313725471496582,13.725489616394043,13.77450942993164,1889040
2020-01-16,13.823529243469238,13.921567916870117,13.333333015441895,13.431371688842773,468180
2020-01-17,13.627449989318848,13.676469802856445,13.480392456054688,13.480392456054688,206040
2020-01-20,13.529411315917969,13.529411315917969,13.039215087890625,13.186273574829102,299880
2020-01-30,11.960783958435059,12.156862258911133,11.911764144897461,11.911764144897461,344760
2020-01-31,11.715685844421387,11.715685844421387,11.176469802856445,11.617647171020508,194193
2020-02-03,11.27450942993164,11.27450942993164,10.490196228027344,10.931371688842773,487560
2020-02-04,11.27450942993164,12.00980281829834,11.078431129455566,11.176469802856445,441660
2020-02-05,11.323529243469238,11.56862735748291,11.176469802856445,11.225489616394043,147900
2020-02-06,11.421567916870117,11.421567916870117,11.323529243469238,11.372549057006836,54060
2020-02-07,11.470587730407715,11.519606590270996,11.372549057006836,11.470587730407715,111180
2020-02-10,11.470587730407715,11.470587730407715,11.323529243469238,11.421567916870117,64383
2020-02-11,11.56862735748291,11.617647171020508,11.421567916870117,11.421567916870117,51000
2020-02-12,11.666666030883789,11.715685844421387,11.519606590270996,11.666666030883789,87720
2020-02-13,11.764704704284668,12.549018859863281,11.715685844421387,12.20588207244873,342720
2020-02-14,12.107843399047852,12.990196228027344,12.107843399047852,12.84313678741455,555900
2020-02-17,12.745098114013672,12.892155647277832,12.64705753326416,12.84313678741455,280500
2020-02-18,12.745098114013672,12.84313678741455,12.64705753326416,12.696078300476074,127500
2020-02-19,12.549018859863281,13.088234901428223,12.549018859863281,12.941176414489746,158100
2020-02-20,12.941176414489746,12.990196228027344,12.84313678741455,12.990196228027344,87720
2020-02-21,13.039215087890625,13.039215087890625,12.84313678741455,12.84313678741455,55080
2020-02-24,12.941176414489746,12.941176414489746,12.745098114013672,12.794116973876953,97920
2020-02-25,12.696078300476074,12.696078300476074,12.549018859863281,12.549018859863281,62220
2020-02-26,12.549018859863281,12.549018859863281,12.30392074584961,12.30392074584961,92820
2020-02-27,12.30392074584961,12.696078300476074,12.30392074584961,12.352940559387207,58140
2020-03-02,12.352940559387207,12.352940559387207,12.00980281829834,12.20588207244873,55080
2020-03-03,12.5,12.549018859863281,12.30392074584961,12.401960372924805,57120
2020-03-04,12.401960372924805,12.401960372924805,12.30392074584961,12.352940559387207,22440
2020-03-05,12.549018859863281,12.941176414489746,12.401960372924805,12.941176414489746,130560
2020-03-06,13.039215087890625,13.284313201904297,12.892155647277832,13.235294342041016,195840
2020-03-09,13.235294342041016,13.529411315917969,13.137253761291504,13.137253761291504,99960
2020-03-10,12.941176414489746,13.186273574829102,12.941176414489746,13.137253761291504,39780
2020-03-11,13.382351875305176,13.382351875305176,13.039215087890625,13.039215087890625,23460
2020-03-12,12.941176414489746,12.941176414489746,12.549018859863281,12.745098114013672,70380
2020-03-13,12.745098114013672,12.745098114013672,12.745098114013672,12.745098114013672,0
2020-03-16,12.254900932312012,12.352940559387207,12.00980281829834,12.352940559387207,80580
2020-03-17,11.911764144897461,11.960783958435059,11.764704704284668,11.813725471496582,37740
2020-03-18,11.813725471496582,11.813725471496582,11.813725471496582,11.813725471496582,0
2020-03-19,10.588234901428223,10.588234901428223,9.754900932312012,9.754900932312012,95880
2020-03-20,10.245098114013672,10.686273574829102,10.245098114013672,10.637253761291504,45900
2020-03-23,10.637253761291504,10.637253761291504,10.637253761291504,10.637253761291504,1020
2020-03-24,11.56862735748291,11.56862735748291,11.127449989318848,11.56862735748291,54060
2020-03-25,12.352940559387207,12.352940559387207,11.617647171020508,11.764704704284668,24480
2020-03-26,11.519606590270996,11.519606590270996,11.519606590270996,11.519606590270996,1020
2020-03-27,12.20588207244873,12.20588207244873,11.86274528503418,11.86274528503418,9180
2020-03-30,11.86274528503418,11.86274528503418,11.470587730407715,11.86274528503418,6120
2020-03-31,12.058822631835938,12.058822631835938,11.470587730407715,11.470587730407715,18360
2020-04-01,11.470587730407715,11.715685844421387,11.470587730407715,11.56862735748291,26520
2020-04-06,10.980392456054688,11.323529243469238,10.833333015441895,11.323529243469238,3060
2020-04-07,11.372549057006836,11.470587730407715,11.27450942993164,11.27450942993164,17340
2020-04-08,10.931371688842773,11.078431129455566,10.882351875305176,11.078431129455566,28560
2020-04-09,11.029411315917969,11.029411315917969,10.980392456054688,10.980392456054688,14280
2020-04-10,10.980392456054688,11.225489616394043,10.980392456054688,11.176469802856445,33660
2020-04-13,11.323529243469238,11.323529243469238,11.078431129455566,11.176469802856445,15300
2020-04-14,11.176469802856445,11.56862735748291,11.176469802856445,11.323529243469238,28560
2020-04-15,11.323529243469238,11.960783958435059,11.323529243469238,11.960783958435059,45900
2020-04-16,11.960783958435059,11.960783958435059,11.666666030883789,11.666666030883789,12240
2020-04-17,11.764704704284668,12.254900932312012,11.764704704284668,11.911764144897461,49980
2020-04-20,11.911764144897461,12.20588207244873,11.911764144897461,12.058822631835938,60180
2020-04-21,11.813725471496582,11.86274528503418,11.56862735748291,11.617647171020508,99960
2020-04-22,11.617647171020508,11.617647171020508,11.56862735748291,11.56862735748291,53040
2020-04-23,11.470587730407715,11.519606590270996,11.372549057006836,11.421567916870117,2040
2020-04-24,11.421567916870117,11.519606590270996,11.421567916870117,11.519606590270996,24480
2020-04-27,11.666666030883789,11.813725471496582,11.56862735748291,11.764704704284668,67320
2020-04-28,11.715685844421387,12.00980281829834,11.666666030883789,11.960783958435059,42840
2020-04-29,12.30392074584961,12.30392074584961,12.00980281829834,12.00980281829834,37740
2020-04-30,12.107843399047852,12.794116973876953,12.107843399047852,12.598038673400879,112200
2020-05-04,12.598038673400879,12.64705753326416,12.254900932312012,12.64705753326416,35700
2020-05-05,12.84313678741455,13.039215087890625,12.794116973876953,12.892155647277832,69360
2020-05-06,13.039215087890625,13.039215087890625,12.64705753326416,12.990196228027344,61200
2020-05-07,12.990196228027344,12.990196228027344,12.990196228027344,12.990196228027344,3060
2020-05-08,13.088234901428223,13.823529243469238,13.039215087890625,13.186273574829102,106080
2020-05-11,13.137253761291504,13.186273574829102,12.892155647277832,13.137253761291504,19380
2020-05-12,13.088234901428223,13.088234901428223,12.84313678741455,13.039215087890625,23460
2020-05-13,13.235294342041016,13.235294342041016,13.235294342041016,13.235294342041016,2040
2020-05-14,13.235294342041016,13.578431129455566,13.186273574829102,13.284313201904297,43860
2020-05-15,13.578431129455566,13.823529243469238,13.431371688842773,13.725489616394043,126480
2020-05-18,13.725489616394043,13.823529243469238,13.529411315917969,13.627449989318848,122400
2020-05-19,13.627449989318848,14.117647171020508,13.578431129455566,14.06862735748291,97920
2020-05-20,14.215685844421387,14.313725471496582,13.823529243469238,14.166666030883789,108120
2020-05-21,14.215685844421387,14.215685844421387,13.725489616394043,14.166666030883789,131580
2020-05-22,14.166666030883789,14.313725471496582,14.06862735748291,14.313725471496582,32640
2020-05-25,14.656862258911133,15.735294342041016,14.656862258911133,15.735294342041016,289680
2020-05-26,16.617647171020508,16.960784912109375,15.980392456054688,16.127450942993164,554880
2020-05-27,16.960784912109375,17.5,16.421567916870117,17.10784339904785,870060
2020-05-28,17.450979232788086,17.450979232788086,15.784313201904297,16.421567916870117,778260
2020-05-29,17.352941513061523,17.352941513061523,16.07843017578125,16.421567916870117,306000
2020-06-01,16.66666603088379,16.960784912109375,16.323528289794922,16.421567916870117,312120
2020-06-02,16.66666603088379,16.66666603088379,16.176469802856445,16.421567916870117,233580
2020-06-03,16.421567916870117,16.86274528503418,15.784313201904297,16.519607543945312,312120
2020-06-04,16.372549057006836,16.47058868408203,16.02941131591797,16.22549057006836,178500
2020-06-05,16.22549057006836,16.27450942993164,16.02941131591797,16.02941131591797,236640
2020-06-08,16.27450942993164,16.66666603088379,15.882351875305176,15.882351875305176,529380
2020-06-09,15.637253761291504,16.07843017578125,15.196078300476074,15.392155647277832,401880
2020-06-10,15.294116973876953,15.294116973876953,14.80392074584961,14.80392074584961,267240
2020-06-11,14.80392074584961,14.80392074584961,13.529411315917969,13.970587730407715,321300
2020-06-12,13.725489616394043,14.607843399047852,13.725489616394043,14.460783958435059,168300
2020-06-15,14.411764144897461,14.411764144897461,14.117647171020508,14.117647171020508,151980
2020-06-16,15.098038673400879,15.098038673400879,14.264704704284668,14.656862258911133,186660
2020-06-17,14.558822631835938,15.0,14.558822631835938,15.0,121380
2020-06-18,15.098038673400879,15.637253761291504,15.098038673400879,15.392155647277832,136680
2020-06-19,15.686273574829102,15.686273574829102,14.70588207244873,15.098038673400879,138720
2020-06-22,15.098038673400879,15.098038673400879,14.70588207244873,14.80392074584961,70380
2020-06-23,14.80392074584961,14.950980186462402,14.754900932312012,14.754900932312012,61200
2020-06-24,14.754900932312012,14.754900932312012,14.607843399047852,14.70588207244873,17340
2020-06-29,14.70588207244873,15.34313678741455,14.656862258911133,15.098038673400879,217260
2020-06-30,16.176469802856445,16.568626403808594,16.176469802856445,16.568626403808594,3456780
2020-07-01,16.176469802856445,16.27450942993164,15.686273574829102,15.735294342041016,1330080
2020-07-02,15.784313201904297,16.127450942993164,15.539215087890625,15.588234901428223,528360
2020-07-03,15.980392456054688,15.980392456054688,15.539215087890625,15.588234901428223,191760
2020-07-06,15.686273574829102,16.568626403808594,15.539215087890625,15.882351875305176,973080
2020-07-07,16.127450942993164,16.127450942993164,15.539215087890625,15.588234901428223,267240
2020-07-08,15.539215087890625,16.127450942993164,15.490196228027344,16.02941131591797,342720
2020-07-09,16.323528289794922,16.47058868408203,15.539215087890625,15.980392456054688,812940
2020-07-10,16.176469802856445,16.176469802856445,15.490196228027344,15.490196228027344,291720
2020-07-13,15.686273574829102,16.176469802856445,15.245098114013672,15.392155647277832,190740
2020-07-14,15.392155647277832,15.588234901428223,15.14705753326416,15.245098114013672,134640
2020-07-15,15.245098114013672,15.686273574829102,15.14705753326416,15.392155647277832,227460
2020-07-16,15.392155647277832,15.392155647277832,15.0,15.0,91800
2020-07-17,15.0,15.0,14.313725471496582,14.313725471496582,213180
2020-07-20,14.411764144897461,14.411764144897461,13.921567916870117,14.019606590270996,112200
2020-07-21,14.019606590270996,14.50980281829834,13.725489616394043,14.06862735748291,124440
2020-07-22,14.460783958435059,14.460783958435059,14.166666030883789,14.264704704284668,82620
2020-07-23,14.264704704284668,14.264704704284668,13.872549057006836,14.117647171020508,132600
2020-07-24,14.117647171020508,14.166666030883789,13.529411315917969,13.823529243469238,153000
2020-07-27,13.431371688842773,13.529411315917969,12.990196228027344,13.088234901428223,141780
2020-07-28,12.990196228027344,13.137253761291504,12.745098114013672,13.088234901428223,218280
2020-07-29,13.039215087890625,13.676469802856445,13.039215087890625,13.431371688842773,77520
2020-07-30,13.529411315917969,13.921567916870117,13.529411315917969,13.627449989318848,89760
2020-07-31,13.627449989318848,14.019606590270996,13.627449989318848,13.921567916870117,33660
2020-08-03,14.019606590270996,14.019606590270996,13.480392456054688,13.480392456054688,46920
2020-08-04,13.480392456054688,13.529411315917969,13.284313201904297,13.382351875305176,61200
2020-08-05,13.382351875305176,13.382351875305176,13.137253761291504,13.137253761291504,84660
2020-08-06,12.892155647277832,13.872549057006836,12.892155647277832,13.725489616394043,158100
2020-08-07,13.725489616394043,14.117647171020508,13.480392456054688,13.872549057006836,44880
2020-08-10,13.872549057006836,14.313725471496582,13.725489616394043,13.872549057006836,106080
2020-08-11,13.921567916870117,13.970587730407715,13.529411315917969,13.627449989318848,78540
2020-08-12,13.382351875305176,13.480392456054688,13.186273574829102,13.284313201904297,60180
2020-08-13,13.431371688842773,13.529411315917969,12.990196228027344,13.039215087890625,88740
2020-08-14,13.039215087890625,13.039215087890625,12.84313678741455,12.941176414489746,107100
2020-08-17,12.990196228027344,13.529411315917969,12.696078300476074,13.235294342041016,220320
2020-08-18,13.137253761291504,13.186273574829102,12.892155647277832,12.990196228027344,49980
2020-08-19,13.186273574829102,13.235294342041016,12.794116973876953,12.941176414489746,89760
2020-08-20,12.892155647277832,12.892155647277832,12.352940559387207,12.549018859863281,132600
2020-08-21,12.5,13.137253761291504,12.5,13.137253761291504,90780
2020-08-24,13.137253761291504,13.235294342041016,13.039215087890625,13.137253761291504,11220
2020-08-25,13.137253761291504,13.333333015441895,13.137253761291504,13.137253761291504,26520
2020-08-26,13.921567916870117,13.921567916870117,13.137253761291504,13.284313201904297,175440
2020-08-27,13.333333015441895,13.431371688842773,13.088234901428223,13.382351875305176,76500
2020-08-28,13.431371688842773,13.431371688842773,13.186273574829102,13.333333015441895,15300
2020-08-31,13.529411315917969,13.529411315917969,13.235294342041016,13.382351875305176,31620
2020-09-01,13.529411315917969,13.529411315917969,13.284313201904297,13.382351875305176,17340
2020-09-02,13.480392456054688,13.480392456054688,13.088234901428223,13.333333015441895,59160
2020-09-03,13.77450942993164,13.77450942993164,13.284313201904297,13.333333015441895,43860
2020-09-04,13.333333015441895,13.333333015441895,12.598038673400879,12.745098114013672,186660
2020-09-07,12.696078300476074,12.696078300476074,12.549018859863281,12.745098114013672,31620
2020-09-08,12.745098114013672,13.921567916870117,12.696078300476074,13.725489616394043,716040
2020-09-09,13.529411315917969,13.529411315917969,12.696078300476074,12.990196228027344,417180
2020-09-10,13.088234901428223,13.088234901428223,12.84313678741455,12.941176414489746,78540
2020-09-11,12.941176414489746,12.990196228027344,12.794116973876953,12.892155647277832,67320
2020-09-14,12.794116973876953,13.039215087890625,12.745098114013672,13.039215087890625,38760
2020-09-15,13.088234901428223,13.186273574829102,12.990196228027344,13.039215087890625,47940
2020-09-16,12.990196228027344,13.088234901428223,12.941176414489746,13.088234901428223,46920
2020-09-17,13.088234901428223,13.333333015441895,12.84313678741455,13.186273574829102,73440
2020-09-18,13.137253761291504,13.235294342041016,13.088234901428223,13.235294342041016,56100
2020-09-21,13.186273574829102,13.186273574829102,12.990196228027344,13.088234901428223,32640
2020-09-22,12.941176414489746,13.088234901428223,12.941176414489746,12.941176414489746,35700
2020-09-23,12.990196228027344,13.039215087890625,12.892155647277832,13.039215087890625,33660
2020-09-24,13.039215087890625,13.039215087890625,12.450980186462402,12.696078300476074,109140
2020-09-25,12.696078300476074,12.745098114013672,12.549018859863281,12.745098114013672,43860
2020-09-28,12.598038673400879,13.137253761291504,12.598038673400879,12.84313678741455,55080
2020-09-29,12.745098114013672,13.186273574829102,12.745098114013672,13.137253761291504,97920
2020-09-30,13.039215087890625,13.137253761291504,12.84313678741455,13.137253761291504,40800
2020-10-05,13.235294342041016,13.235294342041016,12.941176414489746,12.941176414489746,15300
2020-10-06,12.941176414489746,13.137253761291504,12.941176414489746,13.088234901428223,43860
2020-10-07,13.039215087890625,13.186273574829102,12.892155647277832,13.039215087890625,37740
2020-10-08,12.941176414489746,13.088234901428223,12.745098114013672,13.088234901428223,155040
2020-10-12,13.088234901428223,13.088234901428223,12.892155647277832,12.892155647277832,13260
2020-10-13,12.892155647277832,13.186273574829102,12.794116973876953,12.990196228027344,48960
2020-10-14,12.990196228027344,13.137253761291504,12.892155647277832,12.892155647277832,17340
2020-10-15,12.892155647277832,12.990196228027344,12.794116973876953,12.990196228027344,70380
2020-10-16,13.039215087890625,13.333333015441895,12.745098114013672,12.745098114013672,93840
2020-10-19,12.745098114013672,12.794116973876953,12.745098114013672,12.745098114013672,32640
2020-10-20,12.598038673400879,12.794116973876953,12.450980186462402,12.794116973876953,28560
2020-10-21,12.64705753326416,12.696078300476074,12.549018859863281,12.696078300476074,33660
2020-10-22,12.64705753326416,12.64705753326416,12.5,12.598038673400879,10200
2020-10-23,12.598038673400879,12.598038673400879,12.5,12.598038673400879,42840
2020-10-26,12.5,12.5,12.254900932312012,12.30392074584961,57120
2020-10-27,12.30392074584961,12.352940559387207,12.156862258911133,12.352940559387207,43860
2020-10-28,12.450980186462402,12.450980186462402,12.156862258911133,12.20588207244873,64260
2020-10-29,12.156862258911133,12.254900932312012,12.156862258911133,12.254900932312012,327420
2020-10-30,12.352940559387207,12.352940559387207,12.254900932312012,12.30392074584961,20400
2020-11-02,12.401960372924805,12.401960372924805,12.20588207244873,12.30392074584961,15300
2020-11-03,12.450980186462402,12.450980186462402,12.20588207244873,12.352940559387207,36720
2020-11-04,12.352940559387207,12.352940559387207,12.156862258911133,12.254900932312012,81600
2020-11-05,12.450980186462402,12.450980186462402,12.401960372924805,12.401960372924805,27540
2020-11-06,12.401960372924805,12.401960372924805,12.401960372924805,12.401960372924805,2040
2020-11-09,12.352940559387207,12.549018859863281,12.352940559387207,12.549018859863281,3060
2020-11-10,13.235294342041016,13.676469802856445,13.186273574829102,13.431371688842773,481440
2020-11-11,13.823529243469238,13.823529243469238,13.333333015441895,13.382351875305176,210120
2020-11-12,13.333333015441895,13.333333015441895,13.088234901428223,13.235294342041016,32640
2020-11-13,13.039215087890625,13.333333015441895,12.84313678741455,13.333333015441895,102000
2020-11-16,13.186273574829102,13.627449989318848,13.186273574829102,13.333333015441895,107100
2020-11-17,13.382351875305176,13.529411315917969,13.235294342041016,13.529411315917969,52020
2020-11-18,13.529411315917969,13.529411315917969,13.333333015441895,13.529411315917969,45900
2020-11-19,13.529411315917969,14.117647171020508,13.431371688842773,13.529411315917969,47940
2020-11-20,13.431371688842773,13.676469802856445,13.431371688842773,13.676469802856445,70380
2020-11-23,13.725489616394043,13.725489616394043,13.284313201904297,13.627449989318848,65280
2020-11-24,13.676469802856445,13.725489616394043,13.333333015441895,13.578431129455566,45900
2020-11-25,13.676469802856445,13.823529243469238,13.529411315917969,13.725489616394043,93840
2020-11-26,13.77450942993164,13.823529243469238,13.627449989318848,13.725489616394043,88740
2020-11-27,13.725489616394043,13.970587730407715,13.725489616394043,13.823529243469238,38760
2020-11-30,14.215685844421387,14.950980186462402,14.019606590270996,14.607843399047852,496740
2020-12-01,14.852940559387207,15.588234901428223,13.872549057006836,14.558822631835938,642600
2020-12-02,14.50980281829834,14.558822631835938,14.264704704284668,14.50980281829834,88740
2020-12-03,14.558822631835938,14.70588207244873,14.50980281829834,14.50980281829834,77520
2020-12-04,14.70588207244873,14.852940559387207,14.50980281829834,14.558822631835938,121380
2020-12-07,14.558822631835938,14.558822631835938,14.264704704284668,14.460783958435059,110160
2020-12-08,14.215685844421387,14.313725471496582,14.06862735748291,14.06862735748291,70380
2020-12-09,14.117647171020508,14.70588207244873,14.117647171020508,14.411764144897461,66300
2020-12-10,14.117647171020508,14.117647171020508,13.872549057006836,13.970587730407715,54060
2020-12-11,14.019606590270996,14.019606590270996,13.676469802856445,13.725489616394043,74460
2020-12-14,13.676469802856445,13.676469802856445,13.529411315917969,13.529411315917969,59160
2020-12-15,13.823529243469238,13.921567916870117,13.529411315917969,13.529411315917969,42840
2020-12-16,13.578431129455566,13.725489616394043,13.578431129455566,13.725489616394043,12240
2020-12-17,13.725489616394043,13.970587730407715,13.431371688842773,13.725489616394043,21420
2020-12-18,13.529411315917969,13.529411315917969,13.480392456054688,13.529411315917969,10200
2020-12-21,13.725489616394043,13.725489616394043,13.529411315917969,13.578431129455566,62220
2020-12-22,13.578431129455566,13.725489616394043,13.529411315917969,13.578431129455566,65280
2020-12-23,13.431371688842773,13.431371688842773,13.382351875305176,13.382351875305176,25500
2020-12-24,13.284313201904297,13.382351875305176,13.284313201904297,13.235294342041016,64260
2020-12-25,13.431371688842773,13.578431129455566,13.431371688842773,13.431371688842773,46920
2020-12-28,13.480392456054688,13.872549057006836,13.431371688842773,13.480392456054688,43860
2020-12-29,13.480392456054688,13.529411315917969,13.333333015441895,13.529411315917969,90780
2020-12-30,13.578431129455566,13.921567916870117,13.578431129455566,13.725489616394043,13260
2020-12-31,13.725489616394043,13.725489616394043,13.578431129455566,13.725489616394043,15300
2021-01-04,13.725489616394043,13.725489616394043,13.333333015441895,13.627449989318848,85680
2021-01-05,13.676469802856445,13.676469802856445,13.431371688842773,13.627449989318848,33660
2021-01-06,13.725489616394043,13.77450942993164,13.627449989318848,13.627449989318848,45900
2021-01-07,13.627449989318848,14.313725471496582,13.627449989318848,14.264704704284668,169320
2021-01-08,14.411764144897461,14.50980281829834,13.77450942993164,13.823529243469238,142800
2021-01-11,13.921567916870117,13.970587730407715,13.676469802856445,13.77450942993164,113220
2021-01-12,13.627449989318848,13.872549057006836,13.431371688842773,13.431371688842773,98940
2021-01-13,13.480392456054688,13.823529243469238,13.431371688842773,13.823529243469238,57120
2021-01-14,13.578431129455566,13.77450942993164,13.480392456054688,13.77450942993164,38760
2021-01-15,13.529411315917969,13.676469802856445,13.333333015441895,13.382351875305176,31620
2021-01-18,13.333333015441895,13.333333015441895,13.039215087890625,13.088234901428223,57120
2021-01-19,13.088234901428223,13.186273574829102,12.892155647277832,13.039215087890625,20400
2021-01-20,12.990196228027344,12.990196228027344,12.5,12.5,93840
2021-01-21,12.64705753326416,12.64705753326416,12.450980186462402,12.598038673400879,30600
2021-01-22,12.401960372924805,12.401960372924805,12.352940559387207,12.401960372924805,10200
2021-01-25,12.30392074584961,12.401960372924805,12.254900932312012,12.254900932312012,21420
2021-01-26,12.549018859863281,12.549018859863281,12.20588207244873,12.20588207244873,2040
2021-01-27,12.30392074584961,12.401960372924805,12.30392074584961,12.401960372924805,23460
2021-01-28,12.401960372924805,12.401960372924805,12.20588207244873,12.401960372924805,19380
2021-01-29,12.352940559387207,12.5,12.30392074584961,12.450980186462402,5100
2021-02-01,12.352940559387207,12.5,12.352940559387207,12.450980186462402,18360
2021-02-02,12.450980186462402,12.794116973876953,12.352940559387207,12.352940559387207,23460
2021-02-03,12.30392074584961,12.941176414489746,12.30392074584961,12.5,38760
2021-02-04,12.598038673400879,12.745098114013672,12.254900932312012,12.450980186462402,56100
2021-02-05,12.892155647277832,12.892155647277832,12.254900932312012,12.5,71400
2021-02-17,12.990196228027344,12.990196228027344,12.450980186462402,12.745098114013672,65280
2021-02-18,12.892155647277832,12.892155647277832,12.598038673400879,12.84313678741455,47940
2021-02-19,12.84313678741455,13.088234901428223,12.745098114013672,12.941176414489746,39780
2021-02-22,13.333333015441895,14.019606590270996,13.137253761291504,13.284313201904297,387600
2021-02-23,13.578431129455566,14.019606590270996,13.382351875305176,13.382351875305176,199920
2021-02-24,13.529411315917969,14.50980281829834,13.529411315917969,13.77450942993164,379440
2021-02-25,14.06862735748291,14.215685844421387,13.676469802856445,13.921567916870117,202980
2021-02-26,13.725489616394043,14.019606590270996,13.627449989318848,13.676469802856445,151980
2021-03-02,14.019606590270996,14.019606590270996,13.431371688842773,13.431371688842773,133620
2021-03-03,13.480392456054688,13.578431129455566,13.333333015441895,13.480392456054688,32640
2021-03-04,13.333333015441895,13.529411315917969,13.186273574829102,13.529411315917969,53040
2021-03-05,13.480392456054688,13.627449989318848,13.480392456054688,13.627449989318848,44880
2021-03-08,13.676469802856445,13.676469802856445,13.333333015441895,13.480392456054688,68340
2021-03-09,13.578431129455566,14.06862735748291,13.480392456054688,13.725489616394043,250920
2021-03-10,14.117647171020508,15.0,13.921567916870117,14.50980281829834,1371900
2021-03-11,14.50980281829834,14.950980186462402,14.264704704284668,14.950980186462402,478380
2021-03-12,15.049018859863281,15.098038673400879,14.607843399047852,14.656862258911133,226440
2021-03-15,14.558822631835938,14.70588207244873,14.411764144897461,14.50980281829834,158100
2021-03-16,14.50980281829834,14.754900932312012,14.50980281829834,14.607843399047852,402900
2021-03-17,14.754900932312012,14.754900932312012,13.872549057006836,13.872549057006836,351900
2021-03-18,14.06862735748291,14.50980281829834,14.019606590270996,14.313725471496582,177480
2021-03-19,14.313725471496582,14.70588207244873,14.313725471496582,14.607843399047852,182580
2021-03-22,14.852940559387207,14.852940559387207,14.460783958435059,14.754900932312012,189720
2021-03-23,14.901960372924805,14.950980186462402,14.607843399047852,14.754900932312012,153000
2021-03-24,14.70588207244873,15.490196228027344,14.70588207244873,15.34313678741455,462060
2021-03-25,15.441176414489746,15.441176414489746,14.950980186462402,15.098038673400879,184620
2021-03-26,15.294116973876953,15.294116973876953,14.852940559387207,14.950980186462402,166260
2021-03-29,14.80392074584961,15.049018859863281,14.70588207244873,15.0,147900
2021-03-30,15.0,15.833333015441895,15.0,15.294116973876953,704820
2021-03-31,15.490196228027344,15.686273574829102,15.34313678741455,15.441176414489746,219300
2021-04-01,15.441176414489746,15.490196228027344,15.245098114013672,15.441176414489746,178500
2021-04-07,15.637253761291504,15.637253761291504,15.14705753326416,15.294116973876953,166260
2021-04-08,15.245098114013672,15.392155647277832,15.14705753326416,15.196078300476074,134640
2021-04-09,15.196078300476074,15.294116973876953,15.0,15.098038673400879,113220
2021-04-12,15.0,15.294116973876953,14.901960372924805,15.098038673400879,97920
2021-04-13,15.0,15.098038673400879,14.80392074584961,14.852940559387207,82620
2021-04-14,14.852940559387207,14.852940559387207,14.313725471496582,14.70588207244873,132600
2021-04-15,14.558822631835938,15.588234901428223,14.558822631835938,15.049018859863281,669120
2021-04-16,15.0,15.196078300476074,15.0,15.049018859863281,62220
2021-04-19,15.049018859863281,15.049018859863281,14.50980281829834,14.70588207244873,286620
2021-04-20,14.80392074584961,16.176469802856445,14.754900932312012,16.127450942993164,1670760
2021-04-21,16.127450942993164,16.323528289794922,15.686273574829102,15.882351875305176,1025100
2021-04-22,15.931371688842773,16.323528289794922,15.784313201904297,15.833333015441895,346800
2021-04-23,17.30392074584961,17.401960372924805,16.27450942993164,17.401960372924805,1254600
2021-04-26,19.019607543945312,19.117647171020508,17.843137741088867,19.117647171020508,1753380
2021-04-27,19.117647171020508,20.539215087890625,18.431371688842773,20.196077346801758,1737060
2021-04-28,20.196077346801758,20.58823585510254,19.60784339904785,20.196077346801758,852720
2021-04-29,20.39215660095215,20.39215660095215,18.284313201904297,18.284313201904297,1127100
2021-05-03,18.480392456054688,18.52941131591797,16.764705657958984,16.813724517822266,751740
2021-05-04,16.86274528503418,17.058822631835938,15.735294342041016,16.47058868408203,501840
2021-05-05,16.372549057006836,17.89215660095215,16.372549057006836,17.352941513061523,312120
2021-05-06,17.647058486938477,18.13725471496582,17.058822631835938,17.352941513061523,251940
2021-05-07,17.745098114013672,17.745098114013672,16.372549057006836,16.66666603088379,284580
2021-05-10,17.450979232788086,17.89215660095215,17.156862258911133,17.401960372924805,573240
2021-05-11,17.10784339904785,17.352941513061523,15.784313201904297,15.833333015441895,351900
2021-05-12,16.07843017578125,16.07843017578125,14.264704704284668,14.36274528503418,647700
2021-05-13,14.117647171020508,15.0,13.627449989318848,14.50980281829834,335580
2021-05-14,14.50980281829834,14.607843399047852,14.019606590270996,14.411764144897461,133620
2021-05-17,13.137253761291504,13.578431129455566,12.990196228027344,13.235294342041016,307020
2021-05-18,13.578431129455566,14.019606590270996,13.235294342041016,14.019606590270996,393720
2021-05-19,13.77450942993164,14.166666030883789,13.676469802856445,13.921567916870117,140760
2021-05-20,14.166666030883789,14.166666030883789,13.921567916870117,14.117647171020508,37740
2021-05-21,14.166666030883789,14.460783958435059,14.117647171020508,14.36274528503418,128520
2021-05-24,14.36274528503418,14.411764144897461,14.215685844421387,14.264704704284668,56100
2021-05-25,14.215685844421387,14.70588207244873,14.215685844421387,14.460783958435059,115260
2021-05-26,14.411764144897461,14.607843399047852,13.823529243469238,14.06862735748291,181560
2021-05-27,13.872549057006836,14.019606590270996,13.627449989318848,13.970587730407715,153000
2021-05-28,14.215685844421387,15.0,14.166666030883789,15.0,261120
2021-05-31,15.049018859863281,15.588234901428223,14.901960372924805,15.14705753326416,168300
2021-06-01,15.392155647277832,15.588234901428223,15.196078300476074,15.588234901428223,108120
2021-06-02,15.686273574829102,15.833333015441895,15.14705753326416,15.34313678741455,210120
2021-06-03,15.490196228027344,16.176469802856445,15.392155647277832,16.07843017578125,298860
2021-06-04,16.07843017578125,16.960784912109375,16.07843017578125,16.519607543945312,505920
2021-06-07,16.568626403808594,16.568626403808594,15.392155647277832,15.637253761291504,206040
2021-06-08,15.539215087890625,15.882351875305176,15.392155647277832,15.882351875305176,82620
2021-06-09,15.686273574829102,15.686273574829102,15.34313678741455,15.392155647277832,74460
2021-06-10,15.392155647277832,15.735294342041016,15.098038673400879,15.34313678741455,39780
2021-06-11,15.441176414489746,15.441176414489746,15.0,15.098038673400879,78540
2021-06-15,15.14705753326416,15.784313201904297,15.14705753326416,15.686273574829102,177480
2021-06-16,15.784313201904297,16.02941131591797,15.686273574829102,15.735294342041016,166260
2021-06-17,15.441176414489746,15.882351875305176,15.294116973876953,15.490196228027344,128520
2021-06-18,15.392155647277832,15.539215087890625,15.245098114013672,15.34313678741455,54060
2021-06-21,15.392155647277832,16.86274528503418,15.34313678741455,16.86274528503418,794580
2021-06-22,17.5,17.990196228027344,16.960784912109375,17.54901885986328,1175040
2021-06-23,17.254901885986328,17.254901885986328,16.519607543945312,16.617647171020508,510000
2021-06-24,16.617647171020508,16.86274528503418,16.27450942993164,16.66666603088379,146880
2021-06-25,16.91176414489746,16.91176414489746,16.47058868408203,16.617647171020508,113220
2021-06-28,16.47058868408203,16.47058868408203,15.833333015441895,15.931371688842773,208080
2021-06-29,15.980392456054688,16.764705657958984,15.784313201904297,16.176469802856445,259080
2021-06-30,16.22549057006836,17.10784339904785,16.22549057006836,16.764705657958984,485520
2021-07-01,17.058822631835938,17.450979232788086,16.764705657958984,16.91176414489746,489600
2021-07-02,17.058822631835938,17.254901885986328,16.568626403808594,16.91176414489746,289680
2021-07-05,16.91176414489746,17.401960372924805,16.91176414489746,17.10784339904785,271320
2021-07-06,17.10784339904785,18.431371688842773,17.10784339904785,17.647058486938477,728280
2021-07-07,17.54901885986328,19.41176414489746,17.54901885986328,18.823528289794922,1954320
2021-07-08,19.215686798095703,20.63725471496582,18.57843017578125,19.460784912109375,3987180
2021-07-09,19.509803771972656,20.58823585510254,18.72549057006836,19.117647171020508,1701360
2021-07-12,19.117647171020508,19.117647171020508,17.30392074584961,17.598039627075195,832320
2021-07-13,17.696077346801758,17.794116973876953,17.205881118774414,17.352941513061523,359040
2021-07-14,17.450979232788086,18.77450942993164,17.352941513061523,18.039215087890625,617100
2021-07-15,18.039215087890625,18.823528289794922,18.039215087890625,18.52941131591797,595680
2021-07-16,18.52941131591797,19.019607543945312,18.333332061767578,18.333332061767578,495720
2021-07-19,19.117647171020508,19.852941513061523,18.921567916870117,19.754901885986328,1142400
2021-07-20,19.80392074584961,20.490196228027344,19.019607543945312,20.294116973876953,1347420
2021-07-21,20.58823585510254,20.882352828979492,18.823528289794922,19.36274528503418,1170960
2021-07-22,19.656862258911133,19.950979232788086,19.117647171020508,19.264705657958984,969000
2021-07-23,19.509803771972656,20.098039627075195,18.77450942993164,19.901960372924805,1526940
2021-07-26,19.852941513061523,20.0,18.921567916870117,19.117647171020508,702780
2021-07-27,19.313724517822266,19.313724517822266,18.431371688842773,18.52941131591797,383520
2021-07-28,18.52941131591797,18.52941131591797,17.54901885986328,17.843137741088867,443700
2021-07-29,18.13725471496582,18.13725471496582,17.598039627075195,17.794116973876953,265200
2021-07-30,17.745098114013672,17.94117546081543,17.156862258911133,17.205881118774414,408000
2021-08-02,17.205881118774414,17.647058486938477,16.764705657958984,17.647058486938477,287640
2021-08-03,17.352941513061523,17.647058486938477,17.352941513061523,17.401960372924805,160140
2021-08-04,17.401960372924805,17.54901885986328,17.10784339904785,17.352941513061523,238680
2021-08-05,17.254901885986328,17.254901885986328,16.66666603088379,16.66666603088379,329460
2021-08-06,16.764705657958984,17.009803771972656,16.66666603088379,16.813724517822266,136680
2021-08-09,16.66666603088379,17.401960372924805,16.66666603088379,16.91176414489746,132600
2021-08-10,16.86274528503418,16.960784912109375,16.421567916870117,16.47058868408203,137700
2021-08-11,16.421567916870117,16.813724517822266,16.176469802856445,16.617647171020508,187680
2021-08-12,16.66666603088379,16.813724517822266,16.47058868408203,16.764705657958984,70380
2021-08-13,16.813724517822266,16.91176414489746,16.568626403808594,16.66666603088379,102000
2021-08-16,16.66666603088379,16.66666603088379,16.22549057006836,16.27450942993164,111180
2021-08-17,16.27450942993164,16.86274528503418,16.27450942993164,16.47058868408203,82620
2021-08-18,16.715686798095703,17.598039627075195,16.421567916870117,17.30392074584961,327420
2021-08-19,17.30392074584961,17.30392074584961,16.813724517822266,17.058822631835938,77520
2021-08-20,17.058822631835938,17.254901885986328,16.86274528503418,17.254901885986328,128520
2021-08-23,17.156862258911133,17.450979232788086,17.009803771972656,17.450979232788086,123420
2021-08-24,17.450979232788086,17.54901885986328,16.86274528503418,16.86274528503418,120360
2021-08-25,17.156862258911133,17.598039627075195,16.960784912109375,17.156862258911133,316200
2021-08-26,17.450979232788086,17.450979232788086,17.009803771972656,17.10784339904785,94860
2021-08-27,17.10784339904785,17.254901885986328,16.91176414489746,17.254901885986328,91800
2021-08-30,17.352941513061523,17.450979232788086,17.10784339904785,17.156862258911133,75480
2021-08-31,17.401960372924805,17.745098114013672,17.156862258911133,17.254901885986328,263160
2021-09-01,17.254901885986328,17.352941513061523,17.058822631835938,17.058822631835938,47940
2021-09-02,17.009803771972656,17.794116973876953,16.91176414489746,17.54901885986328,489600
2021-09-03,17.745098114013672,17.94117546081543,17.401960372924805,17.450979232788086,350880
2021-09-06,17.30392074584961,17.30392074584961,16.568626403808594,16.568626403808594,291720
2021-09-07,16.421567916870117,16.421567916870117,15.686273574829102,15.735294342041016,207060
2021-09-08,15.735294342041016,15.735294342041016,15.0,15.196078300476074,179520
2021-09-09,15.098038673400879,16.02941131591797,15.098038673400879,15.637253761291504,129540
2021-09-10,15.980392456054688,15.980392456054688,15.588234901428223,15.833333015441895,70380
2021-09-13,15.833333015441895,16.22549057006836,15.637253761291504,15.931371688842773,102000
2021-09-14,15.931371688842773,15.931371688842773,15.588234901428223,15.588234901428223,78540
2021-09-15,15.392155647277832,16.02941131591797,15.392155647277832,15.686273574829102,69360
2021-09-16,15.882351875305176,16.127450942993164,15.784313201904297,15.784313201904297,84660
2021-09-17,15.588234901428223,16.02941131591797,15.588234901428223,15.882351875305176,29580
2021-09-22,15.931371688842773,16.323528289794922,15.686273574829102,15.882351875305176,87720
2021-09-23,15.980392456054688,16.02941131591797,15.882351875305176,16.02941131591797,29580
2021-09-24,16.02941131591797,16.27450942993164,16.02941131591797,16.22549057006836,75480
2021-09-27,16.421567916870117,16.86274528503418,16.323528289794922,16.764705657958984,114240
2021-09-28,16.764705657958984,17.10784339904785,16.66666603088379,16.66666603088379,132600
2021-09-29,16.47058868408203,16.764705657958984,16.372549057006836,16.568626403808594,64260
2021-09-30,16.568626403808594,16.813724517822266,16.519607543945312,16.519607543945312,55080
2021-10-01,16.813724517822266,16.813724517822266,16.22549057006836,16.323528289794922,122400
2021-10-04,17.205881118774414,17.843137741088867,16.764705657958984,17.058822631835938,491640
2021-10-05,17.10784339904785,17.10784339904785,16.715686798095703,16.813724517822266,149940
2021-10-06,16.813724517822266,16.960784912109375,16.519607543945312,16.519607543945312,124440
2021-10-07,16.86274528503418,17.058822631835938,16.715686798095703,16.960784912109375,137700
2021-10-08,16.960784912109375,17.30392074584961,16.91176414489746,16.960784912109375,112200
2021-10-12,17.156862258911133,17.205881118774414,16.617647171020508,16.617647171020508,104040
2021-10-13,16.617647171020508,16.91176414489746,15.980392456054688,16.02941131591797,179520
2021-10-14,16.02941131591797,16.22549057006836,15.392155647277832,15.784313201904297,189720
2021-10-15,15.784313201904297,16.764705657958984,15.784313201904297,16.22549057006836,73440
2021-10-18,16.27450942993164,16.27450942993164,15.588234901428223,15.784313201904297,74460
2021-10-19,15.882351875305176,15.980392456054688,15.784313201904297,15.784313201904297,80580
2021-10-20,15.784313201904297,15.931371688842773,15.588234901428223,15.784313201904297,110160
2021-10-21,15.931371688842773,15.980392456054688,15.637253761291504,15.784313201904297,57120
2021-10-22,15.882351875305176,15.882351875305176,15.588234901428223,15.735294342041016,45900
2021-10-25,15.686273574829102,15.784313201904297,15.637253761291504,15.784313201904297,45900
2021-10-26,15.833333015441895,15.833333015441895,15.490196228027344,15.539215087890625,46920
2021-10-27,15.882351875305176,15.882351875305176,15.539215087890625,15.637253761291504,59160
2021-10-28,15.784313201904297,15.784313201904297,15.490196228027344,15.588234901428223,73440
2021-10-29,15.882351875305176,15.882351875305176,15.588234901428223,15.784313201904297,72420
2021-11-01,15.784313201904297,15.882351875305176,15.637253761291504,15.833333015441895,95880
2021-11-02,15.882351875305176,15.931371688842773,15.637253761291504,15.833333015441895,59160
2021-11-03,15.882351875305176,15.882351875305176,15.784313201904297,15.882351875305176,24480
2021-11-04,15.980392456054688,16.07843017578125,15.882351875305176,15.980392456054688,62220
2021-11-05,16.127450942993164,16.127450942993164,15.784313201904297,15.882351875305176,56100
2021-11-08,15.784313201904297,16.27450942993164,15.784313201904297,15.882351875305176,121380
2021-11-09,16.127450942993164,16.127450942993164,15.686273574829102,15.833333015441895,97920
2021-11-10,15.882351875305176,16.02941131591797,15.686273574829102,15.931371688842773,86700
2021-11-11,15.784313201904297,15.931371688842773,15.637253761291504,15.833333015441895,168300
2021-11-12,15.882351875305176,15.882351875305176,15.588234901428223,15.637253761291504,75480
2021-11-15,15.588234901428223,15.686273574829102,15.294116973876953,15.490196228027344,158100
2021-11-16,15.294116973876953,15.392155647277832,14.901960372924805,14.901960372924805,310080
2021-11-17,14.901960372924805,15.196078300476074,14.70588207244873,15.049018859863281,149940
2021-11-18,15.14705753326416,15.294116973876953,15.098038673400879,15.196078300476074,46920
2021-11-19,15.098038673400879,15.14705753326416,14.950980186462402,15.0,26520
2021-11-22,15.0,15.441176414489746,15.0,15.049018859863281,41820
2021-11-23,15.294116973876953,15.294116973876953,15.098038673400879,15.098038673400879,23460
2021-11-24,15.294116973876953,15.392155647277832,15.196078300476074,15.294116973876953,35700
2021-11-25,15.098038673400879,15.392155647277832,15.098038673400879,15.34313678741455,31620
2021-11-26,15.098038673400879,15.34313678741455,15.0,15.0,48960
2021-11-29,14.852940559387207,14.852940559387207,14.36274528503418,14.70588207244873,137700
2021-11-30,14.70588207244873,14.901960372924805,14.70588207244873,14.80392074584961,12240
2021-12-01,14.80392074584961,14.901960372924805,14.656862258911133,14.70588207244873,41820
2021-12-02,14.754900932312012,14.901960372924805,14.411764144897461,14.656862258911133,63240
2021-12-03,14.80392074584961,14.852940559387207,14.558822631835938,14.656862258911133,35700
2021-12-06,14.50980281829834,14.50980281829834,14.460783958435059,14.460783958435059,19380
2021-12-07,14.70588207244873,14.80392074584961,14.411764144897461,14.70588207244873,64260
2021-12-08,14.70588207244873,14.80392074584961,14.460783958435059,14.558822631835938,38760
2021-12-09,14.558822631835938,14.656862258911133,14.460783958435059,14.558822631835938,46920
2021-12-10,14.607843399047852,14.901960372924805,14.558822631835938,14.656862258911133,59160
2021-12-13,14.754900932312012,15.34313678741455,14.70588207244873,15.196078300476074,208080
2021-12-14,15.14705753326416,15.294116973876953,14.950980186462402,15.14705753326416,58140
2021-12-15,15.14705753326416,15.294116973876953,14.950980186462402,15.245098114013672,35700
2021-12-16,15.196078300476074,15.196078300476074,14.70588207244873,14.754900932312012,150960
2021-12-17,15.049018859863281,15.049018859863281,14.656862258911133,14.852940559387207,44880
2021-12-20,14.852940559387207,14.852940559387207,14.656862258911133,14.754900932312012,35700
2021-12-21,14.70588207244873,14.70588207244873,14.656862258911133,14.656862258911133,15300
2021-12-22,14.656862258911133,14.901960372924805,14.656862258911133,14.754900932312012,24480
2021-12-23,14.754900932312012,14.901960372924805,14.70588207244873,14.754900932312012,19380
2021-12-24,14.80392074584961,15.637253761291504,14.80392074584961,15.294116973876953,373320
2021-12-27,15.34313678741455,15.34313678741455,15.196078300476074,15.294116973876953,68340
2021-12-28,15.294116973876953,15.392155647277832,15.14705753326416,15.392155647277832,55080
2021-12-29,15.490196228027344,15.588234901428223,15.245098114013672,15.441176414489746,102000
2021-12-30,15.34313678741455,15.637253761291504,15.294116973876953,15.441176414489746,171360
2022-01-03,15.441176414489746,15.441176414489746,15.245098114013672,15.294116973876953,49980
2022-01-04,15.294116973876953,15.490196228027344,14.950980186462402,15.294116973876953,56100
2022-01-05,15.34313678741455,15.441176414489746,15.098038673400879,15.196078300476074,78540
2022-01-06,15.294116973876953,15.294116973876953,14.901960372924805,15.098038673400879,57120
2022-01-07,15.098038673400879,15.14705753326416,14.852940559387207,15.049018859863281,69360
2022-01-10,14.80392074584961,15.049018859863281,14.656862258911133,14.852940559387207,76500
2022-01-11,14.80392074584961,14.950980186462402,14.607843399047852,14.80392074584961,46920
2022-01-12,14.901960372924805,14.901960372924805,14.70588207244873,14.901960372924805,16320
2022-01-13,15.0,15.0,14.70588207244873,15.0,31620
2022-01-14,14.852940559387207,14.852940559387207,14.558822631835938,14.558822631835938,41820
2022-01-17,14.656862258911133,14.80392074584961,14.607843399047852,14.70588207244873,25500
2022-01-18,14.50980281829834,14.70588207244873,14.50980281829834,14.70588207244873,25500
2022-01-19,14.50980281829834,14.70588207244873,14.411764144897461,14.70588207244873,42840
2022-01-20,14.754900932312012,15.0,14.656862258911133,14.852940559387207,35700
2022-01-21,14.460783958435059,14.70588207244873,14.460783958435059,14.607843399047852,17340
2022-01-24,14.166666030883789,14.36274528503418,13.725489616394043,14.36274528503418,138720
2022-01-25,14.313725471496582,14.50980281829834,14.215685844421387,14.411764144897461,48960
2022-01-26,14.36274528503418,14.460783958435059,14.166666030883789,14.36274528503418,51000
2022-02-07,14.50980281829834,14.607843399047852,14.50980281829834,14.607843399047852,22440
2022-02-08,14.70588207244873,14.754900932312012,14.558822631835938,14.70588207244873,30600
2022-02-09,14.754900932312012,15.098038673400879,14.70588207244873,15.049018859863281,69360
2022-02-10,15.049018859863281,15.098038673400879,14.852940559387207,15.049018859863281,38760
2022-02-11,14.950980186462402,15.637253761291504,14.950980186462402,15.196078300476074,143820
2022-02-14,15.098038673400879,15.098038673400879,14.754900932312012,14.901960372924805,68340
2022-02-15,14.901960372924805,15.637253761291504,14.901960372924805,15.294116973876953,260100
2022-02-16,15.294116973876953,15.539215087890625,15.196078300476074,15.294116973876953,117300
2022-02-17,15.294116973876953,16.47058868408203,15.294116973876953,15.931371688842773,1106700
2022-02-18,15.980392456054688,16.813724517822266,15.980392456054688,16.176469802856445,1142400
2022-02-21,16.176469802856445,16.66666603088379,15.980392456054688,16.519607543945312,371280
2022-02-22,16.568626403808594,16.568626403808594,16.07843017578125,16.27450942993164,271320
2022-02-23,16.372549057006836,16.421567916870117,16.127450942993164,16.421567916870117,149940
2022-02-24,16.421567916870117,18.039215087890625,16.421567916870117,16.960784912109375,3421080
2022-02-25,17.647058486938477,17.794116973876953,16.960784912109375,17.009803771972656,962880
2022-03-01,17.009803771972656,17.5,16.568626403808594,16.66666603088379,482460
2022-03-02,16.66666603088379,17.058822631835938,16.568626403808594,16.66666603088379,190740
2022-03-03,17.009803771972656,17.450979232788086,16.764705657958984,17.254901885986328,362100
2022-03-04,17.10784339904785,17.156862258911133,16.66666603088379,16.66666603088379,205020
2022-03-07,16.176469802856445,16.27450942993164,15.931371688842773,15.980392456054688,179520
2022-03-08,15.588234901428223,15.980392456054688,15.294116973876953,15.294116973876953,246840
2022-03-09,15.833333015441895,15.980392456054688,15.686273574829102,15.980392456054688,86700
2022-03-10,16.27450942993164,16.764705657958984,16.07843017578125,16.27450942993164,149940
2022-03-11,16.176469802856445,16.176469802856445,15.784313201904297,16.02941131591797,66300
2022-03-14,16.47058868408203,16.519607543945312,15.882351875305176,16.07843017578125,52020
2022-03-15,15.931371688842773,16.22549057006836,15.882351875305176,15.882351875305176,34680
2022-03-16,16.02941131591797,16.02941131591797,15.686273574829102,15.686273574829102,73440
2022-03-17,16.127450942993164,17.205881118774414,15.980392456054688,16.66666603088379,1638120
2022-03-18,17.647058486938477,17.647058486938477,16.519607543945312,16.66666603088379,493680
2022-03-21,16.86274528503418,16.86274528503418,16.519607543945312,16.715686798095703,64260
2022-03-22,16.91176414489746,16.91176414489746,16.519607543945312,16.764705657958984,89760
2022-03-23,17.009803771972656,17.450979232788086,16.715686798095703,16.764705657958984,374340
2022-03-24,16.960784912109375,17.156862258911133,16.66666603088379,16.715686798095703,130560
2022-03-25,16.960784912109375,17.058822631835938,16.66666603088379,16.86274528503418,104040
2022-03-28,16.421567916870117,16.66666603088379,15.784313201904297,16.22549057006836,525300
2022-03-29,16.715686798095703,16.813724517822266,16.323528289794922,16.323528289794922,216240
2022-03-30,16.764705657958984,16.91176414489746,16.372549057006836,16.372549057006836,168300
2022-03-31,16.568626403808594,16.66666603088379,16.27450942993164,16.421567916870117,75480
2022-04-01,16.27450942993164,16.372549057006836,16.07843017578125,16.323528289794922,102000
2022-04-06,16.27450942993164,16.568626403808594,16.176469802856445,16.323528289794922,96900
2022-04-07,16.27450942993164,16.27450942993164,15.686273574829102,15.882351875305176,91800
2022-04-08,16.02941131591797,16.07843017578125,15.637253761291504,15.686273574829102,325380
2022-04-11,15.637253761291504,15.686273574829102,14.950980186462402,15.049018859863281,196860
2022-04-12,15.196078300476074,15.196078300476074,15.0,15.14705753326416,68340
2022-04-13,15.098038673400879,16.617647171020508,15.098038673400879,16.617647171020508,672180
2022-04-14,16.91176414489746,18.039215087890625,16.176469802856445,16.176469802856445,2268480
2022-04-15,16.22549057006836,16.66666603088379,16.127450942993164,16.176469802856445,333540
2022-04-18,16.323528289794922,16.421567916870117,15.931371688842773,15.931371688842773,149940
2022-04-19,15.931371688842773,16.22549057006836,15.931371688842773,15.931371688842773,79560
2022-04-20,16.27450942993164,16.421567916870117,15.833333015441895,15.882351875305176,146880
2022-04-21,16.323528289794922,16.323528289794922,15.882351875305176,15.931371688842773,83640
2022-04-22,16.127450942993164,16.176469802856445,15.931371688842773,15.980392456054688,38760
2022-04-25,15.784313201904297,15.931371688842773,15.686273574829102,15.784313201904297,42840
2022-04-26,15.980392456054688,16.127450942993164,15.686273574829102,15.833333015441895,54060
2022-04-27,15.686273574829102,16.07843017578125,15.490196228027344,15.686273574829102,84660
2022-04-28,15.686273574829102,15.980392456054688,15.490196228027344,15.490196228027344,148920
2022-04-29,15.686273574829102,16.66666603088379,15.686273574829102,16.02941131591797,476340
2022-05-03,16.27450942993164,16.764705657958984,15.833333015441895,16.22549057006836,276420
2022-05-04,16.27450942993164,16.66666603088379,16.176469802856445,16.27450942993164,149940
2022-05-05,16.47058868408203,16.568626403808594,16.22549057006836,16.47058868408203,128520
2022-05-06,16.127450942993164,16.47058868408203,16.02941131591797,16.372549057006836,106080
2022-05-09,16.519607543945312,17.058822631835938,16.372549057006836,16.960784912109375,522240
2022-05-10,17.009803771972656,17.205881118774414,16.372549057006836,16.568626403808594,332520
2022-05-11,16.372549057006836,17.254901885986328,16.372549057006836,17.156862258911133,433500
2022-05-12,17.5,17.598039627075195,16.519607543945312,16.66666603088379,496740
2022-05-13,16.519607543945312,17.254901885986328,16.519607543945312,16.960784912109375,137700
2022-05-16,17.156862258911133,17.450979232788086,17.009803771972656,17.30392074584961,327420
2022-05-17,17.5,17.5,17.058822631835938,17.254901885986328,161160
2022-05-18,17.352941513061523,17.401960372924805,16.715686798095703,17.254901885986328,216240
2022-05-19,17.058822631835938,17.058822631835938,16.47058868408203,16.66666603088379,102000
2022-05-20,17.058822631835938,17.058822631835938,16.421567916870117,16.421567916870117,69360
2022-05-23,16.519607543945312,16.66666603088379,16.372549057006836,16.519607543945312,58140
2022-05-24,16.519607543945312,16.519607543945312,15.980392456054688,15.980392456054688,138720
2022-05-25,15.980392456054688,16.47058868408203,15.735294342041016,16.176469802856445,61200
2022-05-26,16.27450942993164,16.519607543945312,15.980392456054688,16.127450942993164,48960
2022-05-27,16.66666603088379,17.696077346801758,16.66666603088379,17.696077346801758,1798260
2022-05-30,17.696077346801758,19.460784912109375,17.254901885986328,19.460784912109375,10268340
2022-05-31,19.460784912109375,20.58823585510254,18.97058868408203,19.80392074584961,8471100
2022-06-01,19.60784339904785,20.490196228027344,19.068626403808594,19.117647171020508,3441480
2022-06-02,19.705881118774414,21.02941131591797,19.41176414489746,21.02941131591797,5116320
2022-06-06,22.94117546081543,23.08823585510254,21.960784912109375,23.08823585510254,12799980
2022-06-07,22.89215660095215,23.13725471496582,20.833332061767578,21.27450942993164,12200220
2022-06-08,21.568626403808594,23.382352828979492,20.63725471496582,23.382352828979492,15400980
2022-06-09,23.284313201904297,25.6862735748291,23.039215087890625,24.460784912109375,37538040
2022-06-10,24.36274528503418,26.372549057006836,23.72549057006836,25.098039627075195,28339680
2022-06-13,25.098039627075195,27.598039627075195,25.098039627075195,25.735294342041016,22918380
2022-06-14,26.47058868408203,26.960784912109375,24.705881118774414,25.63725471496582,15398940
2022-06-15,26.27450942993164,26.66666603088379,25.0,26.02941131591797,9976620
2022-06-16,25.63725471496582,26.02941131591797,23.676469802856445,23.77450942993164,8712840
2022-06-17,23.77450942993164,25.63725471496582,22.990196228027344,25.343137741088867,11683080
2022-06-20,24.705881118774414,25.490196228027344,22.843137741088867,22.843137741088867,7551060
2022-06-21,22.89215660095215,24.41176414489746,22.89215660095215,23.872549057006836,7517400
2022-06-22,23.480392456054688,24.313724517822266,22.5,23.333332061767578,4886820
2022-06-23,23.872549057006836,25.63725471496582,23.627450942993164,25.63725471496582,11538240
2022-06-24,25.6862735748291,28.1862735748291,25.098039627075195,26.421567916870117,45728640
2022-06-27,26.07843017578125,29.019607543945312,26.07843017578125,29.019607543945312,28582440
2022-06-28,28.431371688842773,29.313724517822266,26.66666603088379,26.960784912109375,19211700
2022-06-29,27.058822631835938,29.068626403808594,26.960784912109375,27.450979232788086,24484080
2022-06-30,27.205881118774414,27.990196228027344,25.539215087890625,26.960784912109375,12805080
2022-07-01,26.421567916870117,27.30392074584961,24.264705657958984,24.264705657958984,10380540
2022-07-04,23.431371688842773,24.852941513061523,21.86274528503418,21.86274528503418,13660860
2022-07-05,22.647058486938477,23.235294342041016,22.058822631835938,22.54901885986328,8586360
2022-07-06,22.254901885986328,22.352941513061523,21.127450942993164,21.519607543945312,6507600
2022-07-07,22.254901885986328,22.54901885986328,20.63725471496582,21.813724517822266,6940080
2022-07-08,22.009803771972656,23.480392456054688,22.009803771972656,22.352941513061523,6281160
2022-07-11,22.352941513061523,22.89215660095215,21.176469802856445,21.91176414489746,4866420
2022-07-12,21.568626403808594,21.91176414489746,20.63725471496582,21.22549057006836,3042660
2022-07-13,21.66666603088379,23.039215087890625,21.66666603088379,21.91176414489746,3413940
2022-07-14,21.960784912109375,22.647058486938477,21.617647171020508,22.647058486938477,2589780
2022-07-15,22.843137741088867,23.284313201904297,21.91176414489746,22.009803771972656,3438420
2022-07-18,22.401960372924805,24.16666603088379,22.352941513061523,24.16666603088379,7272600
2022-07-19,25.294116973876953,26.568626403808594,25.294116973876953,26.568626403808594,21917760
2022-07-20,26.519607543945312,28.823528289794922,26.323528289794922,27.794116973876953,46073400
2022-07-21,27.352941513061523,27.647058486938477,25.784313201904297,27.254901885986328,12087000
2022-07-22,26.960784912109375,27.745098114013672,26.176469802856445,26.176469802856445,7454160
2022-07-25,25.245098114013672,26.47058868408203,25.196077346801758,26.47058868408203,3512880
2022-07-26,25.833332061767578,28.57843017578125,25.833332061767578,26.07843017578125,20684580
2022-07-27,25.44117546081543,27.205881118774414,25.44117546081543,26.568626403808594,9646140
2022-07-28,26.47058868408203,27.058822631835938,25.980392456054688,26.22549057006836,5666100
2022-07-29,25.980392456054688,26.813724517822266,25.980392456054688,26.715686798095703,3284400
2022-08-01,26.421567916870117,26.960784912109375,26.127450942993164,26.715686798095703,2833560
2022-08-02,26.127450942993164,26.617647171020508,25.490196228027344,25.931371688842773,2729520
2022-08-03,26.07843017578125,26.323528289794922,24.558822631835938,24.60784339904785,2592840
2022-08-04,23.676469802856445,24.60784339904785,23.52941131591797,24.509803771972656,2761140
2022-08-05,24.852941513061523,26.07843017578125,24.754901885986328,25.294116973876953,3781140
2022-08-08,25.294116973876953,25.980392456054688,24.705881118774414,25.735294342041016,2172600
2022-08-09,25.784313201904297,26.960784912109375,25.539215087890625,25.539215087890625,5459040
2022-08-10,25.63725471496582,26.421567916870117,25.39215660095215,25.833332061767578,2374560
2022-08-11,26.86274528503418,26.86274528503418,25.490196228027344,25.490196228027344,3179340
2022-08-12,25.490196228027344,25.63725471496582,24.901960372924805,25.0,1640160
2022-08-15,25.0,25.343137741088867,24.36274528503418,25.245098114013672,1708500
2022-08-16,25.245098114013672,26.27450942993164,25.245098114013672,25.490196228027344,2716260
2022-08-17,25.6862735748291,26.22549057006836,25.39215660095215,25.882352828979492,2018580
2022-08-18,25.735294342041016,26.421567916870117,25.735294342041016,25.882352828979492,1893120
2022-08-19,26.421567916870117,26.86274528503418,25.58823585510254,26.47058868408203,4992900
2022-08-22,26.715686798095703,27.598039627075195,26.07843017578125,26.813724517822266,4622640
2022-08-23,26.176469802856445,26.568626403808594,25.539215087890625,25.6862735748291,1827840
2022-08-24,25.735294342041016,26.02941131591797,24.215686798095703,24.41176414489746,4072860
2022-08-25,24.705881118774414,24.950979232788086,24.215686798095703,24.313724517822266,1611600
2022-08-26,24.656862258911133,26.66666603088379,24.313724517822266,25.784313201904297,10708980
2022-08-29,24.80392074584961,26.91176414489746,24.509803771972656,24.80392074584961,12637800
2022-08-30,24.950979232788086,25.58823585510254,24.950979232788086,25.098039627075195,3072240
2022-08-31,25.098039627075195,25.882352828979492,24.41176414489746,25.44117546081543,5937420
2022-09-01,25.44117546081543,25.784313201904297,24.705881118774414,24.705881118774414,2797860
2022-09-02,24.80392074584961,25.098039627075195,24.509803771972656,24.509803771972656,940440
2022-09-05,24.313724517822266,24.60784339904785,23.823528289794922,23.823528289794922,1565700
2022-09-06,23.97058868408203,25.490196228027344,23.97058868408203,24.019607543945312,5019420
2022-09-07,24.16666603088379,24.460784912109375,23.333332061767578,23.480392456054688,2211360
2022-09-08,23.72549057006836,24.215686798095703,23.627450942993164,23.872549057006836,1466760
2022-09-12,24.117647171020508,24.313724517822266,23.72549057006836,23.97058868408203,1083240
2022-09-13,24.117647171020508,24.313724517822266,23.77450942993164,23.872549057006836,1071000
2022-09-14,23.52941131591797,24.215686798095703,23.235294342041016,24.019607543945312,1188300
2022-09-15,24.41176414489746,24.705881118774414,23.627450942993164,23.627450942993164,2058360
2022-09-16,23.872549057006836,24.950979232788086,23.77450942993164,24.264705657958984,4645080
2022-09-19,24.36274528503418,24.656862258911133,22.30392074584961,22.54901885986328,3723000
2022-09-20,22.745098114013672,23.52941131591797,22.696077346801758,23.52941131591797,2760120
2022-09-21,23.480392456054688,23.823528289794922,22.89215660095215,23.039215087890625,1707480
2022-09-22,22.990196228027344,25.098039627075195,22.990196228027344,24.80392074584961,8568000
2022-09-23,25.343137741088867,25.735294342041016,23.872549057006836,24.60784339904785,8794440
2022-09-26,24.41176414489746,24.509803771972656,22.647058486938477,22.745098114013672,3647520
2022-09-27,22.990196228027344,23.1862735748291,20.63725471496582,21.66666603088379,3492480
2022-09-28,21.91176414489746,22.10784339904785,19.656862258911133,19.656862258911133,2235840
2022-09-29,20.294116973876953,20.6862735748291,20.0,20.04901885986328,1782960
2022-09-30,19.41176414489746,20.931371688842773,19.264705657958984,20.245098114013672,4817460
2022-10-03,19.852941513061523,21.568626403808594,19.852941513061523,20.882352828979492,3163020
2022-10-04,21.47058868408203,21.764705657958984,20.882352828979492,21.519607543945312,1942080
2022-10-05,21.764705657958984,21.91176414489746,21.07843017578125,21.372549057006836,1319880
2022-10-06,21.568626403808594,22.156862258911133,21.27450942993164,21.715686798095703,1615680
2022-10-07,21.715686798095703,23.382352828979492,21.715686798095703,22.843137741088867,5317260
2022-10-11,22.794116973876953,22.843137741088867,21.22549057006836,21.22549057006836,2456160
2022-10-12,21.568626403808594,22.058822631835938,21.127450942993164,21.176469802856445,2554080
2022-10-13,21.22549057006836,21.323528289794922,19.068626403808594,19.068626403808594,2609160
2022-10-14,19.41176414489746,19.901960372924805,18.627450942993164,19.852941513061523,3829080
2022-10-17,19.313724517822266,19.509803771972656,17.94117546081543,18.823528289794922,1480020
2022-10-18,19.264705657958984,19.60784339904785,18.872549057006836,19.509803771972656,1222980
2022-10-19,19.313724517822266,19.80392074584961,19.215686798095703,19.509803771972656,991440
2022-10-20,19.16666603088379,19.558822631835938,18.921567916870117,19.460784912109375,872100
2022-10-21,19.313724517822266,19.852941513061523,18.333332061767578,18.333332061767578,2047140
2022-10-24,18.72549057006836,19.068626403808594,18.52941131591797,18.57843017578125,922080
2022-10-25,18.627450942993164,18.72549057006836,18.235294342041016,18.52941131591797,847620
2022-10-26,18.823528289794922,18.823528289794922,18.13725471496582,18.333332061767578,790500
2022-10-27,18.382352828979492,18.97058868408203,18.382352828979492,18.872549057006836,727260
2022-10-28,18.52941131591797,19.068626403808594,18.13725471496582,18.13725471496582,814980
2022-10-31,18.284313201904297,18.921567916870117,18.284313201904297,18.627450942993164,663000
2022-11-01,18.627450942993164,19.215686798095703,18.627450942993164,19.117647171020508,524280
2022-11-02,19.313724517822266,19.460784912109375,19.019607543945312,19.313724517822266,291720
2022-11-03,18.72549057006836,19.41176414489746,18.627450942993164,19.313724517822266,223380
2022-11-04,19.558822631835938,19.80392074584961,19.16666603088379,19.509803771972656,833340
2022-11-07,19.558822631835938,19.80392074584961,19.36274528503418,19.80392074584961,486540
2022-11-08,19.754901885986328,20.245098114013672,19.41176414489746,19.460784912109375,610980
2022-11-09,19.41176414489746,19.60784339904785,19.16666603088379,19.264705657958984,334560
2022-11-10,19.019607543945312,19.41176414489746,18.676469802856445,18.823528289794922,263160
2022-11-11,19.16666603088379,19.656862258911133,18.72549057006836,18.72549057006836,459000
2022-11-14,18.77450942993164,19.264705657958984,18.77450942993164,19.16666603088379,374340
2022-11-15,19.16666603088379,19.313724517822266,18.921567916870117,19.16666603088379,362100
2022-11-16,19.117647171020508,19.16666603088379,18.823528289794922,18.823528289794922,337620
2022-11-17,18.823528289794922,19.705881118774414,18.823528289794922,19.705881118774414,630360
2022-11-18,21.568626403808594,21.66666603088379,21.47058868408203,21.66666603088379,1525920
2022-11-21,22.254901885986328,22.254901885986328,20.784313201904297,21.02941131591797,5093880
2022-11-22,20.833332061767578,21.47058868408203,20.63725471496582,20.63725471496582,901680
2022-11-23,20.882352828979492,20.980392456054688,20.294116973876953,20.343137741088867,617100
2022-11-24,20.6862735748291,20.735294342041016,19.852941513061523,20.0,520200
2022-11-25,20.098039627075195,20.39215660095215,20.0,20.0,365160
2022-11-28,20.0,21.323528289794922,19.852941513061523,21.22549057006836,1209720
2022-11-29,21.715686798095703,21.91176414489746,21.127450942993164,21.323528289794922,2258280
2022-11-30,21.323528289794922,22.843137741088867,21.323528289794922,22.009803771972656,3701580
2022-12-01,22.54901885986328,22.54901885986328,21.764705657958984,22.10784339904785,1976760
2022-12-02,22.10784339904785,22.352941513061523,21.813724517822266,21.91176414489746,716040
2022-12-05,22.058822631835938,22.254901885986328,21.764705657958984,21.86274528503418,748680
2022-12-06,22.205881118774414,22.401960372924805,21.47058868408203,21.519607543945312,823140
2022-12-07,21.66666603088379,21.91176414489746,20.6862735748291,21.519607543945312,688500
2022-12-08,21.66666603088379,22.058822631835938,21.22549057006836,21.764705657958984,712980
2022-12-09,22.156862258911133,22.5,21.66666603088379,21.715686798095703,916980
2022-12-12,21.764705657958984,22.254901885986328,21.22549057006836,21.22549057006836,1009800
2022-12-13,21.421567916870117,21.960784912109375,21.421567916870117,21.813724517822266,722160
2022-12-14,21.86274528503418,22.254901885986328,21.66666603088379,21.86274528503418,578340
2022-12-15,21.86274528503418,23.676469802856445,21.764705657958984,22.89215660095215,6208740
2022-12-16,22.54901885986328,22.89215660095215,21.27450942993164,21.27450942993164,3357840
2022-12-19,21.372549057006836,21.372549057006836,20.931371688842773,20.931371688842773,655860
2022-12-20,21.127450942993164,21.27450942993164,19.950979232788086,20.04901885986328,743580
2022-12-21,20.245098114013672,20.63725471496582,20.196077346801758,20.196077346801758,484500
2022-12-22,20.980392456054688,21.07843017578125,20.58823585510254,20.735294342041016,496740
2022-12-23,20.490196228027344,20.980392456054688,20.196077346801758,20.882352828979492,359040
2022-12-26,21.07843017578125,21.47058868408203,20.63725471496582,20.931371688842773,627300
2022-12-27,21.22549057006836,22.794116973876953,20.980392456054688,21.176469802856445,2448000
2022-12-28,21.07843017578125,22.990196228027344,20.980392456054688,22.058822631835938,6023100
2022-12-29,22.058822631835938,22.30392074584961,21.27450942993164,21.66666603088379,2221560
2022-12-30,21.764705657958984,22.54901885986328,21.764705657958984,22.156862258911133,2062440
2023-01-03,21.86274528503418,22.058822631835938,21.47058868408203,21.519607543945312,877200
2023-01-04,21.519607543945312,21.960784912109375,21.176469802856445,21.323528289794922,633420
2023-01-05,21.421567916870117,22.450979232788086,21.421567916870117,21.764705657958984,1612620
2023-01-06,21.91176414489746,21.91176414489746,21.568626403808594,21.617647171020508,383520
2023-01-09,21.715686798095703,21.764705657958984,21.568626403808594,21.764705657958984,331500
2023-01-10,21.66666603088379,22.205881118774414,21.617647171020508,22.009803771972656,633420
2023-01-11,22.058822631835938,22.30392074584961,21.715686798095703,21.715686798095703,676260
2023-01-12,21.764705657958984,22.205881118774414,21.715686798095703,21.813724517822266,704820
2023-01-13,21.91176414489746,21.91176414489746,21.568626403808594,21.617647171020508,368220
2023-01-16,22.009803771972656,22.009803771972656,21.372549057006836,21.421567916870117,360060
2023-01-17,21.323528289794922,22.156862258911133,21.323528289794922,21.617647171020508,1159740
2023-01-30,21.764705657958984,22.254901885986328,21.617647171020508,21.86274528503418,466140
2023-01-31,21.715686798095703,22.10784339904785,21.715686798095703,21.764705657958984,310080
2023-02-01,21.764705657958984,22.30392074584961,21.764705657958984,22.10784339904785,863940
2023-02-02,22.058822631835938,22.254901885986328,21.960784912109375,22.10784339904785,466140
2023-02-03,22.254901885986328,22.89215660095215,21.960784912109375,21.960784912109375,1634040
2023-02-06,21.91176414489746,24.019607543945312,21.86274528503418,22.843137741088867,4706280
2023-02-07,22.990196228027344,23.13725471496582,22.598039627075195,22.94117546081543,1431060
2023-02-08,22.990196228027344,23.039215087890625,22.450979232788086,22.450979232788086,556920
2023-02-09,22.843137741088867,22.94117546081543,22.352941513061523,22.401960372924805,472260
2023-02-10,22.54901885986328,22.94117546081543,22.352941513061523,22.352941513061523,778260
2023-02-13,22.30392074584961,22.598039627075195,21.86274528503418,21.86274528503418,650760
2023-02-14,22.156862258911133,22.89215660095215,22.009803771972656,22.745098114013672,1710540
2023-02-15,22.94117546081543,23.823528289794922,22.696077346801758,23.039215087890625,4263600
2023-02-16,23.039215087890625,24.36274528503418,23.039215087890625,24.264705657958984,4663440
2023-02-17,24.264705657958984,24.901960372924805,23.57843017578125,24.558822631835938,4418640
2023-02-20,24.558822631835938,24.852941513061523,24.019607543945312,24.117647171020508,2970240
2023-02-21,24.117647171020508,24.215686798095703,23.676469802856445,23.823528289794922,1011840
2023-02-22,23.57843017578125,26.07843017578125,23.57843017578125,25.196077346801758,6880920
2023-02-23,25.490196228027344,27.696077346801758,25.44117546081543,27.696077346801758,17620500
2023-02-24,27.990196228027344,28.823528289794922,26.86274528503418,27.450979232788086,14262660
2023-03-01,27.450979232788086,27.450979232788086,26.127450942993164,26.568626403808594,2949840
2023-03-02,26.372549057006836,28.235294342041016,26.372549057006836,26.813724517822266,5076540
2023-03-03,26.813724517822266,27.30392074584961,26.421567916870117,26.617647171020508,2477580
2023-03-06,26.960784912109375,26.960784912109375,26.176469802856445,26.47058868408203,2071620
2023-03-07,26.66666603088379,27.352941513061523,26.372549057006836,27.10784339904785,3443520
2023-03-08,26.86274528503418,27.205881118774414,26.47058868408203,26.519607543945312,1480020
2023-03-09,26.568626403808594,26.91176414489746,26.176469802856445,26.715686798095703,1556520
2023-03-10,26.960784912109375,27.647058486938477,24.80392074584961,24.901960372924805,3839280
2023-03-13,24.019607543945312,24.460784912109375,23.480392456054688,24.019607543945312,1585080
2023-03-14,24.019607543945312,24.313724517822266,23.72549057006836,23.72549057006836,1015920
2023-03-15,23.921567916870117,24.215686798095703,23.52941131591797,23.52941131591797,710940
2023-03-16,23.431371688842773,23.77450942993164,22.156862258911133,22.450979232788086,1520820
2023-03-17,23.039215087890625,23.72549057006836,22.598039627075195,23.52941131591797,1543260
2023-03-20,24.019607543945312,24.264705657958984,23.1862735748291,24.068626403808594,1331100
2023-03-21,24.264705657958984,24.60784339904785,24.019607543945312,24.16666603088379,1055700
2023-03-22,24.41176414489746,24.60784339904785,24.264705657958984,24.509803771972656,896580
2023-03-23,24.509803771972656,24.705881118774414,24.117647171020508,24.16666603088379,567120
2023-03-24,24.36274528503418,24.36274528503418,23.52941131591797,23.52941131591797,720120
2023-03-27,23.72549057006836,23.872549057006836,23.431371688842773,23.431371688842773,396780
2023-03-28,23.627450942993164,24.215686798095703,23.284313201904297,23.284313201904297,1074060
2023-03-29,23.676469802856445,24.705881118774414,23.57843017578125,23.627450942993164,2372520
2023-03-30,23.72549057006836,23.921567916870117,23.284313201904297,23.284313201904297,712980
2023-03-31,23.57843017578125,23.57843017578125,23.1862735748291,23.480392456054688,569160
2023-04-06,23.57843017578125,23.676469802856445,23.1862735748291,23.480392456054688,361080
2023-04-07,23.57843017578125,23.77450942993164,23.13725471496582,23.13725471496582,525300
2023-04-10,23.1862735748291,23.382352828979492,23.039215087890625,23.382352828979492,334560
2023-04-11,23.382352828979492,23.431371688842773,22.5,22.54901885986328,975120
2023-04-12,22.647058486938477,22.990196228027344,22.54901885986328,22.794116973876953,470220
2023-04-13,22.794116973876953,23.431371688842773,22.696077346801758,22.794116973876953,822120
2023-04-14,23.13725471496582,23.872549057006836,22.794116973876953,23.13725471496582,2103240
2023-04-17,23.235294342041016,23.57843017578125,22.990196228027344,23.235294342041016,793560
2023-04-18,23.235294342041016,23.235294342041016,22.647058486938477,22.647058486938477,584460
2023-04-19,22.745098114013672,23.57843017578125,22.745098114013672,23.431371688842773,1361700
2023-04-20,23.52941131591797,23.72549057006836,22.54901885986328,22.647058486938477,1154640
2023-04-21,22.696077346801758,22.843137741088867,21.519607543945312,21.617647171020508,1133220
2023-04-24,21.617647171020508,22.058822631835938,21.568626403808594,21.86274528503418,362100
2023-04-25,21.91176414489746,22.254901885986328,20.539215087890625,21.07843017578125,633420
2023-04-26,21.22549057006836,21.22549057006836,20.63725471496582,20.931371688842773,280500
2023-04-27,21.07843017578125,21.372549057006836,20.58823585510254,21.176469802856445,486540
2023-04-28,21.47058868408203,21.568626403808594,21.22549057006836,21.323528289794922,202980
2023-05-02,21.372549057006836,21.568626403808594,21.127450942993164,21.323528289794922,260100
2023-05-03,21.176469802856445,21.372549057006836,20.980392456054688,21.07843017578125,161160
2023-05-04,21.372549057006836,21.715686798095703,21.27450942993164,21.421567916870117,373320
2023-05-05,21.323528289794922,23.039215087890625,21.22549057006836,22.352941513061523,1719720
2023-05-08,22.696077346801758,22.745098114013672,21.960784912109375,21.960784912109375,466140
2023-05-09,21.960784912109375,23.52941131591797,21.960784912109375,22.205881118774414,1650360
2023-05-10,22.254901885986328,22.89215660095215,22.254901885986328,22.5,456960
2023-05-11,24.705881118774414,24.705881118774414,23.431371688842773,23.627450942993164,6153660
2023-05-12,23.97058868408203,25.147058486938477,23.431371688842773,25.0,7387860
2023-05-15,25.147058486938477,27.30392074584961,24.558822631835938,26.22549057006836,10269360
2023-05-16,25.6862735748291,27.401960372924805,25.63725471496582,26.372549057006836,14410560
2023-05-17,26.715686798095703,27.352941513061523,26.421567916870117,27.205881118774414,11387280
2023-05-18,27.205881118774414,27.450979232788086,26.22549057006836,27.30392074584961,6678960
2023-05-19,27.058822631835938,28.627450942993164,26.568626403808594,27.647058486938477,13806720
2023-05-22,27.745098114013672,28.333332061767578,27.450979232788086,28.13725471496582,5350920
2023-05-23,27.745098114013672,30.931371688842773,27.745098114013672,30.931371688842773,8793420
2023-05-24,34.01960754394531,34.01960754394531,34.01960754394531,34.01960754394531,2149140
2023-05-25,37.40195846557617,37.40195846557617,33.431373596191406,37.40195846557617,33411120
2023-05-26,38.235294342041016,40.588233947753906,36.3725471496582,38.088233947753906,36547620
2023-05-29,37.74509811401367,40.09803771972656,37.30392074584961,38.82352828979492,16207800
2023-05-30,39.264705657958984,39.264705657958984,37.45098114013672,38.235294342041016,2624460
2023-05-31,38.039215087890625,41.764705657958984,37.94117736816406,40.392154693603516,5836440
2023-06-01,39.509803771972656,40.392154693603516,39.313724517822266,39.41176223754883,2768280
2023-06-02,39.80392074584961,39.80392074584961,38.235294342041016,39.41176223754883,1938000
2023-06-05,40.19607925415039,40.490196228027344,38.92156982421875,38.92156982421875,1564680
2023-06-06,38.62744903564453,40.7843132019043,38.62744903564453,39.90195846557617,2333760
2023-06-07,40.24509811401367,43.8725471496582,40.24509811401367,43.8725471496582,5068380
2023-06-08,45.04901885986328,47.74509811401367,43.92156982421875,47.05882263183594,5084700
2023-06-09,47.1568603515625,47.1568603515625,43.13725280761719,43.48039245605469,3998400
2023-06-12,42.1568603515625,42.1568603515625,39.55882263183594,39.55882263183594,2949840
2023-06-13,39.95098114013672,42.647056579589844,39.70588302612305,42.5,2459220
2023-06-14,42.10784149169922,43.431373596191406,40.686275482177734,41.17647171020508,2618340
2023-06-15,41.7156867980957,42.843135833740234,39.90195846557617,41.17647171020508,4896000
2023-06-16,41.47058868408203,44.068626403808594,40.490196228027344,41.3725471496582,7817280
2023-06-19,41.617645263671875,45.490196228027344,41.568626403808594,45.490196228027344,9005580
2023-06-20,47.009803771972656,50.0,46.764705657958984,50.0,10058220
2023-06-21,54.509803771972656,55.0,50.490196228027344,51.666664123535156,30450060
2023-06-26,52.94117736816406,54.70588302612305,47.74509811401367,49.01960754394531,18775140
2023-06-27,49.01960754394531,49.2156867980957,44.117645263671875,44.117645263671875,7375620
2023-06-28,44.60784149169922,46.47058868408203,44.117645263671875,45.392154693603516,9115740
2023-06-29,45.19607925415039,45.19607925415039,43.82352828979492,44.460784912109375,3492480
2023-06-30,44.70588302612305,45.735294342041016,43.92156982421875,45.24509811401367,2582640
2023-07-03,45.88235092163086,48.82352828979492,44.2156867980957,47.009803771972656,5592660
2023-07-04,47.05882263183594,47.5,44.95098114013672,45.19607925415039,3016140
2023-07-05,45.539215087890625,48.039215087890625,45.343135833740234,45.490196228027344,5190780
2023-07-06,45.44117736816406,46.22549057006836,43.72549057006836,43.92156982421875,2660160
2023-07-07,44.117645263671875,46.02941131591797,42.35293960571289,42.94117736816406,4416600
2023-07-10,43.13725280761719,43.2843132019043,41.7156867980957,42.009803771972656,1832940
2023-07-11,42.74509811401367,44.2156867980957,41.02941131591797,41.86274337768555,3303780
2023-07-12,41.666664123535156,41.764705657958984,39.41176223754883,39.70588302612305,3397620
2023-07-13,40.588233947753906,40.88235092163086,39.90195846557617,40.147056579589844,2667300
2023-07-14,40.588233947753906,41.3725471496582,39.460784912109375,39.509803771972656,2096100
2023-07-17,39.509803771972656,39.85293960571289,38.2843132019043,39.509803771972656,1783980
2023-07-18,39.313724517822266,39.509803771972656,37.25490188598633,37.74509811401367,2883540
2023-07-19,37.74509811401367,38.72549057006836,36.813724517822266,37.20588302612305,1535100
2023-07-20,37.05882263183594,40.09803771972656,36.960784912109375,39.509803771972656,5499840
2023-07-21,39.6568603515625,41.51960754394531,38.235294342041016,39.2156867980957,5378460
2023-07-24,39.117645263671875,39.117645263671875,36.764705657958984,36.764705657958984,1626900
2023-07-25,36.764705657958984,37.59803771972656,36.07843017578125,36.86274337768555,1573860
2023-07-26,36.86274337768555,38.2843132019043,36.42156982421875,36.764705657958984,1874760
2023-07-27,36.51960754394531,38.13725280761719,36.51960754394531,37.74509811401367,1609560
2023-07-28,37.54901885986328,40.0,37.10784149169922,38.62744903564453,5377440
2023-07-31,39.166664123535156,39.36274337768555,36.960784912109375,37.25490188598633,1572840
2023-08-01,37.45098114013672,38.039215087890625,37.05882263183594,37.20588302612305,886380
2023-08-02,37.20588302612305,37.843135833740234,35.490196228027344,35.63725280761719,1330080
2023-08-04,35.63725280761719,36.3725471496582,35.29411697387695,35.686275482177734,817020
2023-08-07,35.44117736816406,35.931373596191406,34.80392074584961,35.735294342041016,733380
2023-08-08,35.83333206176758,37.1568603515625,35.735294342041016,35.735294342041016,1713600
2023-08-09,35.7843132019043,36.22549057006836,34.509803771972656,34.85293960571289,663000
2023-08-10,34.60784149169922,34.60784149169922,33.62744903564453,33.97058868408203,1078140
2023-08-11,33.82352828979492,35.147056579589844,32.35293960571289,33.97058868408203,1965540
2023-08-14,34.90195846557617,34.90195846557617,32.10784149169922,33.33333206176758,1944120
2023-08-15,33.33333206176758,33.92156982421875,32.990196228027344,33.33333206176758,846600
2023-08-16,33.48039245605469,33.48039245605469,31.617647171020508,33.186275482177734,1168920
2023-08-17,33.088233947753906,34.509803771972656,32.1568603515625,33.77450942993164,1177080
2023-08-18,33.38235092163086,34.2156867980957,32.59803771972656,32.69607925415039,834360
2023-08-21,33.235294342041016,33.235294342041016,32.35293960571289,32.69607925415039,464100
2023-08-22,33.33333206176758,33.33333206176758,32.59803771972656,32.990196228027344,645660
2023-08-23,33.431373596191406,34.313724517822266,33.431373596191406,33.8725471496582,1230120
2023-08-24,34.60784149169922,34.75490188598633,33.67647171020508,34.166664123535156,774180
2023-08-25,36.764705657958984,37.25490188598633,34.460784912109375,34.460784912109375,3731160
2023-08-28,35.04901885986328,35.04901885986328,31.02941131591797,31.02941131591797,2016540
2023-08-29,31.176469802856445,31.568626403808594,30.39215660095215,31.176469802856445,753780
2023-08-30,31.600000381469727,32.20000076293945,31.299999237060547,31.950000762939453,349000
2023-08-31,32.04999923706055,32.20000076293945,31.200000762939453,31.700000762939453,296000
2023-09-01,31.850000381469727,32.25,31.299999237060547,31.299999237060547,318000
2023-09-04,31.299999237060547,31.5,30.5,30.5,394000
2023-09-05,30.5,30.850000381469727,30.350000381469727,30.600000381469727,253000
2023-09-06,30.700000762939453,30.950000762939453,29.899999618530273,29.899999618530273,412000
2023-09-07,29.899999618530273,30.25,29.25,29.25,430000
2023-09-08,29.899999618530273,29.899999618530273,29.100000381469727,29.149999618530273,281000
2023-09-11,29.049999237060547,29.100000381469727,28.299999237060547,28.450000762939453,369000
2023-09-12,28.850000381469727,28.850000381469727,28.100000381469727,28.100000381469727,254000
2023-09-13,28.600000381469727,29.450000762939453,28.149999618530273,28.850000381469727,613000
2023-09-14,28.399999618530273,29.399999618530273,28.399999618530273,29.399999618530273,471000
2023-09-15,29.299999237060547,29.299999237060547,28.5,28.5,334000
2023-09-18,28.350000381469727,28.75,28.350000381469727,28.75,161000
2023-09-19,29.0,29.0,28.049999237060547,28.100000381469727,248000
2023-09-20,28.450000762939453,28.450000762939453,27.299999237060547,27.549999237060547,412000
2023-09-21,27.600000381469727,27.600000381469727,26.799999237060547,26.850000381469727,517000
2023-09-22,26.350000381469727,27.450000762939453,26.25,27.450000762939453,440000
2023-09-25,27.700000762939453,28.0,27.399999618530273,28.0,217000
2023-09-26,28.0,28.100000381469727,27.200000762939453,27.200000762939453,176000
2023-09-27,27.049999237060547,27.950000762939453,27.049999237060547,27.899999618530273,304000
2023-09-28,27.700000762939453,28.350000381469727,27.549999237060547,27.549999237060547,394000
2023-10-02,27.700000762939453,27.700000762939453,27.25,27.5,165000
2023-10-03,27.5,27.5,26.649999618530273,26.649999618530273,255000
2023-10-04,26.350000381469727,26.399999618530273,25.600000381469727,25.600000381469727,267000
2023-10-05,25.600000381469727,26.399999618530273,25.549999237060547,26.0,387000
2023-10-06,26.149999618530273,26.149999618530273,25.700000762939453,25.899999618530273,144000
2023-10-11,25.75,25.75,24.200000762939453,24.200000762939453,411000
2023-10-12,24.5,25.100000381469727,24.25,24.950000762939453,508000
2023-10-13,24.600000381469727,26.149999618530273,24.600000381469727,24.600000381469727,887000
2023-10-16,24.600000381469727,24.600000381469727,23.799999237060547,23.799999237060547,397000
2023-10-17,23.600000381469727,24.350000381469727,23.450000762939453,23.649999618530273,373000
2023-10-18,23.649999618530273,23.649999618530273,22.700000762939453,22.799999237060547,302000
2023-10-19,22.600000381469727,23.25,22.600000381469727,23.25,181000
2023-10-20,23.200000762939453,23.200000762939453,22.350000381469727,22.5,178000
2023-10-23,22.5,23.25,22.350000381469727,23.0,240000
2023-10-24,23.350000381469727,24.5,22.799999237060547,23.899999618530273,486000
2023-10-25,24.049999237060547,24.450000762939453,24.0,24.200000762939453,268000
2023-10-26,24.25,24.899999618530273,23.850000381469727,23.850000381469727,329000
2023-10-27,24.200000762939453,24.399999618530273,23.850000381469727,24.100000381469727,211000
2023-10-30,24.299999237060547,24.350000381469727,23.799999237060547,23.799999237060547,140000
2023-10-31,24.0,24.049999237060547,23.149999618530273,23.149999618530273,146000
2023-11-01,23.75,25.450000762939453,23.5,25.450000762939453,1043000
2023-11-02,26.200000762939453,26.200000762939453,24.299999237060547,25.5,4463000
2023-11-03,25.600000381469727,25.75,25.0,25.5,813000
2023-11-06,26.549999237060547,28.049999237060547,25.549999237060547,28.049999237060547,3572000
2023-11-07,28.049999237060547,30.850000381469727,27.549999237060547,28.649999618530273,13157000
2023-11-08,28.75,29.0,27.700000762939453,27.700000762939453,3319000
2023-11-09,27.549999237060547,27.700000762939453,26.600000381469727,26.700000762939453,1506000
2023-11-10,26.450000762939453,28.899999618530273,26.399999618530273,28.25,4721000
2023-11-13,28.25,29.200000762939453,27.600000381469727,28.399999618530273,2484000
2023-11-14,28.25,28.399999618530273,27.450000762939453,27.450000762939453,947000
2023-11-15,27.649999618530273,28.0,27.549999237060547,28.0,660000
2023-11-16,28.399999618530273,30.600000381469727,28.399999618530273,30.350000381469727,7139000
2023-11-17,30.799999237060547,33.349998474121094,30.5,33.349998474121094,9965000
2023-11-20,32.599998474121094,33.150001525878906,31.700000762939453,31.799999237060547,10892000
2023-11-21,31.850000381469727,32.20000076293945,31.299999237060547,31.600000381469727,2496000
2023-11-22,32.5,33.79999923706055,32.04999923706055,32.20000076293945,5561000
2023-11-23,31.799999237060547,33.45000076293945,31.200000762939453,32.650001525878906,4239000
2023-11-24,31.75,31.899999618530273,30.049999237060547,30.299999237060547,2855000
2023-11-27,30.25,30.450000762939453,29.0,29.100000381469727,1364000
2023-11-28,29.149999618530273,29.950000762939453,29.100000381469727,29.600000381469727,839000
2023-11-29,29.700000762939453,29.700000762939453,29.100000381469727,29.149999618530273,612000
2023-11-30,29.5,29.899999618530273,29.200000762939453,29.5,645000
2023-12-01,29.549999237060547,29.850000381469727,29.350000381469727,29.350000381469727,402000
2023-12-04,29.450000762939453,29.799999237060547,29.299999237060547,29.5,428000
2023-12-05,29.649999618530273,29.649999618530273,28.399999618530273,28.549999237060547,758000
2023-12-06,28.799999237060547,29.450000762939453,28.600000381469727,29.25,615000
2023-12-07,29.299999237060547,29.799999237060547,29.049999237060547,29.100000381469727,351000
2023-12-08,29.700000762939453,29.700000762939453,28.799999237060547,28.799999237060547,327000
2023-12-11,29.399999618530273,29.399999618530273,28.649999618530273,28.75,307000
2023-12-12,29.0,29.0,28.049999237060547,28.25,318000
2023-12-13,28.350000381469727,28.450000762939453,28.25,28.25,180000
2023-12-14,28.649999618530273,28.850000381469727,28.100000381469727,28.100000381469727,264000
2023-12-15,28.149999618530273,28.549999237060547,28.149999618530273,28.299999237060547,365000
2023-12-18,28.350000381469727,28.649999618530273,28.149999618530273,28.25,183000
2023-12-19,28.25,28.25,27.350000381469727,27.450000762939453,580000
2023-12-20,27.5,28.799999237060547,27.5,28.450000762939453,860000
2023-12-21,28.450000762939453,28.450000762939453,27.899999618530273,27.950000762939453,473000
2023-12-22,28.149999618530273,28.25,27.649999618530273,27.649999618530273,299000
2023-12-25,27.649999618530273,28.0,27.450000762939453,27.450000762939453,453000
2023-12-26,27.5,27.850000381469727,27.399999618530273,27.700000762939453,646000
2023-12-27,27.700000762939453,28.0,27.450000762939453,27.549999237060547,370000
2023-12-28,27.799999237060547,27.799999237060547,27.0,27.0,729000
2023-12-29,27.350000381469727,29.700000762939453,27.350000381469727,29.700000762939453,6142000
2024-01-02,29.350000381469727,29.5,28.25,29.5,4083000
2024-01-03,29.100000381469727,31.600000381469727,29.100000381469727,29.75,3925000
2024-01-04,29.75,29.75,28.850000381469727,28.850000381469727,978000
2024-01-05,29.0,31.200000762939453,29.0,29.899999618530273,3569000
2024-01-08,30.549999237060547,31.5,30.25,30.700000762939453,4656000
2024-01-09,30.5,30.5,29.700000762939453,29.75,1289000
2024-01-10,29.5,29.75,28.549999237060547,29.100000381469727,917000
2024-01-11,28.850000381469727,30.299999237060547,28.850000381469727,29.299999237060547,1100000
2024-01-12,29.0,29.899999618530273,29.0,29.899999618530273,937000
2024-01-15,28.350000381469727,28.799999237060547,28.25,28.450000762939453,1607410
2024-01-16,28.75,28.899999618530273,27.700000762939453,27.75,1019000
2024-01-17,27.75,28.399999618530273,27.299999237060547,27.5,729000
2024-01-18,27.899999618530273,28.25,27.399999618530273,27.549999237060547,463000
2024-01-19,28.100000381469727,28.100000381469727,27.600000381469727,27.649999618530273,324000
2024-01-22,27.899999618530273,28.149999618530273,27.850000381469727,28.0,246000
2024-01-23,28.0,28.5,27.899999618530273,28.5,381000
2024-01-24,28.5,29.149999618530273,28.450000762939453,28.850000381469727,674000
2024-01-25,28.899999618530273,29.0,28.25,28.299999237060547,377000
2024-01-26,28.5,30.200000762939453,28.5,29.25,2289000
2024-01-29,29.799999237060547,30.799999237060547,29.350000381469727,29.600000381469727,2327000
2024-01-30,29.600000381469727,29.600000381469727,28.950000762939453,28.950000762939453,515000
2024-01-31,29.299999237060547,29.700000762939453,28.899999618530273,29.0,540000
2024-02-01,29.049999237060547,29.399999618530273,28.950000762939453,29.200000762939453,474000
2024-02-02,29.600000381469727,29.700000762939453,29.049999237060547,29.149999618530273,421000
2024-02-05,29.0,29.100000381469727,28.5,29.0,358000
2024-02-15,27.600000381469727,27.600000381469727,26.200000762939453,26.399999618530273,823000
2024-02-16,26.450000762939453,26.899999618530273,26.399999618530273,26.649999618530273,345000
2024-02-19,26.649999618530273,27.25,26.600000381469727,26.799999237060547,390000
2024-02-20,27.0,27.0,26.100000381469727,26.350000381469727,469000
2024-02-21,26.299999237060547,26.75,26.200000762939453,26.25,389000
2024-02-22,26.399999618530273,26.399999618530273,26.0,26.049999237060547,280000
2024-02-23,26.25,26.299999237060547,25.799999237060547,25.850000381469727,362000
2024-02-26,25.850000381469727,26.350000381469727,25.850000381469727,26.0,256000
2024-02-27,26.100000381469727,26.200000762939453,25.350000381469727,25.350000381469727,288000
2024-02-29,25.25,25.700000762939453,25.25,25.700000762939453,179000
2024-03-01,26.200000762939453,26.200000762939453,25.700000762939453,25.850000381469727,180000
2024-03-04,25.75,26.149999618530273,25.649999618530273,25.649999618530273,162000
2024-03-05,25.649999618530273,25.899999618530273,25.399999618530273,25.399999618530273,181000
2024-03-06,25.399999618530273,25.649999618530273,25.049999237060547,25.049999237060547,155000
2024-03-07,25.049999237060547,25.149999618530273,24.5,24.5,366000
2024-03-08,24.799999237060547,25.450000762939453,24.600000381469727,24.649999618530273,364000
2024-03-11,25.100000381469727,26.100000381469727,24.850000381469727,25.700000762939453,594000
2024-03-12,25.600000381469727,26.799999237060547,25.600000381469727,26.200000762939453,690000
2024-03-13,26.200000762939453,26.200000762939453,26.200000762939453,26.200000762939453,0
2024-03-14,26.299999237060547,26.299999237060547,25.649999618530273,25.700000762939453,176000
2024-03-15,26.0,26.700000762939453,25.600000381469727,25.799999237060547,437000
2024-03-18,25.799999237060547,25.799999237060547,25.799999237060547,25.799999237060547,0
2024-03-19,25.399999618530273,25.549999237060547,25.0,25.0,142000
2024-03-20,25.149999618530273,25.25,24.799999237060547,25.100000381469727,140000
2024-03-21,25.5,25.5,25.049999237060547,25.149999618530273,84000
2024-03-22,25.149999618530273,25.399999618530273,24.799999237060547,24.850000381469727,230000
2024-03-25,24.850000381469727,24.850000381469727,24.850000381469727,24.850000381469727,0
2024-03-26,25.399999618530273,25.399999618530273,24.700000762939453,24.700000762939453,190000
2024-03-27,24.950000762939453,25.399999618530273,24.899999618530273,25.399999618530273,158000
2024-03-28,25.600000381469727,25.649999618530273,25.100000381469727,25.100000381469727,103000
2024-03-29,25.100000381469727,25.25,24.850000381469727,24.850000381469727,66000
2024-04-01,25.200000762939453,25.75,25.200000762939453,25.399999618530273,188000
2024-04-02,25.75,25.75,25.0,25.0,143000
2024-04-03,25.049999237060547,25.049999237060547,24.600000381469727,24.600000381469727,163000
2024-04-08,24.25,24.5,24.100000381469727,24.100000381469727,252000
2024-04-09,24.149999618530273,24.5,24.100000381469727,24.350000381469727,130000
2024-04-10,24.399999618530273,24.600000381469727,24.25,24.350000381469727,137000
2024-04-11,25.049999237060547,26.75,25.0,26.75,2794000
2024-04-12,28.899999618530273,29.049999237060547,28.100000381469727,28.149999618530273,6355000
2024-04-15,27.5,27.600000381469727,26.299999237060547,26.299999237060547,740000
2024-04-16,26.600000381469727,26.600000381469727,25.149999618530273,25.450000762939453,523000
2024-04-17,25.5,25.799999237060547,25.399999618530273,25.75,178000
2024-04-18,25.899999618530273,26.5,25.75,26.0,295000
2024-04-19,25.450000762939453,25.899999618530273,24.600000381469727,25.049999237060547,362000
2024-04-22,25.25,25.899999618530273,25.149999618530273,25.25,452000
2024-04-23,25.549999237060547,27.649999618530273,25.549999237060547,26.100000381469727,2193000
2024-04-24,26.549999237060547,28.700000762939453,25.649999618530273,28.700000762939453,2718000
2024-04-25,29.5,31.5,29.0,29.299999237060547,9070000
2024-04-26,29.0,30.299999237060547,28.200000762939453,29.850000381469727,2785000
2024-04-29,31.799999237060547,31.950000762939453,29.5,29.649999618530273,3824000
2024-04-30,29.200000762939453,29.350000381469727,28.649999618530273,29.149999618530273,906000
2024-05-02,28.899999618530273,30.600000381469727,28.600000381469727,29.649999618530273,2168000
2024-05-03,30.100000381469727,30.100000381469727,28.600000381469727,28.799999237060547,865000
2024-05-06,29.100000381469727,29.299999237060547,28.350000381469727,28.450000762939453,538000
2024-05-07,28.600000381469727,28.799999237060547,27.600000381469727,27.850000381469727,452000
2024-05-08,27.850000381469727,28.100000381469727,27.649999618530273,27.700000762939453,263000
2024-05-09,27.850000381469727,28.25,27.700000762939453,27.799999237060547,235000
2024-05-10,28.200000762939453,28.799999237060547,27.600000381469727,28.399999618530273,415000
2024-05-13,28.200000762939453,28.299999237060547,27.75,27.850000381469727,278000
2024-05-14,28.0,29.5,27.950000762939453,28.149999618530273,981000
2024-05-15,28.5,28.649999618530273,27.799999237060547,27.799999237060547,388000
2024-05-16,28.049999237060547,29.450000762939453,28.049999237060547,29.299999237060547,1850000
2024-05-17,29.450000762939453,29.450000762939453,28.700000762939453,28.950000762939453,543000
2024-05-20,28.05902671813965,29.116043090820312,27.146146774291992,27.33833122253418,1936674
2024-05-21,27.146146774291992,27.48246955871582,26.617637634277344,26.713729858398438,568202
2024-05-22,26.66568374633789,27.00200653076172,26.425451278686523,26.761775970458984,341337
2024-05-23,27.146146774291992,27.146146774291992,25.944988250732422,25.944988250732422,296589
2024-05-24,25.84889793395996,26.52154541015625,25.560619354248047,26.04108238220215,248718
2024-05-27,26.281312942504883,26.857868194580078,26.281312942504883,26.80982208251953,240393
2024-05-28,27.600000381469727,30.200000762939453,27.600000381469727,29.5,3379000
2024-05-29,29.600000381469727,30.299999237060547,28.799999237060547,29.0,1395000
2024-05-30,29.299999237060547,29.549999237060547,28.049999237060547,28.25,725000
2024-05-31,28.299999237060547,28.75,28.049999237060547,28.100000381469727,339000
2024-06-03,28.100000381469727,28.149999618530273,27.399999618530273,27.600000381469727,429000
2024-06-04,27.549999237060547,27.75,27.299999237060547,27.299999237060547,346000
2024-06-05,27.350000381469727,27.350000381469727,26.850000381469727,26.850000381469727,230000
2024-06-06,26.950000762939453,27.0,26.600000381469727,26.75,272000
2024-06-07,26.700000762939453,27.350000381469727,26.700000762939453,27.049999237060547,198000
2024-06-11,27.100000381469727,27.200000762939453,26.700000762939453,26.700000762939453,289000
2024-06-12,26.75,26.75,25.899999618530273,26.100000381469727,402000
2024-06-13,26.100000381469727,26.450000762939453,26.049999237060547,26.25,143000
2024-06-14,26.149999618530273,26.75,25.950000762939453,26.299999237060547,371000
2024-06-17,26.75,26.75,26.0,26.149999618530273,247000
2024-06-18,26.399999618530273,27.049999237060547,26.200000762939453,26.25,316000
2024-06-19,26.549999237060547,26.549999237060547,26.0,26.049999237060547,188000
2024-06-20,26.399999618530273,26.5,25.899999618530273,26.049999237060547,229000
2024-06-21,26.049999237060547,26.600000381469727,26.0,26.149999618530273,252000
2024-06-24,26.350000381469727,26.350000381469727,25.700000762939453,25.700000762939453,273000
2024-06-25,25.700000762939453,26.549999237060547,25.350000381469727,25.399999618530273,1026000
2024-06-26,25.399999618530273,25.399999618530273,25.0,25.0,608000
2024-06-27,25.100000381469727,25.100000381469727,24.600000381469727,24.649999618530273,441000
2024-06-28,24.549999237060547,24.850000381469727,24.450000762939453,24.600000381469727,389000
2024-07-01,25.0,25.350000381469727,24.850000381469727,25.0,384000
2024-07-02,25.049999237060547,25.5,25.049999237060547,25.100000381469727,290000
2024-07-03,25.100000381469727,25.200000762939453,25.0,25.0,234000
2024-07-04,25.100000381469727,25.350000381469727,25.049999237060547,25.049999237060547,201000
2024-07-05,25.200000762939453,25.350000381469727,25.100000381469727,25.100000381469727,258000
2024-07-08,25.200000762939453,25.200000762939453,24.799999237060547,24.799999237060547,238000
2024-07-09,24.950000762939453,25.700000762939453,24.600000381469727,24.75,410000
2024-07-10,24.799999237060547,25.399999618530273,24.75,25.149999618530273,390000
2024-07-11,25.200000762939453,25.200000762939453,24.700000762939453,24.700000762939453,266000
2024-07-12,24.799999237060547,25.0,24.649999618530273,24.649999618530273,152000
2024-07-15,24.799999237060547,24.799999237060547,24.5,24.5,121000
2024-07-16,24.799999237060547,24.799999237060547,24.5,24.549999237060547,147000
2024-07-17,24.950000762939453,25.299999237060547,24.5,24.5,314000
2024-07-18,24.549999237060547,24.549999237060547,24.200000762939453,24.200000762939453,207000
2024-07-19,24.200000762939453,24.200000762939453,23.399999618530273,23.450000762939453,270000
2024-07-22,23.5,23.5,21.850000381469727,21.950000762939453,858000
2024-07-23,21.799999237060547,22.799999237060547,21.799999237060547,22.5,241000
2024-07-26,22.200000762939453,22.25,21.75,21.899999618530273,178000
2024-07-29,22.049999237060547,22.149999618530273,21.5,21.5,247000
2024-07-30,21.5,21.5,20.0,21.049999237060547,515000
2024-07-31,21.049999237060547,21.299999237060547,20.950000762939453,21.049999237060547,133000
2024-08-01,21.100000381469727,21.350000381469727,20.950000762939453,21.25,394000
2024-08-02,21.549999237060547,21.549999237060547,20.299999237060547,20.299999237060547,284000
2024-08-05,19.950000762939453,20.0,18.299999237060547,18.299999237060547,719000
2024-08-06,18.600000381469727,18.600000381469727,16.600000381469727,17.299999237060547,760000
2024-08-07,17.399999618530273,19.0,17.399999618530273,19.0,508000
2024-08-08,19.25,19.25,18.350000381469727,18.700000762939453,358000
2024-08-09,19.049999237060547,19.450000762939453,18.700000762939453,18.850000381469727,255000
2024-08-12,19.0,19.200000762939453,18.899999618530273,19.149999618530273,266000
2024-08-13,19.149999618530273,19.299999237060547,18.850000381469727,18.850000381469727,122000
2024-08-14,18.950000762939453,19.100000381469727,18.700000762939453,18.75,135000
2024-08-15,18.899999618530273,19.149999618530273,18.75,18.950000762939453,179000
2024-08-16,19.200000762939453,19.450000762939453,19.0,19.100000381469727,230000
2024-08-19,19.350000381469727,19.350000381469727,18.899999618530273,18.950000762939453,127000
2024-08-20,19.0,19.149999618530273,18.899999618530273,19.049999237060547,124000
2024-08-21,18.899999618530273,19.5,18.850000381469727,19.5,201000
2024-08-22,19.700000762939453,19.700000762939453,19.100000381469727,19.5,127000
2024-08-23,19.350000381469727,20.799999237060547,19.100000381469727,19.450000762939453,1173000
2024-08-26,19.450000762939453,20.149999618530273,19.399999618530273,19.700000762939453,251000
2024-08-27,19.700000762939453,19.700000762939453,19.399999618530273,19.649999618530273,71000
2024-08-28,19.649999618530273,19.850000381469727,19.549999237060547,19.700000762939453,75000
2024-08-29,19.600000381469727,19.649999618530273,19.450000762939453,19.549999237060547,54000
2024-08-30,19.549999237060547,19.75,19.549999237060547,19.549999237060547,60000
2024-09-02,19.600000381469727,19.75,19.450000762939453,19.5,79000
2024-09-03,19.5,19.649999618530273,19.200000762939453,19.200000762939453,51000
2024-09-04,18.899999618530273,19.100000381469727,18.200000762939453,18.25,240000
2024-09-05,18.600000381469727,18.600000381469727,18.149999618530273,18.149999618530273,100000
2024-09-06,18.149999618530273,18.399999618530273,18.0,18.25,78000
2024-09-09,18.049999237060547,18.200000762939453,17.950000762939453,18.0,102000
2024-09-10,18.100000381469727,18.149999618530273,17.75,17.899999618530273,85000
2024-09-11,18.0,18.0,17.899999618530273,17.950000762939453,34000
2024-09-12,17.950000762939453,18.149999618530273,17.799999237060547,17.850000381469727,106000
2024-09-13,18.0,18.149999618530273,18.0,18.049999237060547,78000
2024-09-16,18.450000762939453,18.450000762939453,18.25,18.299999237060547,24000
2024-09-18,18.5,18.5,18.25,18.299999237060547,52000
2024-09-19,18.25,18.549999237060547,18.25,18.5,60000
2024-09-20,18.549999237060547,18.700000762939453,18.25,18.25,85000
2024-09-23,18.5,18.5,18.299999237060547,18.299999237060547,41000
2024-09-24,18.149999618530273,18.299999237060547,18.149999618530273,18.25,12000
2024-09-25,18.200000762939453,18.549999237060547,18.200000762939453,18.350000381469727,57000
2024-09-26,18.399999618530273,18.5,18.399999618530273,18.399999618530273,47000
2024-09-27,18.5,19.899999618530273,18.5,19.899999618530273,326000
2024-09-30,19.75,19.75,19.399999618530273,19.399999618530273,279000
2024-10-01,19.5,19.600000381469727,19.100000381469727,19.399999618530273,76000
2024-10-04,19.5,19.5,19.0,19.049999237060547,52000
2024-10-07,19.049999237060547,19.149999618530273,18.850000381469727,19.0,77000
2024-10-08,18.850000381469727,19.399999618530273,18.799999237060547,19.200000762939453,71000
2024-10-09,19.299999237060547,19.5,18.850000381469727,18.899999618530273,109000
2024-10-11,19.299999237060547,19.450000762939453,19.0,19.0,93000
2024-10-14,19.0,19.25,19.0,19.149999618530273,42000
2024-10-15,19.450000762939453,19.450000762939453,19.100000381469727,19.149999618530273,70000
2024-10-16,19.450000762939453,19.450000762939453,18.950000762939453,19.149999618530273,42000
2024-10-17,19.149999618530273,19.350000381469727,19.149999618530273,19.200000762939453,36000
2024-10-18,19.299999237060547,19.299999237060547,19.049999237060547,19.049999237060547,51000
2024-10-21,19.399999618530273,19.399999618530273,19.149999618530273,19.200000762939453,78000
2024-10-22,19.399999618530273,19.450000762939453,19.25,19.350000381469727,106000
2024-10-23,19.399999618530273,19.950000762939453,19.399999618530273,19.799999237060547,204000
2024-10-24,19.700000762939453,19.850000381469727,19.350000381469727,19.450000762939453,97000
2024-10-25,19.649999618530273,19.649999618530273,19.399999618530273,19.450000762939453,46000
2024-10-28,19.450000762939453,19.799999237060547,19.450000762939453,19.549999237060547,58000
2024-10-29,19.5,19.600000381469727,19.200000762939453,19.600000381469727,74000
2024-10-30,19.850000381469727,20.700000762939453,19.850000381469727,20.100000381469727,693000
2024-11-01,19.649999618530273,20.399999618530273,19.649999618530273,20.299999237060547,174000
2024-11-04,20.299999237060547,20.350000381469727,20.0,20.0,117000
2024-11-05,20.25,20.399999618530273,20.0,20.0,85000
2024-11-06,19.950000762939453,19.950000762939453,19.649999618530273,19.850000381469727,89000
2024-11-07,19.950000762939453,20.25,19.899999618530273,20.0,111000
2024-11-08,20.0,20.0,19.0,19.100000381469727,402000
2024-11-11,19.149999618530273,19.299999237060547,18.950000762939453,18.950000762939453,75000
2024-11-12,18.899999618530273,18.899999618530273,18.649999618530273,18.700000762939453,51000
2024-11-13,18.549999237060547,19.049999237060547,18.549999237060547,18.700000762939453,112000
2024-11-14,18.700000762939453,18.700000762939453,18.549999237060547,18.549999237060547,54000
2024-11-15,18.649999618530273,18.850000381469727,18.149999618530273,18.149999618530273,114000
2024-11-18,19.549999237060547,19.549999237060547,18.5,18.5,125000
2024-11-19,18.600000381469727,18.75,18.25,18.450000762939453,86000
2024-11-20,18.399999618530273,18.549999237060547,18.350000381469727,18.450000762939453,33012
2024-11-21,18.450000762939453,18.5,18.399999618530273,18.450000762939453,20000
2024-11-22,18.450000762939453,18.75,18.450000762939453,18.75,50000
2024-11-25,18.899999618530273,18.899999618530273,18.600000381469727,18.75,41000
2024-11-26,18.899999618530273,18.899999618530273,18.450000762939453,18.600000381469727,53000
2024-11-27,18.850000381469727,18.850000381469727,18.549999237060547,18.549999237060547,25000
2024-11-28,18.700000762939453,18.700000762939453,18.200000762939453,18.200000762939453,54000
2024-11-29,18.399999618530273,18.549999237060547,18.149999618530273,18.200000762939453,58000
2024-12-02,18.5,18.600000381469727,18.299999237060547,18.399999618530273,47000
2024-12-03,18.450000762939453,19.350000381469727,18.450000762939453,19.0,139000
2024-12-04,19.149999618530273,19.149999618530273,18.899999618530273,19.0,66000
2024-12-05,19.0,19.049999237060547,18.799999237060547,18.899999618530273,65000
2024-12-06,19.149999618530273,19.149999618530273,18.75,19.049999237060547,67000
2024-12-09,19.049999237060547,19.549999237060547,18.850000381469727,18.850000381469727,79000
2024-12-10,19.100000381469727,19.399999618530273,18.75,18.799999237060547,133000
2024-12-11,18.850000381469727,18.850000381469727,18.700000762939453,18.850000381469727,42000
2024-12-12,18.850000381469727,19.049999237060547,18.700000762939453,18.700000762939453,27000
2024-12-13,18.649999618530273,18.649999618530273,18.399999618530273,18.399999618530273,45000
2024-12-16,18.5,18.5,18.200000762939453,18.200000762939453,35000
2024-12-17,18.350000381469727,19.700000762939453,18.25,19.149999618530273,357000
2024-12-18,20.0,21.049999237060547,20.0,21.049999237060547,1204000
2024-12-19,21.700000762939453,22.899999618530273,20.950000762939453,21.850000381469727,5203000
2024-12-20,21.350000381469727,21.350000381469727,20.850000381469727,20.950000762939453,793000
2024-12-23,20.950000762939453,21.399999618530273,20.649999618530273,21.399999618530273,526000
2024-12-24,21.399999618530273,21.399999618530273,20.950000762939453,21.049999237060547,406000
2024-12-25,21.5,21.600000381469727,20.600000381469727,20.600000381469727,257000
2024-12-26,20.700000762939453,20.799999237060547,20.350000381469727,20.399999618530273,188000
2024-12-27,19.75,20.399999618530273,19.75,19.850000381469727,291000
2024-12-30,20.149999618530273,20.700000762939453,19.899999618530273,19.899999618530273,233000
2024-12-31,19.899999618530273,20.350000381469727,19.899999618530273,20.350000381469727,75000
2025-01-02,21.799999237060547,22.350000381469727,21.799999237060547,22.350000381469727,877000
2025-01-03,23.0,23.799999237060547,20.700000762939453,21.149999618530273,2920000
2025-01-06,21.350000381469727,21.399999618530273,21.0,21.200000762939453,246000
2025-01-07,21.399999618530273,21.649999618530273,20.950000762939453,21.0,175000
2025-01-08,21.399999618530273,21.399999618530273,21.0,21.0,116000
2025-01-09,21.399999618530273,21.399999618530273,20.299999237060547,20.450000762939453,152000
2025-01-10,20.25,20.75,19.799999237060547,19.799999237060547,188000
2025-01-13,19.799999237060547,19.850000381469727,18.600000381469727,19.0,350000
2025-01-14,19.049999237060547,19.299999237060547,19.049999237060547,19.200000762939453,99000
2025-01-15,19.100000381469727,19.25,19.0,19.049999237060547,61000
2025-01-16,19.450000762939453,19.450000762939453,19.0,19.0,80000
2025-01-17,20.399999618530273,20.899999618530273,20.299999237060547,20.899999618530273,459000
2025-01-20,22.950000762939453,22.950000762939453,22.100000381469727,22.950000762939453,3301000
2025-01-21,23.0,23.5,22.25,23.399999618530273,1351000
2025-01-22,23.899999618530273,23.899999618530273,23.100000381469727,23.299999237060547,1069000
2025-02-03,22.950000762939453,23.799999237060547,21.899999618530273,22.049999237060547,1089100
2025-02-04,21.899999618530273,22.0,21.200000762939453,21.299999237060547,472050
2025-02-05,21.399999618530273,21.5,21.100000381469727,21.350000381469727,346451
2025-02-06,21.0,21.549999237060547,21.0,21.25,209410
2025-02-07,21.600000381469727,21.799999237060547,21.299999237060547,21.399999618530273,320110
2025-02-10,21.100000381469727,22.299999237060547,21.100000381469727,22.0,367400
2025-02-11,22.600000381469727,22.700000762939453,21.450000762939453,21.450000762939453,442050
2025-02-12,21.600000381469727,21.75,21.0,21.600000381469727,461080
2025-02-13,21.600000381469727,21.75,21.399999618530273,21.700000762939453,111020
2025-02-14,21.549999237060547,21.75,21.399999618530273,21.549999237060547,158000
2025-02-17,21.5,21.850000381469727,21.299999237060547,21.299999237060547,140080
2025-02-18,21.350000381469727,21.649999618530273,21.200000762939453,21.25,127170
2025-02-19,21.25,21.5,21.25,21.350000381469727,124060
2025-02-20,21.350000381469727,21.399999618530273,21.049999237060547,21.100000381469727,208205
2025-02-21,21.299999237060547,22.200000762939453,21.299999237060547,21.350000381469727,606343
2025-02-24,21.350000381469727,21.799999237060547,21.299999237060547,21.700000762939453,287234
2025-02-25,22.049999237060547,22.049999237060547,21.600000381469727,21.600000381469727,169000
2025-02-26,21.649999618530273,21.899999618530273,21.600000381469727,21.649999618530273,150200
2025-02-27,21.5,22.0,21.450000762939453,21.600000381469727,288383
2025-03-03,21.600000381469727,21.75,21.350000381469727,21.5,154420
2025-03-04,21.5,21.549999237060547,21.299999237060547,21.450000762939453,185400
2025-03-05,21.450000762939453,21.649999618530273,21.399999618530273,21.600000381469727,120000
2025-03-06,21.350000381469727,22.0,21.350000381469727,21.600000381469727,184040
2025-03-07,21.649999618530273,21.75,21.399999618530273,21.399999618530273,56000
2025-03-10,21.450000762939453,21.649999618530273,20.850000381469727,21.0,198010
2025-03-11,21.25,21.25,20.25,20.5,228000
2025-03-12,20.549999237060547,20.649999618530273,20.5,20.5,95085
2025-03-13,21.0,21.0,19.649999618530273,19.75,211040
2025-03-14,19.899999618530273,20.0,19.75,19.850000381469727,134360
2025-03-17,19.899999618530273,20.25,19.799999237060547,19.799999237060547,86207
2025-03-18,19.850000381469727,20.0,19.850000381469727,19.899999618530273,23380
2025-03-19,19.649999618530273,20.100000381469727,19.649999618530273,19.75,109213
2025-03-20,20.0,20.200000762939453,19.850000381469727,20.100000381469727,81000
2025-03-21,20.5,20.5,19.950000762939453,19.950000762939453,96000
2025-03-24,19.950000762939453,20.0,19.700000762939453,19.75,73068
2025-03-25,19.75,19.75,19.549999237060547,19.600000381469727,56100
2025-03-26,19.549999237060547,19.799999237060547,19.5,19.75,117037
2025-03-27,19.450000762939453,19.549999237060547,19.399999618530273,19.399999618530273,76250
2025-03-28,19.399999618530273,19.399999618530273,18.049999237060547,18.200000762939453,311072
2025-03-31,18.0,18.350000381469727,17.549999237060547,17.600000381469727,217115
2025-04-01,18.649999618530273,18.649999618530273,18.0,18.25,151000
2025-04-02,18.200000762939453,18.5,18.149999618530273,18.450000762939453,132840
2025-04-07,16.649999618530273,16.649999618530273,16.649999618530273,16.649999618530273,97000
2025-04-08,15.0,16.0,15.0,15.449999809265137,451000
2025-04-09,15.5,15.5,13.949999809265137,13.949999809265137,249121
2025-04-10,15.0,15.300000190734863,14.949999809265137,15.300000190734863,346000
2025-04-11,14.0,15.550000190734863,14.0,15.300000190734863,367020
2025-04-14,15.649999618530273,15.899999618530273,15.300000190734863,15.449999809265137,198200
2025-04-15,15.550000190734863,16.100000381469727,15.449999809265137,15.800000190734863,170018
2025-04-16,15.699999809265137,16.149999618530273,15.649999618530273,16.0,128420
2025-04-17,16.200000762939453,16.200000762939453,15.800000190734863,16.149999618530273,50120
2025-04-18,16.049999237060547,16.399999618530273,16.049999237060547,16.100000381469727,51200
2025-04-21,16.100000381469727,16.100000381469727,15.649999618530273,15.850000381469727,52020
2025-04-22,15.399999618530273,15.75,15.300000190734863,15.5,80000
2025-04-23,15.75,16.299999237060547,15.649999618530273,15.75,63000
2025-04-24,15.800000190734863,16.0,15.699999809265137,15.800000190734863,24000
2025-04-25,15.850000381469727,16.049999237060547,15.399999618530273,15.850000381469727,66063
2025-04-28,15.800000190734863,16.799999237060547,15.800000190734863,16.549999237060547,160062
2025-04-29,16.5,16.600000381469727,16.350000381469727,16.450000762939453,50021
2025-04-30,16.450000762939453,17.299999237060547,16.450000762939453,16.850000381469727,225000
2025-05-02,17.049999237060547,17.149999618530273,16.649999618530273,16.799999237060547,106100
2025-05-05,17.0,17.799999237060547,16.950000762939453,17.0,303007
2025-05-06,17.350000381469727,18.700000762939453,17.350000381469727,18.700000762939453,1655120
2025-05-07,18.5,18.549999237060547,17.549999237060547,17.600000381469727,718817
2025-05-08,17.799999237060547,19.25,17.600000381469727,18.399999618530273,1303844
2025-05-09,18.549999237060547,19.25,18.100000381469727,18.5,810000
2025-05-12,18.299999237060547,18.899999618530273,18.049999237060547,18.5,334020
2025-05-13,18.549999237060547,18.549999237060547,18.0,18.0,198200
2025-05-14,18.200000762939453,18.450000762939453,17.700000762939453,17.850000381469727,241040
2025-05-15,18.100000381469727,18.799999237060547,17.850000381469727,18.200000762939453,555000
2025-05-16,18.399999618530273,19.799999237060547,18.350000381469727,18.350000381469727,1293400
2025-05-19,18.350000381469727,18.600000381469727,17.899999618530273,17.899999618530273,249000
2025-05-20,18.049999237060547,18.25,17.75,17.899999618530273,153000
2025-05-21,17.899999618530273,18.5,17.899999618530273,18.100000381469727,185183
2025-05-22,18.299999237060547,18.75,18.0,18.149999618530273,391000
2025-05-23,18.450000762939453,18.450000762939453,18.0,18.049999237060547,93000
2025-05-26,17.950000762939453,18.100000381469727,17.75,17.899999618530273,91400
2025-05-27,17.899999618530273,18.799999237060547,17.899999618530273,18.299999237060547,349077
2025-05-28,18.600000381469727,18.600000381469727,18.100000381469727,18.100000381469727,103100
2025-05-29,18.399999618530273,18.399999618530273,18.0,18.049999237060547,61011
2025-06-02,18.0,18.0,17.049999237060547,17.049999237060547,248201
2025-06-03,17.0,17.200000762939453,16.799999237060547,16.799999237060547,137551
2025-06-04,17.0,17.149999618530273,16.799999237060547,17.049999237060547,77160
2025-06-05,17.049999237060547,17.049999237060547,16.850000381469727,16.850000381469727,46557
2025-06-06,16.899999618530273,17.0,16.799999237060547,16.899999618530273,54020
2025-06-09,17.149999618530273,17.799999237060547,17.149999618530273,17.25,271000
2025-06-10,17.350000381469727,17.350000381469727,16.899999618530273,17.25,89832
2025-06-11,17.299999237060547,17.5,17.25,17.25,88000
2025-06-12,17.200000762939453,17.299999237060547,17.149999618530273,17.149999618530273,71000
2025-06-13,17.049999237060547,17.149999618530273,16.649999618530273,16.75,144037
2025-06-16,16.549999237060547,16.649999618530273,16.450000762939453,16.549999237060547,58060
2025-06-17,16.5,16.649999618530273,16.450000762939453,16.5,59000
2025-06-18,16.549999237060547,16.850000381469727,16.5,16.799999237060547,72000
2025-06-19,16.799999237060547,16.799999237060547,16.25,16.399999618530273,59005
2025-06-20,16.850000381469727,17.0,16.149999618530273,16.350000381469727,89000
2025-06-23,16.149999618530273,16.200000762939453,15.850000381469727,16.149999618530273,89100
2025-06-24,16.200000762939453,16.850000381469727,16.200000762939453,16.700000762939453,176050
2025-06-25,16.899999618530273,17.149999618530273,16.649999618530273,16.649999618530273,135360
2025-06-26,16.75,17.149999618530273,16.75,17.049999237060547,97281
2025-06-27,17.299999237060547,18.0,17.149999618530273,17.899999618530273,459300
2025-06-30,17.950000762939453,18.200000762939453,17.25,17.399999618530273,228040
2025-07-01,17.600000381469727,17.75,17.399999618530273,17.450000762939453,99000
2025-07-02,17.649999618530273,17.700000762939453,17.450000762939453,17.549999237060547,53000
2025-07-03,17.549999237060547,17.850000381469727,17.049999237060547,17.350000381469727,128050
2025-07-04,17.549999237060547,17.549999237060547,17.049999237060547,17.049999237060547,57050
2025-07-07,17.100000381469727,17.25,16.899999618530273,16.899999618530273,54000
2025-07-08,17.399999618530273,17.399999618530273,16.700000762939453,16.700000762939453,56010
2025-07-09,16.399999618530273,16.799999237060547,16.399999618530273,16.649999618530273,56040
2025-07-10,16.600000381469727,16.649999618530273,16.200000762939453,16.200000762939453,56549
2025-07-11,16.600000381469727,16.799999237060547,16.25,16.350000381469727,86480
2025-07-14,16.450000762939453,16.600000381469727,16.25,16.299999237060547,70020
2025-07-15,16.5,16.5,16.299999237060547,16.350000381469727,46000
2025-07-16,16.350000381469727,16.399999618530273,16.25,16.299999237060547,62000
2025-07-17,16.350000381469727,16.450000762939453,16.25,16.299999237060547,59566
2025-07-18,16.350000381469727,16.700000762939453,16.350000381469727,16.399999618530273,79375
2025-07-21,16.399999618530273,16.450000762939453,16.299999237060547,16.350000381469727,37030
2025-07-22,16.350000381469727,16.350000381469727,16.0,16.049999237060547,102000
2025-07-23,16.350000381469727,16.399999618530273,16.100000381469727,16.200000762939453,81083
2025-07-24,16.350000381469727,16.350000381469727,16.149999618530273,16.200000762939453,48055
2025-07-25,16.25,16.25,16.0,16.049999237060547,68000
2025-07-28,16.299999237060547,16.5,16.149999618530273,16.149999618530273,114124
2025-07-29,16.299999237060547,16.299999237060547,16.0,16.0,98020
2025-07-30,16.0,16.100000381469727,15.949999809265137,15.949999809265137,68000
2025-07-31,15.949999809265137,16.0,15.75,15.850000381469727,108060
2025-08-04,15.800000190734863,16.149999618530273,15.800000190734863,16.100000381469727,138000
2025-08-05,16.299999237060547,16.350000381469727,16.0,16.200000762939453,91346
2025-08-06,16.149999618530273,16.25,16.049999237060547,16.200000762939453,48002
2025-08-07,16.200000762939453,16.200000762939453,16.0,16.049999237060547,54000
2025-08-08,16.049999237060547,16.049999237060547,15.850000381469727,15.850000381469727,78055
2025-08-11,15.949999809265137,16.100000381469727,15.800000190734863,15.949999809265137,87000
2025-08-12,15.850000381469727,16.0,15.699999809265137,15.850000381469727,88200
2025-08-13,16.0,16.0,15.75,15.75,130140
2025-08-14,15.75,15.850000381469727,15.649999618530273,15.75,96271
2025-08-15,15.850000381469727,15.949999809265137,15.300000190734863,15.600000381469727,199000
2025-08-18,15.5,15.550000190734863,15.399999618530273,15.399999618530273,104099
2025-08-19,15.550000190734863,15.550000190734863,15.350000381469727,15.399999618530273,49095
2025-08-20,15.300000190734863,15.399999618530273,15.100000381469727,15.149999618530273,123059
2025-08-21,15.300000190734863,15.350000381469727,15.25,15.300000190734863,59620
2025-08-22,15.350000381469727,15.350000381469727,15.149999618530273,15.199999809265137,82020
2025-08-25,15.199999809265137,15.199999809265137,15.0,15.0,152630
2025-08-26,15.100000381469727,15.149999618530273,15.0,15.050000190734863,43000
2025-08-27,15.050000190734863,15.050000190734863,14.949999809265137,14.949999809265137,97183
2025-08-28,15.0,15.399999618530273,14.949999809265137,15.399999618530273,174111
2025-08-29,15.399999618530273,15.449999809265137,15.199999809265137,15.300000190734863,81000
2025-09-01,15.5,16.149999618530273,15.25,15.75,406028
2025-09-02,15.949999809265137,15.949999809265137,15.5,15.75,140140
2025-09-03,16.399999618530273,16.399999618530273,15.699999809265137,15.75,153000
2025-09-04,15.850000381469727,15.949999809265137,15.75,15.899999618530273,164120
2025-09-05,15.800000190734863,15.899999618530273,15.699999809265137,15.75,52011
2025-09-08,15.850000381469727,16.049999237060547,15.75,15.75,109570
2025-09-09,15.800000190734863,15.850000381469727,15.699999809265137,15.699999809265137,64000
2025-09-10,15.699999809265137,15.800000190734863,15.699999809265137,15.699999809265137,61669
2025-09-11,15.800000190734863,15.850000381469727,15.600000381469727,15.75,108000
2025-09-12,15.899999618530273,15.899999618530273,15.5,15.800000190734863,128543
2025-09-15,15.800000190734863,15.800000190734863,15.449999809265137,15.449999809265137,91201
2025-09-16,15.75,15.75,15.350000381469727,15.449999809265137,73060
2025-09-17,15.449999809265137,15.699999809265137,15.25,15.550000190734863,108020
2025-09-18,15.649999618530273,15.649999618530273,15.550000190734863,15.550000190734863,76090
2025-09-19,15.699999809265137,15.75,15.5,15.550000190734863,74069
2025-09-22,15.800000190734863,16.0,15.649999618530273,15.75,290566
2025-09-23,15.75,15.899999618530273,15.600000381469727,15.600000381469727,87140
2025-09-24,15.600000381469727,15.600000381469727,15.5,15.5,62749
2025-09-25,15.699999809265137,15.699999809265137,15.5,15.550000190734863,59822
2025-09-26,15.399999618530273,15.550000190734863,15.300000190734863,15.5,73055
2025-09-30,15.699999809265137,15.75,15.399999618530273,15.399999618530273,75729
2025-10-01,15.5,15.600000381469727,15.399999618530273,15.550000190734863,35000
2025-10-02,15.550000190734863,15.550000190734863,15.399999618530273,15.449999809265137,56390
2025-10-03,15.449999809265137,15.449999809265137,15.199999809265137,15.199999809265137,145400
2025-10-07,15.25,15.350000381469727,15.25,15.25,48800
2025-10-08,15.300000190734863,15.300000190734863,15.100000381469727,15.149999618530273,100239
2025-10-09,15.350000381469727,15.5,15.300000190734863,15.300000190734863,79200
2025-10-13,15.100000381469727,15.100000381469727,14.850000381469727,14.949999809265137,128080
2025-10-14,15.100000381469727,15.149999618530273,14.800000190734863,14.899999618530273,150080
2025-10-15,15.0,15.100000381469727,14.949999809265137,15.0,60000
2025-10-16,15.100000381469727,15.199999809265137,15.0,15.100000381469727,73040
2025-10-17,15.300000190734863,16.0,15.199999809265137,15.850000381469727,908479
2025-10-20,16.149999618530273,16.649999618530273,15.850000381469727,15.850000381469727,872733
2025-10-21,15.850000381469727,15.899999618530273,15.550000190734863,15.600000381469727,190035
2025-10-22,15.75,16.149999618530273,15.699999809265137,16.149999618530273,181340
2025-10-23,16.200000762939453,16.25,15.699999809265137,15.75,177625
2025-10-27,16.0,16.0,15.699999809265137,15.699999809265137,146000
2025-10-28,15.800000190734863,15.800000190734863,15.600000381469727,15.649999618530273,64010
2025-10-29,15.649999618530273,15.649999618530273,15.350000381469727,15.449999809265137,128090
2025-10-30,15.449999809265137,15.600000381469727,15.399999618530273,15.5,74040
2025-10-31,15.600000381469727,15.899999618530273,15.449999809265137,15.699999809265137,169210
2025-11-03,15.75,15.850000381469727,15.5,15.600000381469727,69050
2025-11-04,15.699999809265137,15.699999809265137,15.399999618530273,15.550000190734863,54320
2025-11-05,15.699999809265137,17.049999237060547,15.699999809265137,16.700000762939453,1326155
2025-11-06,16.75,17.0,16.299999237060547,16.350000381469727,874040
2025-11-07,16.399999618530273,16.399999618530273,16.049999237060547,16.299999237060547,129000
2025-11-10,16.299999237060547,16.399999618530273,16.0,16.0,226183
2025-11-11,16.25,16.25,15.649999618530273,15.75,220065
2025-11-12,15.949999809265137,16.0,15.800000190734863,15.850000381469727,91000
2025-11-13,15.949999809265137,15.949999809265137,15.75,15.75,76280
2025-11-14,15.949999809265137,16.299999237060547,15.850000381469727,15.899999618530273,243200
2025-11-17,16.149999618530273,16.149999618530273,15.75,15.75,136649
2025-11-18,15.949999809265137,15.949999809265137,15.25,15.399999618530273,152000
2025-11-19,15.399999618530273,15.399999618530273,15.0,15.100000381469727,155000
2025-11-20,15.300000190734863,15.300000190734863,15.0,15.0,118520
2025-11-21,15.050000190734863,15.449999809265137,15.0,15.25,156009
2025-11-24,15.449999809265137,15.449999809265137,15.100000381469727,15.100000381469727,77500
2025-11-25,15.199999809265137,15.25,15.100000381469727,15.100000381469727,66000
2025-11-26,15.199999809265137,15.25,15.100000381469727,15.149999618530273,50000
2025-11-27,15.25,15.449999809265137,15.149999618530273,15.399999618530273,143923
2025-11-28,15.5,15.5,15.25,15.25,83183
2025-12-01,15.399999618530273,15.449999809265137,15.149999618530273,15.149999618530273,115020
2025-12-02,15.149999618530273,15.399999618530273,15.100000381469727,15.149999618530273,75000
2025-12-03,15.300000190734863,15.300000190734863,15.100000381469727,15.149999618530273,122040
2025-12-04,15.350000381469727,15.350000381469727,15.149999618530273,15.25,35200
2025-12-05,15.449999809265137,15.449999809265137,15.050000190734863,15.199999809265137,148300
2025-12-08,15.199999809265137,15.25,15.050000190734863,15.050000190734863,114000
2025-12-09,15.050000190734863,15.149999618530273,15.0,15.050000190734863,42360
2025-12-10,15.199999809265137,15.199999809265137,15.0,15.050000190734863,58040
2025-12-11,15.0,15.050000190734863,14.850000381469727,14.949999809265137,138980
2025-12-12,15.0,15.0,14.75,14.850000381469727,140080
2025-12-15,14.699999809265137,14.899999618530273,14.699999809265137,14.899999618530273,40000
2025-12-16,15.199999809265137,15.199999809265137,14.850000381469727,14.899999618530273,103000
2025-12-17,15.050000190734863,15.100000381469727,14.899999618530273,15.0,51000
2025-12-18,14.850000381469727,15.0,14.699999809265137,14.850000381469727,36799
2025-12-19,15.050000190734863,15.100000381469727,14.649999618530273,14.850000381469727,99600
2025-12-22,14.899999618530273,14.899999618530273,14.699999809265137,14.75,138264
2025-12-23,14.850000381469727,14.850000381469727,14.699999809265137,14.75,48769
2025-12-24,14.850000381469727,14.899999618530273,14.649999618530273,14.649999618530273,147160
2025-12-26,14.75,14.75,14.550000190734863,14.550000190734863,71000
2025-12-29,14.550000190734863,14.75,14.550000190734863,14.75,129000
2025-12-30,14.699999809265137,14.699999809265137,14.550000190734863,14.550000190734863,61020
2025-12-31,14.550000190734863,14.75,14.5,14.5,109015
2026-01-02,14.5,14.649999618530273,14.5,14.550000190734863,97000
2026-01-05,14.550000190734863,14.649999618530273,14.149999618530273,14.25,120916
2026-01-06,14.25,14.550000190734863,14.199999809265137,14.300000190734863,125420
2026-01-07,14.350000381469727,14.5,14.199999809265137,14.350000381469727,169570
2026-01-08,14.5,14.649999618530273,14.449999809265137,14.449999809265137,117100
2026-01-09,14.550000190734863,14.649999618530273,14.350000381469727,14.649999618530273,65000
2026-01-12,14.649999618530273,14.649999618530273,14.5,14.550000190734863,43100
2026-01-13,14.850000381469727,14.850000381469727,14.449999809265137,14.550000190734863,105674
2026-01-14,14.5,14.699999809265137,14.5,14.5,120817
2026-01-15,14.75,14.75,14.550000190734863,14.699999809265137,71200
2026-01-16,14.75,14.800000190734863,14.600000381469727,14.600000381469727,66153
2026-01-19,14.649999618530273,14.649999618530273,14.5,14.5,65200
2026-01-20,14.449999809265137,14.550000190734863,14.350000381469727,14.5,75490
2026-01-21,14.399999618530273,14.550000190734863,14.25,14.350000381469727,98000
2026-01-22,14.350000381469727,14.75,14.350000381469727,14.550000190734863,131020
2026-01-23,14.699999809265137,14.699999809265137,14.300000190734863,14.300000190734863,151300
2026-01-26,14.350000381469727,14.399999618530273,14.25,14.300000190734863,58080
2026-01-27,14.300000190734863,14.300000190734863,14.149999618530273,14.25,115080
2026-01-28,14.300000190734863,14.399999618530273,14.25,14.25,69150
2026-01-29,14.25,14.25,14.100000381469727,14.100000381469727,100376
2026-01-30,14.100000381469727,14.199999809265137,13.899999618530273,13.949999809265137,133002
2026-02-02,13.899999618530273,14.0,13.800000190734863,13.850000381469727,83160
2026-02-03,13.850000381469727,13.949999809265137,13.699999809265137,13.850000381469727,115660
2026-02-04,13.850000381469727,13.850000381469727,13.649999618530273,13.800000190734863,94060
2026-02-05,14.050000190734863,15.149999618530273,13.800000190734863,15.149999618530273,1693941
2026-02-06,14.649999618530273,14.899999618530273,14.149999618530273,14.149999618530273,857083
2026-02-09,14.300000190734863,14.350000381469727,13.949999809265137,14.199999809265137,176001
2026-02-10,14.300000190734863,14.300000190734863,13.850000381469727,13.899999618530273,111960
2026-02-11,13.850000381469727,14.050000190734863,13.850000381469727,13.899999618530273,251040
2026-02-23,13.949999809265137,14.050000190734863,13.800000190734863,14.0,171020
2026-02-24,14.050000190734863,14.050000190734863,13.800000190734863,13.800000190734863,125400
2026-02-25,13.850000381469727,14.0,13.699999809265137,13.800000190734863,120120
2026-02-26,13.75,13.800000190734863,13.699999809265137,13.800000190734863,73440
2026-03-02,13.649999618530273,13.649999618530273,13.449999809265137,13.550000190734863,83040
2026-03-03,13.5,13.5,13.0,13.050000190734863,222000
2026-03-04,13.100000381469727,13.100000381469727,12.800000190734863,12.800000190734863,139008
2026-03-05,13.199999809265137,13.199999809265137,12.800000190734863,12.800000190734863,65000
2026-03-06,12.699999809265137,13.050000190734863,12.699999809265137,13.050000190734863,83100
2026-03-09,12.800000190734863,12.800000190734863,12.600000381469727,12.600000381469727,51000
2026-03-10,12.75,13.149999618530273,12.5,12.649999618530273,74140
2026-03-11,13.100000381469727,13.100000381469727,12.75,13.0,86040
2026-03-12,12.800000190734863,12.949999809265137,12.699999809265137,12.850000381469727,85000
2026-03-13,12.850000381469727,12.899999618530273,12.649999618530273,12.75,29168
2026-03-16,12.550000190734863,12.800000190734863,12.550000190734863,12.600000381469727,46100
2026-03-17,12.800000190734863,12.800000190734863,12.600000381469727,12.600000381469727,47183
2026-03-18,12.649999618530273,12.800000190734863,12.600000381469727,12.649999618530273,16173
2026-03-19,12.75,12.949999809265137,12.75,12.75,70004
2026-03-20,12.899999618530273,12.949999809265137,12.699999809265137,12.800000190734863,62149
2026-03-23,12.649999618530273,12.850000381469727,12.550000190734863,12.550000190734863,56254
2026-03-24,12.649999618530273,12.649999618530273,12.5,12.5,95050
2026-03-25,12.5,12.550000190734863,12.449999809265137,12.5,29080
2026-03-26,12.5,12.75,12.399999618530273,12.550000190734863,42020
2026-03-27,12.550000190734863,12.649999618530273,12.350000381469727,12.649999618530273,87015
2026-03-30,12.350000381469727,12.75,12.350000381469727,12.649999618530273,55000
2026-03-31,12.649999618530273,12.75,12.449999809265137,12.550000190734863,66000
2026-04-01,12.699999809265137,13.050000190734863,12.699999809265137,12.800000190734863,67360
2026-04-02,12.949999809265137,13.050000190734863,12.800000190734863,12.949999809265137,95020
2026-04-07,13.100000381469727,13.449999809265137,13.100000381469727,13.149999618530273,101091
2026-04-08,13.149999618530273,13.5,13.149999618530273,13.199999809265137,115320
2026-04-09,13.199999809265137,13.25,12.949999809265137,13.0,60000
2026-04-10,13.199999809265137,13.399999618530273,13.100000381469727,13.25,121549
2026-04-13,14.550000190734863,14.550000190734863,14.550000190734863,14.550000190734863,1092100
2026-04-14,15.199999809265137,15.199999809265137,14.149999618530273,14.149999618530273,897032
2026-04-15,14.449999809265137,14.449999809265137,13.399999618530273,13.5,252810
2026-04-16,13.550000190734863,13.850000381469727,13.550000190734863,13.75,189050
2026-04-17,14.25,14.25,13.699999809265137,13.75,109640
2026-04-20,13.800000190734863,13.850000381469727,13.25,13.350000381469727,101655
2026-04-21,13.350000381469727,13.850000381469727,13.100000381469727,13.600000381469727,95437
2026-04-22,13.350000381469727,13.399999618530273,13.149999618530273,13.350000381469727,85020
2026-04-23,13.449999809265137,13.449999809265137,13.050000190734863,13.050000190734863,133100
2026-04-24,13.0,13.199999809265137,13.0,13.149999618530273,48075
2026-04-27,13.399999618530273,13.399999618530273,12.800000190734863,12.949999809265137,78000
2026-04-28,12.949999809265137,13.0,12.850000381469727,12.949999809265137,65015
2026-04-29,12.850000381469727,13.0,12.800000190734863,12.800000190734863,44016
2026-04-30,13.050000190734863,13.050000190734863,12.800000190734863,12.850000381469727,40020
2026-05-04,13.050000190734863,13.100000381469727,12.800000190734863,12.949999809265137,58800
2026-05-05,12.850000381469727,13.0,12.800000190734863,13.0,81150
2026-05-06,13.0,13.0,12.550000190734863,12.699999809265137,96060
2026-05-07,12.699999809265137,12.699999809265137,12.5,12.600000381469727,61000
2026-05-08,12.600000381469727,12.649999618530273,12.5,12.5,49020
2026-05-11,12.5,12.5,12.399999618530273,12.449999809265137,74183
2026-05-12,12.449999809265137,12.5,12.300000190734863,12.399999618530273,59000
2026-05-13,12.399999618530273,12.649999618530273,12.399999618530273,12.5,43020
2026-05-14,12.399999618530273,12.600000381469727,12.300000190734863,12.350000381469727,43000
2026-05-15,12.350000381469727,12.350000381469727,12.0,12.0,136042
2026-05-18,11.949999809265137,12.350000381469727,11.649999618530273,11.949999809265137,60072
2026-05-19,12.050000190734863,12.050000190734863,11.800000190734863,11.850000381469727,42100
2026-05-20,11.850000381469727,12.149999618530273,11.800000190734863,11.850000381469727,26050
2026-05-21,11.899999618530273,12.0,11.850000381469727,12.0,56000
2026-05-22,12.0,12.300000190734863,12.0,12.300000190734863,128150
2026-05-25,12.300000190734863,12.649999618530273,12.199999809265137,12.199999809265137,85020
2026-05-26,12.350000381469727,12.350000381469727,12.149999618530273,12.199999809265137,57040
2026-05-27,12.100000381469727,12.699999809265137,12.100000381469727,12.25,122000
2026-05-28,12.25,12.25,12.050000190734863,12.050000190734863,89852
2026-05-29,12.0,12.050000190734863,11.949999809265137,12.0,81733
2026-06-01,12.0,12.100000381469727,12.0,12.0,57000
2026-06-02,12.050000190734863,12.199999809265137,12.0,12.100000381469727,65000
2026-06-03,12.100000381469727,12.149999618530273,12.0,12.149999618530273,78200
2026-06-04,12.100000381469727,12.350000381469727,12.100000381469727,12.300000190734863,95020
2026-06-05,12.399999618530273,12.399999618530273,12.149999618530273,12.350000381469727,63720
2026-06-08,11.899999618530273,12.399999618530273,11.699999809265137,12.149999618530273,81020
2026-06-09,12.149999618530273,12.149999618530273,11.850000381469727,12.0,70860
2026-06-10,11.899999618530273,12.0,11.899999618530273,11.949999809265137,22000
2026-06-11,11.899999618530273,12.0,11.850000381469727,11.899999618530273,38040
2026-06-12,12.0,12.050000190734863,11.850000381469727,11.850000381469727,33183
2026-06-15,12.0,12.149999618530273,11.949999809265137,12.050000190734863,61129
2026-06-16,12.0,12.199999809265137,11.949999809265137,11.949999809265137,42050
2026-06-17,12.0,12.100000381469727,11.949999809265137,11.949999809265137,41060
2026-06-18,12.100000381469727,12.100000381469727,12.0,12.050000190734863,68298
2026-06-22,12.100000381469727,12.199999809265137,11.949999809265137,11.949999809265137,72029
2026-06-23,12.0,12.100000381469727,11.800000190734863,11.899999618530273,59301
2026-06-24,11.899999618530273,12.050000190734863,11.850000381469727,11.850000381469727,68000
2026-06-25,11.949999809265137,12.0,11.899999618530273,11.949999809265137,62240
2026-06-26,12.0,12.0,11.699999809265137,11.800000190734863,104040
2026-06-29,12.0,12.050000190734863,11.800000190734863,11.800000190734863,38051
2026-06-30,11.850000381469727,11.899999618530273,11.75,11.850000381469727,94409
2026-07-01,12.100000381469727,12.100000381469727,11.850000381469727,11.850000381469727,28000
2026-07-02,11.850000381469727,12.050000190734863,11.850000381469727,11.949999809265137,38000
2026-07-03,12.25,12.25,12.050000190734863,12.100000381469727,137040
2026-07-06,12.149999618530273,12.25,12.050000190734863,12.100000381469727,38410
2026-07-07,12.050000190734863,12.050000190734863,11.800000190734863,11.899999618530273,112000
2026-07-08,11.899999618530273,11.899999618530273,11.75,11.850000381469727,102100
2026-07-09,11.850000381469727,11.850000381469727,11.75,11.800000190734863,64046
2026-07-10,11.800000190734863,11.800000190734863,11.800000190734863,11.800000190734863,0
2026-07-13,12.100000381469727,12.100000381469727,11.800000190734863,11.800000190734863,55450
2026-07-14,11.75,11.75,11.5,11.699999809265137,165000
2026-07-15,11.699999809265137,11.850000381469727,11.699999809265137,11.800000190734863,43001
2026-07-16,11.899999618530273,11.949999809265137,11.800000190734863,11.850000381469727,40549
2026-07-17,12.0,12.0,11.649999618530273,11.75,71000
2026-07-20,11.75,11.899999618530273,11.5,11.75,91050
2026-07-21,11.899999618530273,11.949999809265137,11.75,11.800000190734863,49000
2026-07-22,11.75,11.800000190734863,11.75,11.800000190734863,61283
2026-07-23,11.949999809265137,12.100000381469727,11.699999809265137,11.949999809265137,46000
2026-07-24,11.949999809265137,12.0,11.699999809265137,11.850000381469727,48000
2026-07-27,11.949999809265137,12.0,11.75,11.899999618530273,43000
2026-07-28,11.75,11.800000190734863,11.699999809265137,11.800000190734863,96160
2026-07-29,11.699999809265137,11.699999809265137,11.399999618530273,11.600000381469727,192110
2026-07-30,11.600000381469727,11.600000381469727,11.300000190734863,11.550000190734863,100000
2026-07-31,11.949999809265137,11.949999809265137,11.600000381469727,11.649999618530273,40150
2026-08-03,11.800000190734863,11.800000190734863,11.600000381469727,11.600000381469727,24080
2026-08-04,11.600000381469727,11.75,11.600000381469727,11.649999618530273,26000
2026-08-05,11.899999618530273,11.949999809265137,11.449999809265137,11.5,85020
2026-08-06,11.449999809265137,11.5,11.300000190734863,11.449999809265137,75000
2026-08-07,11.600000381469727,11.649999618530273,11.399999618530273,11.5,18015
2026-08-10,11.5,11.5,11.300000190734863,11.449999809265137,54255
2026-08-11,11.449999809265137,11.5,11.449999809265137,11.449999809265137,30223
2026-08-12,11.449999809265137,11.649999618530273,11.449999809265137,11.5,58000
2026-08-13,11.399999618530273,11.5,11.399999618530273,11.449999809265137,41337
2026-08-14,11.399999618530273,11.550000190734863,11.350000381469727,11.350000381469727,63000
2026-08-17,11.5,11.5,11.300000190734863,11.449999809265137,30400
2026-08-18,11.399999618530273,11.5,11.399999618530273,11.399999618530273,17000
2026-08-19,11.350000381469727,11.449999809265137,11.300000190734863,11.399999618530273,28000
2026-08-20,11.399999618530273,11.550000190734863,11.399999618530273,11.5,8000
2026-08-21,11.600000381469727,12.399999618530273,11.600000381469727,11.899999618530273,406936
2026-08-24,12.0,12.300000190734863,12.0,12.100000381469727,317100
2026-08-25,12.100000381469727,12.199999809265137,12.0,12.199999809265137,71040
2026-08-26,12.149999618530273,12.350000381469727,12.100000381469727,12.300000190734863,97120
2026-08-27,12.399999618530273,12.399999618530273,12.199999809265137,12.300000190734863,43080
2026-08-28,12.300000190734863,12.300000190734863,11.850000381469727,12.050000190734863,73000
2026-08-31,12.149999618530273,12.199999809265137,11.949999809265137,12.0,54000
2026-09-01,12.199999809265137,12.199999809265137,11.699999809265137,11.75,105012
2026-09-02,11.699999809265137,11.699999809265137,11.449999809265137,11.550000190734863,87020
2026-09-03,11.600000381469727,11.649999618530273,11.399999618530273,11.550000190734863,63000
2026-09-04,11.449999809265137,11.600000381469727,11.449999809265137,11.550000190734863,29000
2026-09-07,11.5,11.600000381469727,11.5,11.5,26000
2026-09-08,11.399999618530273,11.600000381469727,11.399999618530273,11.600000381469727,13000
2026-09-09,11.550000190734863,11.649999618530273,11.399999618530273,11.550000190734863,47000
2026-09-10,11.550000190734863,11.550000190734863,11.399999618530273,11.449999809265137,42000
2026-09-11,11.5,11.550000190734863,11.399999618530273,11.449999809265137,35600
2026-09-14,11.449999809265137,11.449999809265137,11.300000190734863,11.399999618530273,29000
2026-09-15,11.399999618530273,11.449999809265137,11.350000381469727,11.399999618530273,16400
2026-09-16,11.399999618530273,11.449999809265137,11.300000190734863,11.350000381469727,25200
2026-09-17,11.350000381469727,11.399999618530273,11.350000381469727,11.399999618530273,29075
2026-09-18,11.5,11.550000190734863,11.350000381469727,11.399999618530273,23160
2026-09-21,11.350000381469727,11.550000190734863,11.300000190734863,11.350000381469727,45000
2026-09-22,11.350000381469727,11.350000381469727,11.300000190734863,11.300000190734863,22044
2026-09-23,11.350000381469727,11.350000381469727,11.25,11.25,69120
2026-09-24,11.25,11.300000190734863,11.25,11.25,20020
