Date,Open,High,Low,Close,Volume
2016-09-26,27.850000381469727,27.850000381469727,27.5,27.549999237060547,27000
2016-09-27,27.549999237060547,27.549999237060547,27.549999237060547,27.549999237060547,0
2016-09-28,27.549999237060547,27.549999237060547,27.549999237060547,27.549999237060547,0
2016-09-29,27.649999618530273,27.649999618530273,27.299999237060547,27.600000381469727,18000
2016-09-30,27.399999618530273,27.649999618530273,27.399999618530273,27.600000381469727,26000
2016-10-03,27.399999618530273,27.549999237060547,27.299999237060547,27.549999237060547,24000
2016-10-04,27.5,27.549999237060547,27.450000762939453,27.549999237060547,19000
2016-10-05,27.549999237060547,27.549999237060547,27.5,27.549999237060547,52000
2016-10-06,27.549999237060547,27.549999237060547,27.5,27.5,37000
2016-10-07,27.5,27.600000381469727,27.5,27.5,28000
2016-10-11,27.600000381469727,27.799999237060547,27.600000381469727,27.649999618530273,30000
2016-10-12,27.600000381469727,27.799999237060547,27.600000381469727,27.799999237060547,26000
2016-10-13,27.799999237060547,27.799999237060547,27.649999618530273,27.649999618530273,20000
2016-10-14,27.649999618530273,27.649999618530273,27.399999618530273,27.450000762939453,55000
2016-10-17,27.5,27.799999237060547,27.5,27.799999237060547,83000
2016-10-18,27.899999618530273,28.200000762939453,27.799999237060547,28.200000762939453,57000
2016-10-19,28.299999237060547,28.5,28.200000762939453,28.299999237060547,42000
2016-10-20,28.399999618530273,28.450000762939453,27.899999618530273,27.899999618530273,40000
2016-10-21,28.0,28.200000762939453,28.0,28.049999237060547,32000
2016-10-24,28.100000381469727,28.950000762939453,28.100000381469727,28.799999237060547,91000
2016-10-25,28.799999237060547,29.100000381469727,28.799999237060547,29.100000381469727,60000
2016-10-26,29.149999618530273,29.149999618530273,28.850000381469727,29.100000381469727,256000
2016-10-27,29.200000762939453,29.299999237060547,29.100000381469727,29.299999237060547,225000
2016-10-28,29.350000381469727,29.600000381469727,29.350000381469727,29.5,238000
2016-10-31,29.700000762939453,29.700000762939453,29.350000381469727,29.600000381469727,50000
2016-11-01,29.600000381469727,29.600000381469727,29.399999618530273,29.450000762939453,55000
2016-11-02,29.5,29.5,29.149999618530273,29.5,85000
2016-11-03,29.200000762939453,29.5,28.700000762939453,28.850000381469727,39000
2016-11-04,28.850000381469727,29.200000762939453,28.850000381469727,29.0,20000
2016-11-07,29.049999237060547,29.100000381469727,28.75,29.0,24000
2016-11-08,29.100000381469727,29.200000762939453,28.899999618530273,29.049999237060547,32000
2016-11-09,31.950000762939453,31.950000762939453,31.950000762939453,31.950000762939453,689000
2016-11-10,33.0,33.5,32.0,33.5,744000
2016-11-11,32.70000076293945,33.25,32.70000076293945,32.95000076293945,215000
2016-11-14,32.95000076293945,32.95000076293945,32.400001525878906,32.70000076293945,131000
2016-11-15,32.70000076293945,32.79999923706055,32.5,32.75,114000
2016-11-16,32.75,32.900001525878906,32.650001525878906,32.900001525878906,90000
2016-11-17,33.099998474121094,34.70000076293945,33.099998474121094,33.900001525878906,279000
2016-11-18,33.849998474121094,34.0,33.650001525878906,34.0,93000
2016-11-21,34.0,35.0,33.900001525878906,34.5,208000
2016-11-22,34.900001525878906,34.900001525878906,34.29999923706055,34.45000076293945,152000
2016-11-23,34.45000076293945,34.70000076293945,34.349998474121094,34.5,89000
2016-11-24,34.5,34.75,34.400001525878906,34.75,84000
2016-11-25,34.900001525878906,34.95000076293945,34.5,34.95000076293945,70000
2016-11-28,35.20000076293945,36.20000076293945,35.20000076293945,35.79999923706055,149000
2016-11-29,35.849998474121094,36.70000076293945,35.54999923706055,36.5,149000
2016-11-30,36.79999923706055,36.79999923706055,36.150001525878906,36.45000076293945,138000
2016-12-01,36.45000076293945,37.0,36.45000076293945,36.95000076293945,158000
2016-12-02,36.79999923706055,37.150001525878906,36.70000076293945,37.150001525878906,67000
2016-12-05,37.20000076293945,38.45000076293945,37.099998474121094,38.45000076293945,201000
2016-12-06,38.900001525878906,38.95000076293945,37.599998474121094,38.0,197000
2016-12-07,38.0,38.04999923706055,36.400001525878906,36.900001525878906,255000
2016-12-08,36.900001525878906,36.95000076293945,36.45000076293945,36.95000076293945,116000
2016-12-09,37.0,37.400001525878906,37.0,37.29999923706055,59000
2016-12-12,37.45000076293945,37.75,37.20000076293945,37.400001525878906,134000
2016-12-13,37.5,37.70000076293945,37.04999923706055,37.70000076293945,96000
2016-12-14,37.79999923706055,37.849998474121094,37.599998474121094,37.79999923706055,58000
2016-12-15,37.79999923706055,38.20000076293945,37.79999923706055,38.0,91000
2016-12-16,38.099998474121094,38.29999923706055,38.0,38.099998474121094,30000
2016-12-19,38.099998474121094,38.25,37.79999923706055,37.849998474121094,38000
2016-12-20,37.849998474121094,37.900001525878906,37.650001525878906,37.900001525878906,77000
2016-12-21,38.20000076293945,38.20000076293945,37.849998474121094,38.0,17000
2016-12-22,37.900001525878906,38.0,37.650001525878906,37.650001525878906,37000
2016-12-23,37.849998474121094,37.849998474121094,37.099998474121094,37.650001525878906,73000
2016-12-26,37.650001525878906,37.95000076293945,37.650001525878906,37.95000076293945,47000
2016-12-27,38.099998474121094,38.099998474121094,37.79999923706055,37.95000076293945,30000
2016-12-28,38.0,38.0,37.70000076293945,37.900001525878906,38000
2016-12-29,37.79999923706055,37.900001525878906,37.54999923706055,37.900001525878906,18000
2016-12-30,38.04999923706055,38.04999923706055,37.849998474121094,37.900001525878906,18000
2017-01-03,37.849998474121094,37.95000076293945,37.599998474121094,37.900001525878906,40000
2017-01-04,37.900001525878906,38.0,37.79999923706055,38.0,80000
2017-01-05,38.0,41.099998474121094,38.0,40.5,474000
2017-01-06,40.5,40.79999923706055,39.5,39.5,176000
2017-01-09,39.54999923706055,39.75,39.20000076293945,39.650001525878906,215000
2017-01-10,39.5,40.900001525878906,39.45000076293945,40.900001525878906,292000
2017-01-11,40.900001525878906,41.0,39.79999923706055,40.0,414000
2017-01-12,40.0,40.04999923706055,39.599998474121094,40.0,69000
2017-01-13,40.349998474121094,40.349998474121094,39.650001525878906,40.0,32000
2017-01-16,40.0,40.25,39.900001525878906,40.150001525878906,97000
2017-01-17,40.29999923706055,40.45000076293945,39.650001525878906,40.25,317000
2017-01-18,40.04999923706055,40.400001525878906,40.0,40.349998474121094,342000
2017-01-19,40.04999923706055,40.400001525878906,40.0,40.349998474121094,323000
2017-01-20,40.349998474121094,40.349998474121094,40.0,40.29999923706055,35000
2017-01-23,40.29999923706055,40.349998474121094,40.099998474121094,40.29999923706055,44000
2017-01-24,40.45000076293945,40.5,39.900001525878906,40.0,429000
2017-02-02,39.95000076293945,40.29999923706055,39.95000076293945,40.29999923706055,331000
2017-02-03,40.400001525878906,40.5,40.04999923706055,40.45000076293945,376000
2017-02-06,40.45000076293945,40.599998474121094,40.099998474121094,40.599998474121094,129000
2017-02-07,40.599998474121094,41.95000076293945,40.54999923706055,40.70000076293945,380000
2017-02-08,40.849998474121094,40.849998474121094,40.349998474121094,40.650001525878906,113000
2017-02-09,40.5,40.75,40.400001525878906,40.650001525878906,327000
2017-02-10,40.5,40.79999923706055,40.45000076293945,40.599998474121094,362000
2017-02-13,40.599998474121094,40.849998474121094,40.45000076293945,40.849998474121094,269000
2017-02-14,40.849998474121094,41.25,40.849998474121094,41.0,121000
2017-02-15,41.099998474121094,42.79999923706055,41.099998474121094,41.599998474121094,234000
2017-02-16,41.5,41.599998474121094,41.0,41.599998474121094,118000
2017-02-17,41.849998474121094,41.900001525878906,41.599998474121094,41.70000076293945,44000
2017-02-20,41.849998474121094,42.150001525878906,41.849998474121094,42.150001525878906,269000
2017-02-21,42.20000076293945,42.20000076293945,42.0,42.20000076293945,268000
2017-02-22,42.5,43.20000076293945,42.349998474121094,43.04999923706055,183000
2017-02-23,42.79999923706055,43.5,42.79999923706055,43.04999923706055,245000
2017-02-24,42.599998474121094,42.70000076293945,41.599998474121094,41.75,189000
2017-03-01,41.75,42.150001525878906,40.29999923706055,40.849998474121094,319000
2017-03-02,40.900001525878906,41.5,40.70000076293945,41.0,40000
2017-03-03,41.0,41.349998474121094,40.849998474121094,41.349998474121094,84000
2017-03-06,41.5,41.5,41.099998474121094,41.5,288000
2017-03-07,41.400001525878906,41.70000076293945,41.400001525878906,41.70000076293945,37000
2017-03-08,41.79999923706055,41.900001525878906,41.70000076293945,41.79999923706055,69000
2017-03-09,41.650001525878906,41.95000076293945,41.599998474121094,41.849998474121094,49000
2017-03-10,41.900001525878906,41.900001525878906,41.349998474121094,41.900001525878906,62000
2017-03-13,41.849998474121094,41.900001525878906,41.70000076293945,41.900001525878906,37000
2017-03-14,41.849998474121094,41.900001525878906,41.70000076293945,41.900001525878906,73000
2017-03-15,40.70000076293945,40.95000076293945,39.900001525878906,40.5,281000
2017-03-16,40.5,40.650001525878906,39.5,39.650001525878906,147000
2017-03-17,39.79999923706055,40.79999923706055,39.79999923706055,40.79999923706055,123000
2017-03-20,40.95000076293945,41.150001525878906,40.650001525878906,40.75,67000
2017-03-21,40.95000076293945,41.0,40.70000076293945,40.95000076293945,43000
2017-03-22,41.04999923706055,41.150001525878906,40.95000076293945,41.150001525878906,43000
2017-03-23,41.150001525878906,41.29999923706055,40.849998474121094,41.150001525878906,61000
2017-03-24,41.150001525878906,41.95000076293945,41.150001525878906,41.900001525878906,205000
2017-03-27,42.150001525878906,43.150001525878906,41.95000076293945,42.900001525878906,295000
2017-03-28,43.0,43.0,41.20000076293945,41.849998474121094,111000
2017-03-29,42.099998474121094,42.45000076293945,41.599998474121094,42.400001525878906,84000
2017-03-30,42.400001525878906,42.54999923706055,42.0,42.0,65000
2017-03-31,42.0,42.150001525878906,41.650001525878906,42.0,43000
2017-04-05,41.650001525878906,42.650001525878906,41.650001525878906,42.5,94000
2017-04-06,42.45000076293945,42.45000076293945,41.900001525878906,42.400001525878906,70000
2017-04-07,42.349998474121094,42.54999923706055,42.0,42.25,61000
2017-04-10,42.099998474121094,42.29999923706055,41.900001525878906,42.150001525878906,75000
2017-04-11,41.400001525878906,42.099998474121094,41.400001525878906,42.0,67000
2017-04-12,41.900001525878906,42.29999923706055,41.79999923706055,41.95000076293945,48000
2017-04-13,41.900001525878906,42.04999923706055,41.79999923706055,41.900001525878906,65000
2017-04-14,41.79999923706055,41.79999923706055,41.29999923706055,41.5,89000
2017-04-17,41.54999923706055,42.45000076293945,41.54999923706055,42.400001525878906,115000
2017-04-18,42.45000076293945,42.45000076293945,42.150001525878906,42.400001525878906,85000
2017-04-19,42.400001525878906,42.400001525878906,42.04999923706055,42.400001525878906,88000
2017-04-20,42.400001525878906,42.400001525878906,42.0,42.29999923706055,97000
2017-04-21,42.349998474121094,42.45000076293945,42.0,42.0,91000
2017-04-24,42.04999923706055,42.5,42.0,42.5,157000
2017-04-25,42.599998474121094,42.599998474121094,42.400001525878906,42.45000076293945,71000
2017-04-26,42.45000076293945,43.95000076293945,42.45000076293945,43.25,541000
2017-04-27,43.25,43.849998474121094,42.900001525878906,43.849998474121094,228000
2017-04-28,44.900001525878906,47.0,44.75,44.95000076293945,3912000
2017-05-02,46.0,46.0,43.599998474121094,43.79999923706055,1242000
2017-05-03,44.0,44.400001525878906,43.150001525878906,43.150001525878906,440000
2017-05-04,43.150001525878906,43.45000076293945,42.79999923706055,42.849998474121094,250000
2017-05-05,42.849998474121094,42.849998474121094,42.20000076293945,42.20000076293945,281000
2017-05-08,42.20000076293945,42.400001525878906,42.0,42.0,207000
2017-05-09,42.0,42.0,40.150001525878906,40.54999923706055,398000
2017-05-10,40.20000076293945,42.79999923706055,40.20000076293945,41.45000076293945,385000
2017-05-11,41.79999923706055,42.0,41.5,41.5,207000
2017-05-12,41.900001525878906,42.0,41.5,41.54999923706055,232000
2017-05-15,42.099998474121094,42.45000076293945,42.04999923706055,42.099998474121094,379000
2017-05-16,43.099998474121094,43.5,42.79999923706055,42.849998474121094,594000
2017-05-17,43.099998474121094,43.099998474121094,42.650001525878906,42.79999923706055,198000
2017-05-18,42.29999923706055,43.400001525878906,42.25,43.04999923706055,377000
2017-05-19,43.29999923706055,44.0,43.29999923706055,44.0,430000
2017-05-22,45.0,45.45000076293945,44.599998474121094,45.0,881000
2017-05-23,45.20000076293945,45.20000076293945,44.29999923706055,44.29999923706055,495000
2017-05-24,44.400001525878906,44.70000076293945,44.349998474121094,44.45000076293945,363000
2017-05-25,44.79999923706055,45.29999923706055,44.79999923706055,45.0,532000
2017-05-26,45.349998474121094,45.349998474121094,44.79999923706055,44.95000076293945,312000
2017-05-31,45.29999923706055,45.29999923706055,44.95000076293945,45.0,397000
2017-06-01,45.0,45.349998474121094,45.0,45.099998474121094,269000
2017-06-02,45.29999923706055,45.45000076293945,45.099998474121094,45.25,353000
2017-06-05,45.45000076293945,45.5,45.29999923706055,45.5,262000
2017-06-06,45.599998474121094,45.70000076293945,45.29999923706055,45.29999923706055,240000
2017-06-07,45.75,46.25,45.29999923706055,45.70000076293945,600000
2017-06-08,46.20000076293945,46.25,45.849998474121094,46.099998474121094,543000
2017-06-09,46.099998474121094,46.099998474121094,45.599998474121094,45.79999923706055,394000
2017-06-12,45.599998474121094,45.599998474121094,45.25,45.349998474121094,214000
2017-06-13,45.29999923706055,45.599998474121094,44.79999923706055,45.5,412000
2017-06-14,45.849998474121094,45.900001525878906,45.0,45.04999923706055,388000
2017-06-15,45.099998474121094,45.400001525878906,45.04999923706055,45.29999923706055,256000
2017-06-16,45.29999923706055,45.45000076293945,45.25,45.29999923706055,204000
2017-06-19,45.5,46.400001525878906,45.5,45.95000076293945,905000
2017-06-20,46.20000076293945,46.400001525878906,45.900001525878906,45.95000076293945,432000
2017-06-21,45.95000076293945,46.0,45.75,45.95000076293945,331000
2017-06-22,46.04999923706055,47.5,46.04999923706055,47.099998474121094,896000
2017-06-23,47.79999923706055,47.95000076293945,47.29999923706055,47.900001525878906,1057000
2017-06-26,48.5,48.900001525878906,48.29999923706055,48.79999923706055,1821000
2017-06-27,50.0,53.599998474121094,49.29999923706055,52.099998474121094,4341000
2017-06-28,48.45000076293945,48.45000076293945,45.099998474121094,45.400001525878906,2188000
2017-06-29,45.400001525878906,45.400001525878906,42.0,42.5,1442000
2017-06-30,42.95000076293945,42.95000076293945,42.099998474121094,42.25,383000
2017-07-03,42.25,42.25,40.5,40.54999923706055,815000
2017-07-04,40.599998474121094,41.95000076293945,40.599998474121094,41.099998474121094,598000
2017-07-05,41.650001525878906,41.650001525878906,40.599998474121094,40.79999923706055,232000
2017-07-06,41.400001525878906,41.5,40.54999923706055,41.099998474121094,345000
2017-07-07,41.20000076293945,41.20000076293945,40.54999923706055,40.599998474121094,274000
2017-07-10,40.5,40.5,39.54999923706055,39.54999923706055,536000
2017-07-11,38.0,39.20000076293945,38.0,38.650001525878906,430000
2017-07-12,39.20000076293945,40.650001525878906,39.0,40.099998474121094,663000
2017-07-13,40.599998474121094,41.79999923706055,40.5,40.5,421000
2017-07-14,40.599998474121094,41.349998474121094,40.29999923706055,40.599998474121094,318000
2017-07-17,41.0,41.0,39.79999923706055,39.79999923706055,397000
2017-07-18,39.650001525878906,39.75,39.45000076293945,39.650001525878906,134000
2017-07-19,39.70000076293945,40.20000076293945,39.45000076293945,39.54999923706055,387000
2017-07-20,39.54999923706055,39.900001525878906,39.5,39.5,162000
2017-07-21,39.75,39.95000076293945,39.400001525878906,39.400001525878906,126000
2017-07-24,39.400001525878906,39.45000076293945,38.599998474121094,38.79999923706055,170000
2017-07-25,38.70000076293945,39.150001525878906,38.70000076293945,39.0,95000
2017-07-26,39.0,39.0,38.599998474121094,38.599998474121094,99000
2017-07-27,38.900001525878906,39.099998474121094,38.54999923706055,39.099998474121094,286000
2017-07-28,38.95000076293945,39.0,38.650001525878906,38.650001525878906,81000
2017-07-31,38.650001525878906,38.79999923706055,38.599998474121094,38.599998474121094,72000
2017-08-01,38.650001525878906,40.0,38.25,39.70000076293945,451000
2017-08-02,39.79999923706055,41.0,39.75,40.099998474121094,495000
2017-08-03,40.400001525878906,40.650001525878906,39.849998474121094,39.849998474121094,148000
2017-08-04,39.5,39.849998474121094,39.29999923706055,39.45000076293945,186000
2017-08-07,39.70000076293945,39.70000076293945,39.150001525878906,39.29999923706055,119000
2017-08-08,39.150001525878906,39.400001525878906,39.0,39.0,123000
2017-08-09,39.54999923706055,39.54999923706055,38.75,38.75,110000
2017-08-10,38.79999923706055,38.849998474121094,37.5,37.599998474121094,250000
2017-08-11,37.0,37.900001525878906,37.0,37.599998474121094,109000
2017-08-14,37.70000076293945,38.599998474121094,37.45000076293945,37.45000076293945,241000
2017-08-15,38.0,38.400001525878906,37.599998474121094,37.79999923706055,248000
2017-08-16,37.79999923706055,38.150001525878906,37.650001525878906,37.900001525878906,139000
2017-08-17,37.900001525878906,38.29999923706055,37.900001525878906,38.150001525878906,169000
2017-08-18,38.150001525878906,38.29999923706055,37.849998474121094,37.95000076293945,109000
2017-08-21,38.20000076293945,38.20000076293945,37.599998474121094,38.0,160652
2017-08-22,38.0,38.150001525878906,37.75,37.75,139800
2017-08-23,37.75,37.900001525878906,37.70000076293945,37.75,103600
2017-08-24,37.79999923706055,37.95000076293945,37.75,37.79999923706055,70500
2017-08-25,38.0,38.099998474121094,37.70000076293945,37.79999923706055,125506
2017-08-28,37.79999923706055,37.900001525878906,37.5,37.75,75685
2017-08-29,37.70000076293945,37.79999923706055,37.599998474121094,37.70000076293945,77266
2017-08-30,37.70000076293945,38.5,37.70000076293945,38.099998474121094,263649
2017-08-31,38.20000076293945,40.0,38.20000076293945,39.099998474121094,475000
2017-09-01,39.20000076293945,39.900001525878906,39.20000076293945,39.25,175500
2017-09-04,39.5,39.5,39.04999923706055,39.20000076293945,151392
2017-09-05,39.20000076293945,39.400001525878906,39.0,39.04999923706055,90408
2017-09-06,39.0,39.0,38.29999923706055,38.29999923706055,156100
2017-09-07,38.95000076293945,39.45000076293945,38.150001525878906,38.54999923706055,503100
2017-09-08,38.54999923706055,39.150001525878906,38.400001525878906,38.79999923706055,218400
2017-09-11,38.900001525878906,39.400001525878906,38.70000076293945,39.099998474121094,275200
2017-09-12,39.349998474121094,39.900001525878906,39.099998474121094,39.099998474121094,366348
2017-09-13,39.25,39.349998474121094,38.70000076293945,38.900001525878906,453126
2017-09-14,39.099998474121094,39.099998474121094,38.70000076293945,39.0,219650
2017-09-15,39.25,40.0,38.75,39.599998474121094,547718
2017-09-18,39.79999923706055,39.849998474121094,39.29999923706055,39.29999923706055,156301
2017-09-19,39.04999923706055,39.849998474121094,39.0,39.0,135100
2017-09-20,39.29999923706055,39.599998474121094,38.849998474121094,38.900001525878906,483000
2017-09-21,39.20000076293945,39.25,38.70000076293945,39.099998474121094,324606
2017-09-22,39.29999923706055,39.29999923706055,38.650001525878906,38.79999923706055,277426
2017-09-25,38.79999923706055,38.95000076293945,38.45000076293945,38.45000076293945,227291
2017-09-26,38.099998474121094,38.54999923706055,38.099998474121094,38.29999923706055,111000
2017-09-27,38.349998474121094,38.849998474121094,38.20000076293945,38.79999923706055,166100
2017-09-28,38.79999923706055,39.0,38.599998474121094,38.599998474121094,88572
2017-09-29,38.599998474121094,38.75,38.150001525878906,38.400001525878906,72509
2017-10-02,39.29999923706055,39.45000076293945,39.0,39.29999923706055,211500
2017-10-03,39.099998474121094,39.75,39.04999923706055,39.099998474121094,120200
2017-10-05,39.099998474121094,39.5,38.900001525878906,39.150001525878906,150127
2017-10-06,39.150001525878906,39.29999923706055,38.95000076293945,39.04999923706055,98000
2017-10-11,39.04999923706055,39.29999923706055,38.599998474121094,38.599998474121094,238535
2017-10-12,38.5,38.79999923706055,38.5,38.599998474121094,52000
2017-10-13,38.599998474121094,38.849998474121094,37.099998474121094,37.20000076293945,1124700
2017-10-16,37.20000076293945,37.900001525878906,37.20000076293945,37.650001525878906,218281
2017-10-17,37.650001525878906,37.75,37.54999923706055,37.54999923706055,55250
2017-10-18,37.70000076293945,37.70000076293945,37.400001525878906,37.5,75100
2017-10-19,37.5,38.150001525878906,37.400001525878906,38.04999923706055,437685
2017-10-20,38.20000076293945,38.29999923706055,37.75,37.75,192663
2017-10-23,37.79999923706055,37.849998474121094,37.5,37.5,166200
2017-10-24,37.54999923706055,37.900001525878906,37.20000076293945,37.400001525878906,498606
2017-10-25,37.599998474121094,37.70000076293945,37.29999923706055,37.400001525878906,395100
2017-10-26,37.349998474121094,38.0,37.150001525878906,37.79999923706055,1764285
2017-10-27,37.79999923706055,38.0,37.45000076293945,37.45000076293945,630126
2017-10-30,37.45000076293945,37.75,37.04999923706055,37.29999923706055,494000
2017-10-31,37.29999923706055,37.70000076293945,37.20000076293945,37.400001525878906,346238
2017-11-01,37.29999923706055,38.45000076293945,37.29999923706055,37.900001525878906,1469001
2017-11-02,38.0,38.45000076293945,37.75,38.20000076293945,543300
2017-11-03,38.29999923706055,39.45000076293945,38.29999923706055,39.20000076293945,1518697
2017-11-06,39.25,39.79999923706055,38.900001525878906,38.900001525878906,1066050
2017-11-07,38.900001525878906,40.0,38.650001525878906,40.0,2328317
2017-11-08,40.0,40.29999923706055,39.150001525878906,39.5,1030043
2017-11-09,39.599998474121094,40.75,39.599998474121094,40.099998474121094,992105
2017-11-10,40.20000076293945,40.599998474121094,39.95000076293945,40.20000076293945,482149
2017-11-13,40.20000076293945,40.45000076293945,39.400001525878906,39.400001525878906,1046600
2017-11-14,39.20000076293945,39.70000076293945,39.20000076293945,39.54999923706055,329100
2017-11-15,39.54999923706055,40.20000076293945,39.349998474121094,39.849998474121094,1010136
2017-11-16,39.70000076293945,41.75,39.599998474121094,41.04999923706055,1217941
2017-11-17,41.20000076293945,42.0,41.0,41.849998474121094,683409
2017-11-20,41.95000076293945,41.95000076293945,41.0,41.150001525878906,204000
2017-11-21,41.45000076293945,41.599998474121094,40.79999923706055,41.599998474121094,197796
2017-11-22,42.599998474121094,45.0,42.599998474121094,43.95000076293945,2130462
2017-11-23,44.150001525878906,45.0,43.95000076293945,44.650001525878906,833552
2017-11-24,45.0,45.5,44.75,45.25,909271
2017-11-27,47.5,49.75,46.54999923706055,49.75,4640418
2017-11-28,49.75,52.20000076293945,49.75,51.0,4307577
2017-11-29,51.0,51.5,48.95000076293945,49.400001525878906,1471231
2017-11-30,48.54999923706055,49.0,47.599998474121094,48.0,709114
2017-12-01,48.20000076293945,49.29999923706055,47.349998474121094,48.0,856700
2017-12-04,48.5,48.5,47.349998474121094,47.650001525878906,342322
2017-12-05,47.5,47.599998474121094,45.5,45.79999923706055,889774
2017-12-06,46.70000076293945,47.900001525878906,44.599998474121094,45.0,984250
2017-12-07,45.0,47.0,44.70000076293945,46.29999923706055,503821
2017-12-08,47.0,47.29999923706055,45.29999923706055,46.29999923706055,461120
2017-12-11,47.0,48.25,46.5,47.5,1041970
2017-12-12,47.5,47.5,46.75,46.849998474121094,249100
2017-12-13,47.099998474121094,47.900001525878906,47.0,47.75,381400
2017-12-14,47.70000076293945,47.70000076293945,47.349998474121094,47.45000076293945,198592
2017-12-15,47.45000076293945,48.900001525878906,47.45000076293945,47.79999923706055,835913
2017-12-18,47.900001525878906,48.5,47.5,47.599998474121094,178700
2017-12-19,47.599998474121094,48.0,47.20000076293945,47.400001525878906,336832
2017-12-20,47.5,47.5,46.900001525878906,46.900001525878906,227400
2017-12-21,46.79999923706055,46.900001525878906,46.400001525878906,46.54999923706055,206030
2017-12-22,46.54999923706055,47.45000076293945,46.5,47.349998474121094,336000
2017-12-25,47.5,48.349998474121094,47.5,47.70000076293945,368700
2017-12-26,47.79999923706055,47.79999923706055,47.0,47.0,148000
2017-12-27,47.04999923706055,47.29999923706055,47.0,47.099998474121094,56270
2017-12-28,47.599998474121094,48.5,47.29999923706055,47.5,184335
2017-12-29,48.0,48.0,47.5,47.650001525878906,112400
2018-01-02,48.0,48.099998474121094,47.45000076293945,47.45000076293945,246000
2018-01-03,47.849998474121094,47.900001525878906,47.45000076293945,47.79999923706055,222300
2018-01-04,47.95000076293945,48.0,47.5,47.900001525878906,217060
2018-01-05,47.5,48.0,47.5,48.0,376500
2018-01-08,48.29999923706055,51.5,48.29999923706055,50.5,2873554
2018-01-09,50.20000076293945,51.29999923706055,49.099998474121094,50.599998474121094,1177032
2018-01-10,50.900001525878906,50.900001525878906,49.650001525878906,49.650001525878906,573900
2018-01-11,49.650001525878906,49.650001525878906,48.599998474121094,48.650001525878906,391646
2018-01-12,48.5,50.79999923706055,48.5,49.5,572969
2018-01-15,49.599998474121094,50.0,49.20000076293945,49.70000076293945,192699
2018-01-16,50.0,51.0,49.599998474121094,50.0,369355
2018-01-17,49.400001525878906,49.900001525878906,49.400001525878906,49.79999923706055,143040
2018-01-18,50.099998474121094,50.099998474121094,49.400001525878906,49.45000076293945,182851
2018-01-19,49.5,49.70000076293945,49.20000076293945,49.599998474121094,135887
2018-01-22,50.5,51.70000076293945,50.400001525878906,50.599998474121094,1593000
2018-01-23,50.599998474121094,51.400001525878906,50.099998474121094,50.20000076293945,233342
2018-01-24,50.099998474121094,50.20000076293945,49.75,50.0,282700
2018-01-25,50.900001525878906,50.900001525878906,49.599998474121094,50.0,252500
2018-01-26,50.0,50.70000076293945,50.0,50.099998474121094,163463
2018-01-29,50.099998474121094,50.5,49.900001525878906,50.099998474121094,552700
2018-01-30,50.0,50.099998474121094,49.70000076293945,50.0,269400
2018-01-31,49.79999923706055,50.5,49.79999923706055,50.0,352400
2018-02-01,50.099998474121094,50.400001525878906,50.0,50.0,159800
2018-02-02,50.0,50.29999923706055,50.0,50.29999923706055,187310
2018-02-05,49.900001525878906,51.0,49.900001525878906,50.599998474121094,623919
2018-02-06,50.0,50.0,46.20000076293945,47.70000076293945,775508
2018-02-07,49.75,49.79999923706055,48.20000076293945,48.849998474121094,392900
2018-02-08,48.849998474121094,49.20000076293945,48.70000076293945,48.79999923706055,216060
2018-02-09,46.0,48.849998474121094,46.0,48.79999923706055,220984
2018-02-12,48.70000076293945,49.75,48.04999923706055,48.20000076293945,468500
2018-02-21,48.599998474121094,49.79999923706055,48.20000076293945,48.79999923706055,642680
2018-02-22,48.79999923706055,49.70000076293945,48.599998474121094,49.04999923706055,413110
2018-02-23,49.20000076293945,49.650001525878906,48.79999923706055,49.400001525878906,435400
2018-02-26,49.75,50.400001525878906,49.70000076293945,49.79999923706055,553932
2018-02-27,50.099998474121094,50.900001525878906,49.900001525878906,50.29999923706055,636319
2018-03-01,50.20000076293945,50.599998474121094,49.849998474121094,50.29999923706055,318020
2018-03-02,50.0,50.20000076293945,49.849998474121094,50.099998474121094,232369
2018-03-05,50.29999923706055,50.400001525878906,49.5,49.599998474121094,364298
2018-03-06,49.79999923706055,50.099998474121094,49.70000076293945,49.849998474121094,263131
2018-03-07,49.849998474121094,50.5,49.79999923706055,49.849998474121094,358695
2018-03-08,54.79999923706055,54.79999923706055,54.79999923706055,54.79999923706055,1186775
2018-03-09,60.20000076293945,60.20000076293945,57.20000076293945,60.20000076293945,8720668
2018-03-12,62.5,63.400001525878906,61.0,61.0,5003619
2018-03-13,61.0,61.79999923706055,60.20000076293945,61.20000076293945,1791074
2018-03-14,61.599998474121094,62.5,60.79999923706055,62.400001525878906,1121990
2018-03-15,62.79999923706055,63.29999923706055,61.70000076293945,62.099998474121094,1497568
2018-03-16,62.20000076293945,62.5,61.900001525878906,62.099998474121094,682550
2018-03-19,62.5,63.900001525878906,62.20000076293945,62.79999923706055,1256937
2018-03-20,62.20000076293945,63.099998474121094,62.099998474121094,62.900001525878906,535608
2018-03-21,62.900001525878906,63.400001525878906,62.20000076293945,62.5,981336
2018-03-22,62.5,62.599998474121094,61.099998474121094,61.20000076293945,1152581
2018-03-23,60.400001525878906,61.900001525878906,60.0,61.70000076293945,1196714
2018-03-26,62.5,62.5,61.5,61.70000076293945,787558
2018-03-27,62.20000076293945,62.20000076293945,61.5,61.599998474121094,647598
2018-03-28,61.599998474121094,62.0,61.5,61.900001525878906,405101
2018-03-29,62.29999923706055,62.400001525878906,61.599998474121094,61.599998474121094,457949
2018-03-30,61.900001525878906,61.900001525878906,61.400001525878906,61.400001525878906,347513
2018-04-02,61.5,61.599998474121094,61.20000076293945,61.5,369871
2018-04-03,61.0,61.20000076293945,60.70000076293945,60.900001525878906,563834
2018-04-09,60.900001525878906,60.900001525878906,60.20000076293945,60.5,461393
2018-04-10,60.0,60.29999923706055,60.0,60.20000076293945,396781
2018-04-11,60.5,60.900001525878906,60.20000076293945,60.5,178098
2018-04-12,60.5,60.5,60.20000076293945,60.20000076293945,207400
2018-04-13,60.20000076293945,60.5,60.099998474121094,60.099998474121094,320488
2018-04-16,60.099998474121094,60.400001525878906,60.0,60.29999923706055,298584
2018-04-17,60.5,60.5,60.099998474121094,60.20000076293945,414604
2018-04-18,60.20000076293945,60.5,60.0,60.099998474121094,216500
2018-04-19,60.599998474121094,61.900001525878906,60.5,60.5,646949
2018-04-20,61.099998474121094,61.20000076293945,60.5,60.70000076293945,207010
2018-04-23,61.0,61.099998474121094,60.20000076293945,60.20000076293945,281680
2018-04-24,60.20000076293945,60.29999923706055,58.0,59.099998474121094,529680
2018-04-25,59.20000076293945,59.599998474121094,58.900001525878906,59.5,227197
2018-04-26,60.0,60.099998474121094,59.29999923706055,59.29999923706055,237100
2018-04-27,60.0,60.0,59.400001525878906,59.5,130756
2018-04-30,59.900001525878906,59.900001525878906,59.5,59.5,133700
2018-05-02,59.5,59.599998474121094,59.099998474121094,59.099998474121094,199082
2018-05-03,58.900001525878906,59.0,58.29999923706055,58.5,240920
2018-05-04,58.5,59.5,58.400001525878906,58.900001525878906,129330
2018-05-07,59.400001525878906,59.5,59.0,59.29999923706055,152236
2018-05-08,59.5,59.5,59.20000076293945,59.20000076293945,139606
2018-05-09,59.5,59.5,59.0,59.0,175270
2018-05-10,58.79999923706055,58.79999923706055,57.79999923706055,58.0,700760
2018-05-11,58.0,58.0,55.5,57.20000076293945,968730
2018-05-14,57.20000076293945,57.20000076293945,56.0,56.5,291635
2018-05-15,56.29999923706055,56.29999923706055,55.0,55.0,590529
2018-05-16,54.900001525878906,54.900001525878906,53.70000076293945,54.0,585046
2018-05-17,54.0,54.79999923706055,53.599998474121094,54.599998474121094,265527
2018-05-18,55.0,55.900001525878906,54.900001525878906,55.5,335524
2018-05-21,55.70000076293945,56.5,55.70000076293945,56.0,242330
2018-05-22,56.29999923706055,56.70000076293945,56.0,56.0,171500
2018-05-23,56.099998474121094,56.400001525878906,56.099998474121094,56.099998474121094,133030
2018-05-24,56.20000076293945,56.599998474121094,56.20000076293945,56.400001525878906,140785
2018-05-25,56.400001525878906,56.70000076293945,56.20000076293945,56.29999923706055,188700
2018-05-28,56.5,56.79999923706055,56.5,56.79999923706055,155627
2018-05-29,56.79999923706055,56.79999923706055,56.400001525878906,56.400001525878906,125301
2018-05-30,56.400001525878906,56.400001525878906,55.900001525878906,55.900001525878906,196868
2018-05-31,55.900001525878906,56.5,55.900001525878906,55.900001525878906,131300
2018-06-01,55.900001525878906,56.0,55.79999923706055,55.900001525878906,132445
2018-06-04,56.0,56.20000076293945,56.0,56.20000076293945,177561
2018-06-05,56.20000076293945,56.29999923706055,56.0,56.0,161000
2018-06-06,56.29999923706055,58.099998474121094,56.29999923706055,57.20000076293945,405791
2018-06-07,57.5,58.0,57.5,57.79999923706055,272715
2018-06-08,58.0,58.29999923706055,57.79999923706055,58.20000076293945,306855
2018-06-11,58.900001525878906,60.599998474121094,58.29999923706055,60.20000076293945,749709
2018-06-12,60.70000076293945,60.900001525878906,59.79999923706055,60.0,543871
2018-06-13,60.20000076293945,60.5,59.70000076293945,59.900001525878906,306378
2018-06-14,60.099998474121094,60.29999923706055,59.900001525878906,60.0,381963
2018-06-15,60.0,60.5,60.0,60.0,326056
2018-06-19,60.400001525878906,60.400001525878906,60.0,60.099998474121094,527179
2018-06-20,60.099998474121094,60.20000076293945,57.900001525878906,58.70000076293945,757270
2018-06-21,58.79999923706055,60.0,58.70000076293945,59.5,451450
2018-06-22,59.5,59.5,58.70000076293945,58.900001525878906,849535
2018-06-25,58.900001525878906,59.099998474121094,57.70000076293945,57.900001525878906,1703617
2018-06-26,44.599998474121094,45.099998474121094,44.099998474121094,44.099998474121094,1601200
2018-06-27,44.099998474121094,44.099998474121094,40.400001525878906,40.5,973802
2018-06-28,40.349998474121094,40.349998474121094,38.849998474121094,38.900001525878906,739406
2018-06-29,39.400001525878906,41.0,39.400001525878906,40.20000076293945,454147
2018-07-02,41.29999923706055,41.29999923706055,40.5,40.5,245700
2018-07-03,41.20000076293945,41.20000076293945,40.0,40.0,189592
2018-07-04,40.0,40.099998474121094,39.349998474121094,39.349998474121094,158103
2018-07-05,39.70000076293945,39.75,38.54999923706055,38.54999923706055,175060
2018-07-06,38.54999923706055,39.0,37.349998474121094,37.900001525878906,257401
2018-07-09,38.099998474121094,38.5,38.099998474121094,38.099998474121094,152011
2018-07-10,38.20000076293945,39.45000076293945,38.20000076293945,39.400001525878906,138288
2018-07-11,39.099998474121094,39.20000076293945,38.650001525878906,38.79999923706055,97402
2018-07-12,40.79999923706055,40.79999923706055,39.04999923706055,39.95000076293945,160492
2018-07-13,40.349998474121094,40.349998474121094,39.5,39.849998474121094,125290
2018-07-16,39.900001525878906,40.0,39.5,39.5,85509
2018-07-17,39.95000076293945,39.95000076293945,39.20000076293945,39.20000076293945,90500
2018-07-18,39.20000076293945,39.5,39.099998474121094,39.099998474121094,75433
2018-07-19,39.150001525878906,39.400001525878906,38.75,39.400001525878906,177198
2018-07-20,39.400001525878906,39.400001525878906,38.70000076293945,38.70000076293945,150150
2018-07-23,38.70000076293945,38.70000076293945,37.95000076293945,38.04999923706055,188900
2018-07-24,38.04999923706055,38.04999923706055,37.900001525878906,37.95000076293945,150205
2018-07-25,38.0,38.099998474121094,37.900001525878906,37.900001525878906,95200
2018-07-26,38.20000076293945,38.20000076293945,38.0,38.04999923706055,43000
2018-07-27,38.150001525878906,38.150001525878906,38.0,38.04999923706055,111053
2018-07-30,38.04999923706055,38.099998474121094,37.599998474121094,37.900001525878906,114759
2018-07-31,37.650001525878906,37.70000076293945,37.5,37.599998474121094,94700
2018-08-01,37.599998474121094,37.599998474121094,37.45000076293945,37.5,107522
2018-08-02,37.5,38.04999923706055,37.5,37.900001525878906,98276
2018-08-03,37.900001525878906,38.349998474121094,37.900001525878906,37.95000076293945,93127
2018-08-06,37.95000076293945,37.95000076293945,37.70000076293945,37.79999923706055,62320
2018-08-07,37.599998474121094,37.70000076293945,37.400001525878906,37.54999923706055,130350
2018-08-08,37.650001525878906,37.79999923706055,37.400001525878906,37.5,108905
2018-08-09,37.5,37.599998474121094,37.349998474121094,37.400001525878906,96500
2018-08-10,37.349998474121094,37.349998474121094,37.150001525878906,37.29999923706055,112000
2018-08-13,37.29999923706055,37.29999923706055,36.20000076293945,36.25,202526
2018-08-14,36.099998474121094,36.20000076293945,35.599998474121094,35.75,161501
2018-08-15,35.70000076293945,35.70000076293945,33.900001525878906,34.04999923706055,231200
2018-08-16,34.04999923706055,35.04999923706055,34.04999923706055,34.5,123357
2018-08-17,35.5,35.5,35.0,35.400001525878906,129100
2018-08-20,35.5,37.04999923706055,35.5,36.599998474121094,142600
2018-08-21,36.79999923706055,37.650001525878906,36.79999923706055,37.099998474121094,123735
2018-08-22,37.0,37.0,36.400001525878906,36.400001525878906,64651
2018-08-23,37.0,37.0,36.29999923706055,36.29999923706055,50163
2018-08-24,36.70000076293945,36.70000076293945,36.0,36.0,65001
2018-08-27,36.0,36.25,36.0,36.04999923706055,60100
2018-08-28,36.5,36.5,36.0,36.0,56156
2018-08-29,36.0,36.400001525878906,35.95000076293945,36.0,73200
2018-08-30,36.0,36.25,36.0,36.0,52000
2018-08-31,36.0,36.20000076293945,36.0,36.04999923706055,48090
2018-09-03,36.5,36.5,36.150001525878906,36.20000076293945,38000
2018-09-04,36.400001525878906,36.5,36.0,36.0,105000
2018-09-05,36.5,36.5,36.0,36.099998474121094,51686
2018-09-06,36.5,36.5,36.0,36.0,91509
2018-09-07,36.400001525878906,36.400001525878906,35.900001525878906,36.0,129200
2018-09-10,36.599998474121094,38.349998474121094,36.400001525878906,37.20000076293945,581300
2018-09-11,37.79999923706055,38.0,37.20000076293945,37.20000076293945,129100
2018-09-12,37.29999923706055,37.29999923706055,37.0,37.0,145928
2018-09-13,37.099998474121094,37.20000076293945,37.0,37.099998474121094,73000
2018-09-14,37.29999923706055,37.29999923706055,37.099998474121094,37.150001525878906,59500
2018-09-17,37.150001525878906,37.79999923706055,37.099998474121094,37.5,66001
2018-09-18,37.5,37.650001525878906,37.5,37.5,64000
2018-09-19,38.099998474121094,38.099998474121094,37.5,37.75,44119
2018-09-20,38.0,38.0,37.5,37.5,79200
2018-09-21,37.95000076293945,38.099998474121094,37.599998474121094,38.099998474121094,144130
2018-09-25,38.099998474121094,38.099998474121094,37.5,37.5,80460
2018-09-26,37.79999923706055,38.099998474121094,37.79999923706055,38.0,137605
2018-09-27,38.0,38.20000076293945,38.0,38.04999923706055,70000
2018-09-28,38.20000076293945,38.400001525878906,38.04999923706055,38.04999923706055,41208
2018-10-01,38.04999923706055,38.04999923706055,37.29999923706055,37.29999923706055,80392
2018-10-02,37.20000076293945,37.5,37.20000076293945,37.29999923706055,29500
2018-10-03,37.099998474121094,37.20000076293945,37.04999923706055,37.099998474121094,35400
2018-10-04,37.0,37.25,37.0,37.0,27670
2018-10-05,37.0,37.0,36.099998474121094,36.20000076293945,74000
2018-10-08,36.5,36.75,35.150001525878906,35.5,102000
2018-10-09,35.70000076293945,35.900001525878906,35.25,35.25,105500
2018-10-11,31.75,32.5,31.75,31.75,340427
2018-10-12,29.799999237060547,34.5,29.799999237060547,33.5,169550
2018-10-15,33.5,33.5,32.599998474121094,32.79999923706055,58746
2018-10-16,34.150001525878906,34.5,32.54999923706055,33.150001525878906,91000
2018-10-17,33.0,33.5,33.0,33.099998474121094,59100
2018-10-18,33.099998474121094,33.5,32.95000076293945,33.20000076293945,13002
2018-10-19,33.20000076293945,33.20000076293945,32.099998474121094,32.20000076293945,40100
2018-10-22,32.20000076293945,32.849998474121094,32.20000076293945,32.349998474121094,35500
2018-10-23,32.20000076293945,32.900001525878906,32.20000076293945,32.20000076293945,82000
2018-10-24,32.5,32.5,32.20000076293945,32.25,29254
2018-10-25,32.0,32.0,30.75,30.75,111100
2018-10-26,30.75,31.0,30.0,30.0,126100
2018-10-29,30.100000381469727,31.0,30.100000381469727,30.200000762939453,38200
2018-10-30,30.200000762939453,30.299999237060547,30.0,30.049999237060547,34500
2018-10-31,30.149999618530273,30.5,30.100000381469727,30.200000762939453,53000
2018-11-01,30.5,30.799999237060547,30.399999618530273,30.799999237060547,39102
2018-11-02,31.200000762939453,32.0,31.200000762939453,31.799999237060547,102150
2018-11-05,31.899999618530273,32.0,31.649999618530273,31.700000762939453,27000
2018-11-06,32.0,32.0,31.350000381469727,31.5,11180
2018-11-07,31.5,31.5,31.25,31.299999237060547,17000
2018-11-08,31.299999237060547,31.850000381469727,31.299999237060547,31.600000381469727,23800
2018-11-09,31.600000381469727,31.600000381469727,31.049999237060547,31.049999237060547,21100
2018-11-12,31.049999237060547,31.25,31.0,31.0,22000
2018-11-13,31.0,31.0,30.600000381469727,30.700000762939453,19190
2018-11-14,30.700000762939453,31.200000762939453,30.700000762939453,31.0,16100
2018-11-15,31.100000381469727,31.799999237060547,30.700000762939453,31.200000762939453,21300
2018-11-16,31.399999618530273,31.950000762939453,31.0,31.200000762939453,81433
2018-11-19,31.899999618530273,31.899999618530273,31.200000762939453,31.549999237060547,80500
2018-11-20,31.5,31.5,31.25,31.299999237060547,16350
2018-11-21,31.299999237060547,31.5,31.0,31.100000381469727,44000
2018-11-22,31.049999237060547,31.5,31.049999237060547,31.299999237060547,24163
2018-11-23,31.700000762939453,31.700000762939453,31.100000381469727,31.100000381469727,29004
2018-11-26,31.5,31.899999618530273,31.5,31.899999618530273,43525
2018-11-27,32.95000076293945,32.95000076293945,32.0,32.25,47295
2018-11-28,32.0,32.70000076293945,32.0,32.5,30000
2018-11-29,32.5,32.79999923706055,32.45000076293945,32.54999923706055,43232
2018-11-30,32.70000076293945,32.79999923706055,32.70000076293945,32.70000076293945,88000
2018-12-03,33.0,33.25,32.79999923706055,33.25,83584
2018-12-04,33.349998474121094,33.70000076293945,33.25,33.599998474121094,88811
2018-12-05,33.5,33.5,32.849998474121094,33.349998474121094,35500
2018-12-06,33.099998474121094,33.099998474121094,32.0,32.0,51452
2018-12-07,32.0,32.599998474121094,32.0,32.5,9000
2018-12-10,32.0,32.29999923706055,32.0,32.29999923706055,10254
2018-12-11,32.0,32.54999923706055,32.0,32.0,8000
2018-12-12,32.099998474121094,32.099998474121094,32.04999923706055,32.04999923706055,11100
2018-12-13,32.29999923706055,32.75,32.04999923706055,32.099998474121094,56035
2018-12-14,32.099998474121094,32.5,32.099998474121094,32.20000076293945,19000
2018-12-17,32.20000076293945,32.5,32.20000076293945,32.29999923706055,15000
2018-12-18,32.29999923706055,32.5,32.20000076293945,32.29999923706055,14430
2018-12-19,32.25,32.5,32.099998474121094,32.099998474121094,29000
2018-12-20,31.549999237060547,32.45000076293945,31.549999237060547,31.600000381469727,43553
2018-12-21,31.600000381469727,31.799999237060547,31.600000381469727,31.700000762939453,32061
2018-12-24,31.75,31.75,31.299999237060547,31.5,32073
2018-12-25,31.5,31.549999237060547,31.100000381469727,31.200000762939453,55000
2018-12-26,31.200000762939453,31.200000762939453,31.149999618530273,31.149999618530273,11000
2018-12-27,31.200000762939453,31.399999618530273,31.100000381469727,31.25,35023
2018-12-28,31.450000762939453,31.700000762939453,30.200000762939453,30.200000762939453,76000
2019-01-02,30.299999237060547,31.350000381469727,30.299999237060547,30.850000381469727,32210
2019-01-03,31.149999618530273,31.399999618530273,31.0,31.100000381469727,48000
2019-01-04,31.0,31.399999618530273,30.799999237060547,31.100000381469727,34852
2019-01-07,31.0,31.25,31.0,31.100000381469727,21100
2019-01-08,31.100000381469727,31.299999237060547,31.100000381469727,31.100000381469727,16000
2019-01-09,31.299999237060547,31.350000381469727,31.200000762939453,31.200000762939453,20000
2019-01-10,31.200000762939453,31.200000762939453,31.049999237060547,31.200000762939453,26000
2019-01-11,31.100000381469727,31.350000381469727,31.100000381469727,31.350000381469727,20170
2019-01-14,31.5,31.5,31.200000762939453,31.200000762939453,42200
2019-01-15,31.200000762939453,31.399999618530273,31.200000762939453,31.299999237060547,17426
2019-01-16,31.200000762939453,31.299999237060547,31.0,31.100000381469727,44095
2019-01-17,31.200000762939453,31.350000381469727,31.100000381469727,31.299999237060547,27126
2019-01-18,31.299999237060547,31.399999618530273,31.049999237060547,31.350000381469727,37100
2019-01-21,31.5,31.5,31.350000381469727,31.399999618530273,31000
2019-01-22,31.350000381469727,31.350000381469727,31.100000381469727,31.100000381469727,57567
2019-01-23,31.799999237060547,31.799999237060547,31.100000381469727,31.5,27254
2019-01-24,31.5,31.549999237060547,31.399999618530273,31.5,23400
2019-01-25,31.5,31.600000381469727,31.5,31.549999237060547,44277
2019-01-28,31.549999237060547,31.899999618530273,31.549999237060547,31.799999237060547,26000
2019-01-29,31.850000381469727,32.0,31.850000381469727,32.0,26000
2019-01-30,32.400001525878906,32.400001525878906,32.20000076293945,32.20000076293945,43000
2019-02-11,32.29999923706055,32.599998474121094,32.29999923706055,32.5,42000
2019-02-12,32.79999923706055,32.79999923706055,32.599998474121094,32.75,28982
2019-02-13,32.900001525878906,32.900001525878906,32.75,32.79999923706055,47371
2019-02-14,33.0,33.45000076293945,33.0,33.349998474121094,84618
2019-02-15,33.70000076293945,34.29999923706055,33.70000076293945,34.29999923706055,129350
2019-02-18,34.5,37.70000076293945,34.5,36.599998474121094,298180
2019-02-19,36.70000076293945,37.95000076293945,36.70000076293945,37.25,270106
2019-02-20,37.25,37.70000076293945,37.25,37.70000076293945,148264
2019-02-21,37.95000076293945,39.0,37.900001525878906,39.0,286036
2019-02-22,39.0,39.79999923706055,39.0,39.5,196126
2019-02-25,39.5,39.5,37.54999923706055,37.75,328320
2019-02-26,37.150001525878906,37.54999923706055,37.0,37.0,180255
2019-02-27,37.0,37.0,36.75,36.95000076293945,97000
2019-03-04,37.0,37.0,36.75,37.0,69247
2019-03-05,37.0,38.349998474121094,37.0,38.20000076293945,211002
2019-03-06,38.20000076293945,38.5,37.900001525878906,38.0,122100
2019-03-07,38.0,38.25,37.349998474121094,37.349998474121094,112000
2019-03-08,37.400001525878906,37.400001525878906,36.400001525878906,37.20000076293945,194099
2019-03-11,37.849998474121094,37.849998474121094,37.349998474121094,37.45000076293945,74132
2019-03-12,37.849998474121094,37.849998474121094,37.5,37.5,53100
2019-03-13,37.0,37.400001525878906,37.0,37.150001525878906,118984
2019-03-14,37.150001525878906,37.150001525878906,36.599998474121094,36.75,129564
2019-03-15,35.599998474121094,36.75,35.599998474121094,36.349998474121094,136536
2019-03-18,36.5,36.5,36.0,36.0,105676
2019-03-19,36.04999923706055,36.099998474121094,36.0,36.0,107254
2019-03-20,36.04999923706055,36.45000076293945,36.04999923706055,36.45000076293945,23111
2019-03-21,36.45000076293945,36.45000076293945,36.0,36.150001525878906,46000
2019-03-22,36.150001525878906,36.29999923706055,36.150001525878906,36.29999923706055,40950
2019-03-25,36.5,36.5,36.04999923706055,36.04999923706055,58000
2019-03-26,35.0,36.0,35.0,36.0,53800
2019-03-27,36.0,36.0,35.20000076293945,35.5,74247
2019-03-28,35.5,35.5,35.04999923706055,35.099998474121094,69000
2019-03-29,35.79999923706055,35.79999923706055,35.0,35.150001525878906,75000
2019-04-01,35.150001525878906,35.20000076293945,35.0,35.20000076293945,64100
2019-04-02,35.54999923706055,35.54999923706055,35.099998474121094,35.20000076293945,68100
2019-04-03,35.400001525878906,35.400001525878906,35.20000076293945,35.349998474121094,37601
2019-04-08,35.45000076293945,35.45000076293945,35.04999923706055,35.099998474121094,53836
2019-04-09,35.099998474121094,35.400001525878906,35.04999923706055,35.29999923706055,81636
2019-04-10,35.29999923706055,35.29999923706055,35.04999923706055,35.099998474121094,33080
2019-04-11,35.099998474121094,35.20000076293945,35.0,35.04999923706055,88854
2019-04-12,35.04999923706055,35.04999923706055,34.900001525878906,34.95000076293945,41246
2019-04-15,34.900001525878906,34.900001525878906,34.099998474121094,34.20000076293945,137100
2019-04-16,34.20000076293945,34.20000076293945,34.0,34.0,87896
2019-04-17,34.0,34.0,33.75,33.900001525878906,85056
2019-04-18,33.900001525878906,33.900001525878906,33.150001525878906,33.25,158220
2019-04-19,33.25,33.5,33.150001525878906,33.45000076293945,59057
2019-04-22,33.5,33.849998474121094,33.349998474121094,33.79999923706055,59110
2019-04-23,33.79999923706055,33.849998474121094,33.650001525878906,33.849998474121094,23105
2019-04-24,33.70000076293945,33.79999923706055,33.70000076293945,33.70000076293945,19000
2019-04-25,33.70000076293945,33.70000076293945,33.25,33.29999923706055,47200
2019-04-26,33.150001525878906,33.20000076293945,33.04999923706055,33.150001525878906,26500
2019-04-29,33.099998474121094,33.099998474121094,32.79999923706055,33.0,37060
2019-04-30,33.0,33.099998474121094,32.95000076293945,33.099998474121094,15000
2019-05-02,33.20000076293945,33.650001525878906,33.20000076293945,33.650001525878906,13000
2019-05-03,33.75,34.099998474121094,33.650001525878906,34.099998474121094,47163
2019-05-06,34.20000076293945,34.20000076293945,33.099998474121094,33.099998474121094,22835
2019-05-07,33.29999923706055,33.54999923706055,33.150001525878906,33.25,60160
2019-05-08,33.25,33.25,33.20000076293945,33.25,29000
2019-05-09,33.20000076293945,33.25,33.0,33.0,57000
2019-05-10,33.04999923706055,33.29999923706055,33.0,33.20000076293945,45276
2019-05-13,33.099998474121094,33.099998474121094,32.70000076293945,32.70000076293945,45423
2019-05-14,32.20000076293945,32.5,32.20000076293945,32.349998474121094,42000
2019-05-15,32.349998474121094,32.900001525878906,32.349998474121094,32.900001525878906,28371
2019-05-16,32.599998474121094,32.650001525878906,32.599998474121094,32.599998474121094,31003
2019-05-17,33.150001525878906,33.150001525878906,32.5,32.650001525878906,46000
2019-05-20,32.599998474121094,32.599998474121094,32.20000076293945,32.25,14090
2019-05-21,32.04999923706055,32.45000076293945,32.0,32.45000076293945,30024
2019-05-22,32.29999923706055,32.29999923706055,32.04999923706055,32.099998474121094,13000
2019-05-23,32.099998474121094,32.099998474121094,31.649999618530273,31.700000762939453,40060
2019-05-24,31.899999618530273,31.899999618530273,31.600000381469727,31.600000381469727,28000
2019-05-27,31.5,31.549999237060547,31.100000381469727,31.399999618530273,45040
2019-05-28,31.399999618530273,31.5,31.299999237060547,31.5,10000
2019-05-29,32.400001525878906,32.400001525878906,31.5,31.600000381469727,15336
2019-05-30,31.700000762939453,31.700000762939453,31.600000381469727,31.600000381469727,41000
2019-05-31,31.0,31.399999618530273,31.0,31.399999618530273,46060
2019-06-03,31.399999618530273,31.399999618530273,31.200000762939453,31.200000762939453,11121
2019-06-04,31.149999618530273,31.399999618530273,31.149999618530273,31.399999618530273,30074
2019-06-05,31.0,31.5,31.0,31.149999618530273,18000
2019-06-06,31.149999618530273,31.299999237060547,31.0,31.0,26101
2019-06-10,31.0,31.350000381469727,31.0,31.25,34861
2019-06-11,31.25,31.25,31.149999618530273,31.149999618530273,22000
2019-06-12,31.200000762939453,31.600000381469727,31.200000762939453,31.549999237060547,12062
2019-06-13,31.5,31.899999618530273,31.5,31.899999618530273,36526
2019-06-14,31.899999618530273,31.899999618530273,31.899999618530273,31.899999618530273,25962
2019-06-17,31.850000381469727,32.099998474121094,31.850000381469727,32.099998474121094,20080
2019-06-18,32.099998474121094,32.349998474121094,32.099998474121094,32.150001525878906,11200
2019-06-19,32.900001525878906,32.900001525878906,32.20000076293945,32.75,22052
2019-06-20,32.70000076293945,32.79999923706055,32.45000076293945,32.79999923706055,28000
2019-06-21,32.79999923706055,32.79999923706055,32.349998474121094,32.349998474121094,21031
2019-06-24,32.349998474121094,32.5,32.349998474121094,32.5,18900
2019-06-25,32.5,32.5,32.25,32.29999923706055,11018
2019-06-26,32.29999923706055,32.29999923706055,32.04999923706055,32.099998474121094,18000
2019-06-27,31.899999618530273,32.0,31.700000762939453,31.799999237060547,50634
2019-06-28,31.850000381469727,31.950000762939453,31.700000762939453,31.950000762939453,22000
2019-07-01,31.850000381469727,32.0,31.850000381469727,32.0,25845
2019-07-02,32.0,32.0,31.799999237060547,32.0,57250
2019-07-03,32.0,32.099998474121094,31.850000381469727,32.04999923706055,64000
2019-07-04,30.799999237060547,30.899999618530273,30.200000762939453,30.5,132062
2019-07-05,30.5,30.899999618530273,30.450000762939453,30.5,48619
2019-07-08,30.600000381469727,30.600000381469727,30.299999237060547,30.299999237060547,55150
2019-07-09,31.100000381469727,31.100000381469727,30.600000381469727,30.600000381469727,13300
2019-07-10,30.5,30.549999237060547,30.299999237060547,30.299999237060547,20346
2019-07-11,30.100000381469727,30.5,30.0,30.299999237060547,63025
2019-07-12,30.5,30.799999237060547,30.5,30.700000762939453,32598
2019-07-15,30.899999618530273,31.0,30.600000381469727,30.600000381469727,19185
2019-07-16,30.700000762939453,30.700000762939453,30.450000762939453,30.5,28062
2019-07-17,30.5,31.0,30.5,30.950000762939453,29606
2019-07-18,30.950000762939453,30.950000762939453,30.700000762939453,30.700000762939453,13419
2019-07-19,30.850000381469727,30.850000381469727,30.5,30.5,9200
2019-07-22,30.549999237060547,30.600000381469727,30.399999618530273,30.399999618530273,24120
2019-07-23,30.399999618530273,30.899999618530273,29.899999618530273,30.0,64938
2019-07-24,30.049999237060547,30.149999618530273,30.0,30.0,37270
2019-07-25,30.100000381469727,30.200000762939453,30.100000381469727,30.100000381469727,32063
2019-07-26,30.100000381469727,30.200000762939453,30.0,30.200000762939453,21100
2019-07-29,30.200000762939453,30.200000762939453,30.049999237060547,30.200000762939453,22468
2019-07-30,30.100000381469727,30.149999618530273,30.0,30.149999618530273,38000
2019-07-31,30.299999237060547,30.299999237060547,30.100000381469727,30.100000381469727,20155
2019-08-01,30.100000381469727,30.100000381469727,30.049999237060547,30.049999237060547,18063
2019-08-02,30.049999237060547,30.049999237060547,29.799999237060547,29.799999237060547,59000
2019-08-05,30.0,30.0,29.799999237060547,29.850000381469727,60700
2019-08-06,29.700000762939453,29.700000762939453,29.100000381469727,29.200000762939453,83000
2019-08-07,29.200000762939453,29.600000381469727,29.200000762939453,29.549999237060547,65200
2019-08-08,29.5,29.649999618530273,29.5,29.649999618530273,23063
2019-08-12,29.649999618530273,29.799999237060547,29.649999618530273,29.799999237060547,23000
2019-08-13,29.799999237060547,29.799999237060547,29.5,29.5,13100
2019-08-14,29.799999237060547,29.799999237060547,29.299999237060547,29.350000381469727,85065
2019-08-15,29.0,29.5,29.0,29.200000762939453,19100
2019-08-16,29.200000762939453,29.399999618530273,29.100000381469727,29.200000762939453,38100
2019-08-19,29.5,29.549999237060547,29.350000381469727,29.5,21732
2019-08-20,29.5,29.549999237060547,29.5,29.5,32866
2019-08-21,29.5,29.799999237060547,29.25,29.799999237060547,22400
2019-08-22,29.799999237060547,29.799999237060547,29.649999618530273,29.700000762939453,31065
2019-08-23,29.700000762939453,29.700000762939453,29.600000381469727,29.700000762939453,27300
2019-08-26,29.700000762939453,29.700000762939453,29.049999237060547,29.200000762939453,31111
2019-08-27,29.200000762939453,29.200000762939453,29.100000381469727,29.200000762939453,45100
2019-08-28,29.200000762939453,29.25,29.200000762939453,29.25,8065
2019-08-29,29.149999618530273,29.149999618530273,29.0,29.049999237060547,48538
2019-08-30,29.049999237060547,29.149999618530273,29.0,29.149999618530273,53705
2019-09-02,29.149999618530273,29.149999618530273,29.0,29.049999237060547,47000
2019-09-03,29.049999237060547,29.100000381469727,29.049999237060547,29.100000381469727,26164
2019-09-04,29.450000762939453,29.450000762939453,29.200000762939453,29.350000381469727,10030
2019-09-05,29.399999618530273,29.399999618530273,29.049999237060547,29.299999237060547,28639
2019-09-06,29.100000381469727,29.25,29.100000381469727,29.25,11100
2019-09-10,29.299999237060547,29.299999237060547,29.200000762939453,29.25,10000
2019-09-11,29.25,29.25,29.200000762939453,29.200000762939453,7064
2019-09-12,29.200000762939453,29.200000762939453,29.149999618530273,29.200000762939453,24342
2019-09-16,29.299999237060547,29.299999237060547,29.049999237060547,29.299999237060547,19100
2019-09-17,29.0,29.200000762939453,29.0,29.200000762939453,13370
2019-09-18,29.200000762939453,29.299999237060547,29.0,29.0,73065
2019-09-19,29.0,29.0,28.899999618530273,29.0,51222
2019-09-20,29.0,29.0,29.0,29.0,25547
2019-09-23,29.399999618530273,29.399999618530273,29.0,29.399999618530273,36000
2019-09-24,29.200000762939453,29.200000762939453,29.049999237060547,29.200000762939453,18700
2019-09-25,29.200000762939453,29.200000762939453,29.049999237060547,29.049999237060547,6433
2019-09-26,29.049999237060547,29.100000381469727,29.049999237060547,29.049999237060547,12005
2019-09-27,29.049999237060547,29.049999237060547,28.75,28.75,62353
2019-10-01,28.75,28.899999618530273,28.75,28.899999618530273,37177
2019-10-02,28.899999618530273,28.899999618530273,28.799999237060547,28.799999237060547,12000
2019-10-03,28.5,28.799999237060547,28.5,28.799999237060547,25841
2019-10-04,28.799999237060547,29.0,28.799999237060547,28.850000381469727,9300
2019-10-07,29.299999237060547,29.299999237060547,28.700000762939453,28.700000762939453,42300
2019-10-08,28.700000762939453,28.700000762939453,28.5,28.5,25013
2019-10-09,28.5,28.5,28.399999618530273,28.5,23000
2019-10-14,28.5,28.549999237060547,28.100000381469727,28.549999237060547,62000
2019-10-15,28.549999237060547,28.549999237060547,28.5,28.5,18334
2019-10-16,28.5,28.5,28.200000762939453,28.450000762939453,44070
2019-10-17,28.5,28.5,28.350000381469727,28.350000381469727,26369
2019-10-18,28.350000381469727,28.350000381469727,28.049999237060547,28.100000381469727,80320
2019-10-21,28.100000381469727,28.100000381469727,28.0,28.100000381469727,79330
2019-10-22,28.100000381469727,28.399999618530273,28.100000381469727,28.399999618530273,84110
2019-10-23,28.399999618530273,28.5,28.299999237060547,28.350000381469727,46100
2019-10-24,28.350000381469727,28.350000381469727,28.25,28.350000381469727,59629
2019-10-25,28.350000381469727,28.350000381469727,28.200000762939453,28.299999237060547,27070
2019-10-28,28.299999237060547,28.299999237060547,28.0,28.100000381469727,42166
2019-10-29,28.049999237060547,28.25,28.049999237060547,28.200000762939453,27150
2019-10-30,28.450000762939453,28.450000762939453,28.200000762939453,28.350000381469727,29173
2019-10-31,28.149999618530273,28.350000381469727,28.149999618530273,28.350000381469727,8137
2019-11-01,28.149999618530273,28.200000762939453,28.100000381469727,28.200000762939453,7100
2019-11-04,28.399999618530273,28.399999618530273,28.200000762939453,28.299999237060547,45000
2019-11-05,28.200000762939453,28.299999237060547,28.200000762939453,28.299999237060547,29170
2019-11-06,28.200000762939453,28.299999237060547,28.100000381469727,28.200000762939453,41070
2019-11-07,28.200000762939453,28.600000381469727,28.200000762939453,28.350000381469727,54000
2019-11-08,28.799999237060547,28.950000762939453,28.600000381469727,28.799999237060547,60206
2019-11-11,29.549999237060547,29.549999237060547,28.5,28.799999237060547,58200
2019-11-12,29.200000762939453,29.200000762939453,28.399999618530273,28.399999618530273,36701
2019-11-13,28.399999618530273,28.799999237060547,28.399999618530273,28.399999618530273,6214
2019-11-14,28.299999237060547,28.299999237060547,28.200000762939453,28.200000762939453,21418
2019-11-15,28.200000762939453,28.200000762939453,28.149999618530273,28.200000762939453,33507
2019-11-18,28.600000381469727,28.600000381469727,28.200000762939453,28.200000762939453,25180
2019-11-19,28.200000762939453,28.200000762939453,28.149999618530273,28.200000762939453,25805
2019-11-20,28.200000762939453,28.200000762939453,28.0,28.200000762939453,41317
2019-11-21,28.0,28.5,28.0,28.149999618530273,44663
2019-11-22,28.149999618530273,28.149999618530273,28.149999618530273,28.149999618530273,4072
2019-11-25,28.5,28.5,28.299999237060547,28.5,10126
2019-11-26,28.5,28.600000381469727,28.399999618530273,28.399999618530273,9009
2019-11-27,28.399999618530273,28.5,28.049999237060547,28.200000762939453,21200
2019-11-28,28.399999618530273,28.399999618530273,28.299999237060547,28.350000381469727,17313
2019-11-29,28.350000381469727,28.350000381469727,28.149999618530273,28.149999618530273,16000
2019-12-02,28.149999618530273,28.149999618530273,28.049999237060547,28.149999618530273,12482
2019-12-03,28.0,28.200000762939453,28.0,28.100000381469727,16648
2019-12-04,28.049999237060547,28.049999237060547,28.0,28.0,15072
2019-12-05,28.200000762939453,28.200000762939453,28.049999237060547,28.100000381469727,22000
2019-12-06,28.100000381469727,28.100000381469727,28.100000381469727,28.100000381469727,16100
2019-12-09,28.100000381469727,28.149999618530273,28.049999237060547,28.100000381469727,17325
2019-12-10,28.149999618530273,28.5,28.149999618530273,28.200000762939453,21072
2019-12-11,28.549999237060547,28.549999237060547,28.149999618530273,28.350000381469727,16002
2019-12-12,28.299999237060547,28.299999237060547,28.100000381469727,28.100000381469727,20140
2019-12-13,28.100000381469727,28.149999618530273,28.100000381469727,28.149999618530273,24679
2019-12-16,28.200000762939453,28.5,28.149999618530273,28.25,121
2019-12-17,28.25,28.5,28.25,28.399999618530273,51072
2019-12-18,28.399999618530273,28.450000762939453,28.350000381469727,28.399999618530273,36080
2019-12-19,28.5,28.5,28.399999618530273,28.450000762939453,52200
2019-12-20,28.450000762939453,28.5,28.399999618530273,28.399999618530273,18011
2019-12-23,28.399999618530273,28.399999618530273,28.200000762939453,28.350000381469727,25008
2019-12-24,28.350000381469727,28.399999618530273,28.299999237060547,28.399999618530273,38072
2019-12-25,28.5,28.5,28.399999618530273,28.5,37205
2019-12-26,28.600000381469727,28.600000381469727,28.5,28.600000381469727,46242
2019-12-27,28.600000381469727,28.700000762939453,28.549999237060547,28.700000762939453,36540
2019-12-30,28.799999237060547,29.5,28.75,29.200000762939453,108100
2019-12-31,29.5,29.549999237060547,29.100000381469727,29.149999618530273,65400
2020-01-02,29.100000381469727,29.25,29.0,29.200000762939453,30312
2020-01-03,29.200000762939453,29.200000762939453,29.0,29.0,42103
2020-01-06,29.0,29.0,28.549999237060547,28.549999237060547,54224
2020-01-07,28.75,28.799999237060547,28.649999618530273,28.649999618530273,28100
2020-01-08,28.649999618530273,28.700000762939453,28.549999237060547,28.549999237060547,17030
2020-01-09,28.600000381469727,28.649999618530273,28.549999237060547,28.600000381469727,18426
2020-01-10,28.649999618530273,28.799999237060547,28.649999618530273,28.649999618530273,26100
2020-01-13,28.899999618530273,28.899999618530273,28.600000381469727,28.600000381469727,31433
2020-01-14,28.799999237060547,28.799999237060547,28.600000381469727,28.700000762939453,31100
2020-01-15,28.799999237060547,28.799999237060547,28.600000381469727,28.649999618530273,37175
2020-01-16,28.700000762939453,28.899999618530273,28.700000762939453,28.899999618530273,50073
2020-01-17,28.899999618530273,28.950000762939453,28.649999618530273,28.899999618530273,58494
2020-01-20,28.950000762939453,29.299999237060547,28.950000762939453,29.25,78100
2020-01-30,29.25,29.25,28.0,28.100000381469727,127200
2020-01-31,28.5,28.700000762939453,28.299999237060547,28.649999618530273,53300
2020-02-03,28.5,28.5,28.0,28.100000381469727,47000
2020-02-04,28.200000762939453,28.5,28.200000762939453,28.5,36000
2020-02-05,28.799999237060547,28.799999237060547,28.700000762939453,28.799999237060547,26000
2020-02-06,28.799999237060547,28.850000381469727,28.799999237060547,28.799999237060547,27240
2020-02-07,28.649999618530273,28.700000762939453,28.600000381469727,28.600000381469727,25278
2020-02-10,28.049999237060547,28.5,28.049999237060547,28.100000381469727,63000
2020-02-11,28.200000762939453,28.200000762939453,28.049999237060547,28.100000381469727,36105
2020-02-12,28.549999237060547,28.549999237060547,28.25,28.299999237060547,32700
2020-02-13,28.649999618530273,28.649999618530273,28.200000762939453,28.299999237060547,26000
2020-02-14,28.299999237060547,28.5,28.299999237060547,28.350000381469727,15787
2020-02-17,28.5,28.5,28.149999618530273,28.200000762939453,39101
2020-02-18,28.200000762939453,28.350000381469727,28.100000381469727,28.149999618530273,12330
2020-02-19,28.149999618530273,28.5,28.149999618530273,28.25,33200
2020-02-20,28.299999237060547,28.600000381469727,28.25,28.299999237060547,14500
2020-02-21,28.200000762939453,28.350000381469727,28.100000381469727,28.350000381469727,48281
2020-02-24,28.350000381469727,29.350000381469727,28.299999237060547,28.950000762939453,181584
2020-02-25,28.600000381469727,29.149999618530273,28.600000381469727,28.950000762939453,118272
2020-02-26,28.649999618530273,28.899999618530273,28.600000381469727,28.799999237060547,34000
2020-02-27,28.799999237060547,29.149999618530273,28.799999237060547,29.149999618530273,123176
2020-03-02,29.149999618530273,31.450000762939453,29.149999618530273,30.0,458770
2020-03-03,30.200000762939453,30.799999237060547,29.549999237060547,30.700000762939453,356561
2020-03-04,31.0,32.5,30.350000381469727,31.700000762939453,784556
2020-03-05,32.25,33.900001525878906,31.850000381469727,32.29999923706055,1189605
2020-03-06,32.400001525878906,33.0,32.20000076293945,32.20000076293945,412008
2020-03-09,31.75,31.850000381469727,29.850000381469727,29.850000381469727,348100
2020-03-10,29.0,29.200000762939453,28.0,28.950000762939453,198359
2020-03-11,28.899999618530273,29.600000381469727,28.899999618530273,29.100000381469727,120039
2020-03-12,29.100000381469727,29.100000381469727,27.850000381469727,28.049999237060547,137626
2020-03-13,27.0,27.0,25.25,25.649999618530273,261046
2020-03-16,25.649999618530273,27.100000381469727,25.649999618530273,26.200000762939453,131791
2020-03-17,25.950000762939453,25.950000762939453,25.0,25.049999237060547,97580
2020-03-18,25.5,25.549999237060547,25.0,25.100000381469727,107000
2020-03-19,23.350000381469727,23.399999618530273,22.600000381469727,22.600000381469727,227950
2020-03-20,22.399999618530273,23.100000381469727,22.399999618530273,22.5,406125
2020-03-23,21.299999237060547,22.200000762939453,21.299999237060547,21.899999618530273,83238
2020-03-24,22.450000762939453,22.899999618530273,22.450000762939453,22.649999618530273,139000
2020-03-25,23.049999237060547,24.299999237060547,23.049999237060547,24.0,97956
2020-03-26,24.0,24.200000762939453,23.700000762939453,24.149999618530273,71027
2020-03-27,25.200000762939453,25.200000762939453,24.350000381469727,25.0,32618
2020-03-30,24.25,24.600000381469727,24.200000762939453,24.5,26224
2020-03-31,24.549999237060547,24.799999237060547,24.450000762939453,24.600000381469727,17039
2020-04-01,24.799999237060547,24.799999237060547,24.5,24.75,11080
2020-04-06,24.75,25.399999618530273,24.75,25.350000381469727,37003
2020-04-07,26.0,26.0,25.350000381469727,25.649999618530273,37400
2020-04-08,25.649999618530273,26.299999237060547,25.649999618530273,26.200000762939453,49150
2020-04-09,26.25,26.299999237060547,25.799999237060547,25.950000762939453,27835
2020-04-10,26.5,28.5,26.5,28.149999618530273,259670
2020-04-13,28.5,30.950000762939453,27.899999618530273,30.950000762939453,597580
2020-04-14,31.299999237060547,31.950000762939453,29.75,30.0,1186688
2020-04-15,30.0,30.0,28.950000762939453,29.100000381469727,317735
2020-04-16,29.0,29.600000381469727,28.700000762939453,29.049999237060547,129012
2020-04-17,29.049999237060547,29.25,28.75,28.899999618530273,118999
2020-04-20,28.850000381469727,29.049999237060547,28.5,28.899999618530273,85256
2020-04-21,29.0,29.200000762939453,28.200000762939453,28.200000762939453,80200
2020-04-22,28.049999237060547,28.299999237060547,27.600000381469727,28.200000762939453,83485
2020-04-23,28.100000381469727,28.450000762939453,28.0,28.450000762939453,63000
2020-04-24,28.5,30.149999618530273,28.5,29.200000762939453,356120
2020-04-27,29.950000762939453,30.0,29.100000381469727,29.100000381469727,157001
2020-04-28,29.399999618530273,29.399999618530273,29.0,29.299999237060547,112218
2020-04-29,29.899999618530273,32.20000076293945,29.899999618530273,32.20000076293945,1190548
2020-04-30,34.79999923706055,35.400001525878906,32.849998474121094,35.400001525878906,2909170
2020-05-04,37.0,38.900001525878906,37.0,38.900001525878906,2026205
2020-05-05,42.75,42.75,42.75,42.75,1847559
2020-05-06,44.5,46.25,39.5,39.5,9423984
2020-05-07,39.0,39.5,35.599998474121094,39.400001525878906,2437256
2020-05-08,39.400001525878906,39.400001525878906,35.5,35.5,1452734
2020-05-11,33.54999923706055,33.79999923706055,31.950000762939453,32.5,1439797
2020-05-12,32.79999923706055,33.599998474121094,31.5,33.150001525878906,836120
2020-05-13,33.150001525878906,34.900001525878906,32.54999923706055,34.400001525878906,723871
2020-05-14,34.70000076293945,34.70000076293945,32.95000076293945,33.20000076293945,635885
2020-05-15,33.79999923706055,33.95000076293945,32.54999923706055,33.150001525878906,855535
2020-05-18,33.400001525878906,36.45000076293945,33.400001525878906,36.45000076293945,1520308
2020-05-19,37.400001525878906,37.400001525878906,34.45000076293945,35.70000076293945,1751004
2020-05-20,36.400001525878906,39.25,36.400001525878906,39.25,2870318
2020-05-21,40.0,42.79999923706055,39.54999923706055,40.20000076293945,6751844
2020-05-22,40.599998474121094,41.70000076293945,39.650001525878906,39.650001525878906,3952036
2020-05-25,39.650001525878906,40.0,37.0,37.5,1669718
2020-05-26,37.650001525878906,39.29999923706055,36.599998474121094,37.45000076293945,1272985
2020-05-27,37.599998474121094,37.900001525878906,36.45000076293945,36.70000076293945,851151
2020-05-28,40.0,40.349998474121094,37.900001525878906,39.900001525878906,5582739
2020-05-29,40.150001525878906,41.400001525878906,38.900001525878906,38.900001525878906,4821105
2020-06-01,39.5,39.70000076293945,38.20000076293945,38.25,1480215
2020-06-02,38.599998474121094,38.70000076293945,37.599998474121094,37.650001525878906,779842
2020-06-03,38.0,39.79999923706055,37.79999923706055,39.0,1547320
2020-06-04,39.099998474121094,39.400001525878906,37.849998474121094,38.0,919713
2020-06-05,38.0,39.20000076293945,37.650001525878906,38.79999923706055,770586
2020-06-08,39.04999923706055,39.04999923706055,37.099998474121094,37.349998474121094,778300
2020-06-09,37.70000076293945,37.79999923706055,37.400001525878906,37.5,377000
2020-06-10,37.95000076293945,38.349998474121094,37.400001525878906,37.400001525878906,439400
2020-06-11,37.900001525878906,37.900001525878906,34.0,34.5,1275344
2020-06-12,33.900001525878906,36.75,33.70000076293945,36.25,852106
2020-06-15,36.849998474121094,36.849998474121094,35.70000076293945,35.70000076293945,524180
2020-06-16,36.150001525878906,37.0,35.5,36.849998474121094,533082
2020-06-17,37.099998474121094,38.099998474121094,36.650001525878906,37.5,970052
2020-06-18,38.70000076293945,39.45000076293945,38.25,38.70000076293945,1974200
2020-06-19,39.0,39.54999923706055,38.29999923706055,38.70000076293945,1001550
2020-06-22,39.349998474121094,39.349998474121094,38.20000076293945,38.70000076293945,772229
2020-06-23,39.400001525878906,39.70000076293945,38.54999923706055,38.54999923706055,1287340
2020-06-24,39.0,39.0,37.95000076293945,38.54999923706055,605124
2020-06-29,38.099998474121094,39.349998474121094,38.0,38.75,995030
2020-06-30,38.849998474121094,39.099998474121094,38.45000076293945,38.79999923706055,992839
2020-07-01,37.599998474121094,38.29999923706055,37.599998474121094,37.70000076293945,1012820
2020-07-02,38.400001525878906,40.5,37.900001525878906,39.400001525878906,2498836
2020-07-03,40.5,40.599998474121094,38.849998474121094,39.29999923706055,1736699
2020-07-06,40.54999923706055,40.75,39.599998474121094,39.599998474121094,2244463
2020-07-07,39.95000076293945,40.04999923706055,38.650001525878906,38.70000076293945,794790
2020-07-08,38.70000076293945,38.900001525878906,38.400001525878906,38.54999923706055,543126
2020-07-09,38.70000076293945,38.849998474121094,38.20000076293945,38.20000076293945,581361
2020-07-10,38.20000076293945,39.400001525878906,37.45000076293945,37.849998474121094,1114700
2020-07-13,38.5,38.5,37.70000076293945,37.79999923706055,610314
2020-07-14,37.79999923706055,38.0,36.599998474121094,36.599998474121094,598728
2020-07-15,36.650001525878906,36.95000076293945,35.599998474121094,35.599998474121094,646235
2020-07-16,35.79999923706055,36.099998474121094,34.900001525878906,35.099998474121094,381085
2020-07-17,35.5,35.5,33.25,33.75,825400
2020-07-20,33.349998474121094,35.0,32.849998474121094,34.20000076293945,738500
2020-07-21,34.20000076293945,34.25,33.599998474121094,33.849998474121094,284415
2020-07-22,34.45000076293945,34.650001525878906,33.849998474121094,34.099998474121094,515109
2020-07-23,34.20000076293945,34.349998474121094,33.650001525878906,33.70000076293945,285070
2020-07-24,33.650001525878906,33.70000076293945,32.5,32.5,463547
2020-07-27,32.5,32.599998474121094,31.299999237060547,31.450000762939453,301780
2020-07-28,31.399999618530273,32.5,31.200000762939453,31.600000381469727,343000
2020-07-29,32.79999923706055,34.75,32.70000076293945,34.75,1432496
2020-07-30,35.099998474121094,36.79999923706055,35.099998474121094,35.900001525878906,1411739
2020-07-31,36.29999923706055,36.400001525878906,35.650001525878906,35.650001525878906,587000
2020-08-03,36.25,36.95000076293945,36.150001525878906,36.25,562300
2020-08-04,36.5,36.900001525878906,36.29999923706055,36.5,581866
2020-08-05,36.95000076293945,37.099998474121094,36.25,36.70000076293945,607780
2020-08-06,37.0,37.79999923706055,36.75,37.150001525878906,967300
2020-08-07,37.599998474121094,39.20000076293945,37.25,38.849998474121094,2064823
2020-08-10,39.04999923706055,39.20000076293945,37.04999923706055,37.29999923706055,987559
2020-08-11,37.29999923706055,37.29999923706055,35.45000076293945,35.45000076293945,724200
2020-08-12,35.95000076293945,36.349998474121094,35.599998474121094,36.0,260520
2020-08-13,36.20000076293945,36.5,36.04999923706055,36.099998474121094,160000
2020-08-14,36.150001525878906,36.5,36.099998474121094,36.5,145150
2020-08-17,36.599998474121094,37.25,36.54999923706055,37.0,294000
2020-08-18,37.150001525878906,37.79999923706055,37.150001525878906,37.5,322500
2020-08-19,37.900001525878906,37.900001525878906,36.849998474121094,36.900001525878906,273180
2020-08-20,36.849998474121094,36.849998474121094,34.0,34.849998474121094,553060
2020-08-21,35.099998474121094,37.5,35.099998474121094,37.0,412333
2020-08-24,37.0,37.29999923706055,36.45000076293945,36.70000076293945,389056
2020-08-25,36.70000076293945,37.29999923706055,36.650001525878906,36.75,284114
2020-08-26,36.900001525878906,36.900001525878906,36.650001525878906,36.70000076293945,198516
2020-08-27,36.79999923706055,36.95000076293945,36.04999923706055,36.20000076293945,193050
2020-08-28,36.400001525878906,36.400001525878906,35.650001525878906,36.0,173193
2020-08-31,35.79999923706055,35.849998474121094,35.25,35.400001525878906,238200
2020-09-01,35.29999923706055,35.45000076293945,34.79999923706055,35.20000076293945,135380
2020-09-02,35.54999923706055,35.54999923706055,35.0,35.099998474121094,144300
2020-09-03,35.400001525878906,35.400001525878906,35.0,35.0,128275
2020-09-04,34.29999923706055,35.349998474121094,34.0,35.04999923706055,128000
2020-09-07,34.650001525878906,34.95000076293945,34.349998474121094,34.5,214136
2020-09-08,34.400001525878906,34.95000076293945,34.400001525878906,34.400001525878906,219070
2020-09-09,34.400001525878906,34.599998474121094,34.04999923706055,34.45000076293945,125126
2020-09-10,34.70000076293945,35.099998474121094,34.599998474121094,34.650001525878906,164450
2020-09-11,34.349998474121094,34.349998474121094,33.75,33.95000076293945,250635
2020-09-14,33.95000076293945,34.29999923706055,33.599998474121094,33.95000076293945,130930
2020-09-15,34.29999923706055,34.29999923706055,33.849998474121094,33.95000076293945,106721
2020-09-16,34.04999923706055,34.150001525878906,33.849998474121094,33.849998474121094,97100
2020-09-17,33.95000076293945,34.150001525878906,33.849998474121094,33.849998474121094,74000
2020-09-18,34.150001525878906,34.25,33.900001525878906,34.20000076293945,137677
2020-09-21,34.20000076293945,34.599998474121094,34.150001525878906,34.599998474121094,96357
2020-09-22,34.79999923706055,34.79999923706055,34.0,34.45000076293945,78000
2020-09-23,34.70000076293945,34.75,34.04999923706055,34.400001525878906,84220
2020-09-24,33.95000076293945,33.95000076293945,33.29999923706055,33.29999923706055,255493
2020-09-25,33.29999923706055,33.29999923706055,32.099998474121094,32.349998474121094,216350
2020-09-28,32.5,33.099998474121094,32.5,32.95000076293945,100000
2020-09-29,33.099998474121094,33.099998474121094,32.349998474121094,32.400001525878906,90000
2020-09-30,32.29999923706055,32.900001525878906,32.29999923706055,32.650001525878906,105291
2020-10-05,32.849998474121094,33.79999923706055,32.849998474121094,33.400001525878906,168000
2020-10-06,33.400001525878906,34.150001525878906,33.400001525878906,34.0,148398
2020-10-07,34.0,34.25,33.900001525878906,34.04999923706055,152201
2020-10-08,34.25,34.25,33.849998474121094,34.099998474121094,131300
2020-10-12,34.150001525878906,34.5,34.0,34.099998474121094,114009
2020-10-13,34.099998474121094,34.25,33.900001525878906,34.099998474121094,66000
2020-10-14,34.099998474121094,34.45000076293945,34.0,34.04999923706055,75090
2020-10-15,34.099998474121094,34.20000076293945,34.0,34.04999923706055,92000
2020-10-16,34.349998474121094,34.70000076293945,34.099998474121094,34.25,169201
2020-10-19,34.29999923706055,34.5,34.099998474121094,34.25,49290
2020-10-20,34.25,34.79999923706055,34.20000076293945,34.25,101246
2020-10-21,34.349998474121094,34.400001525878906,34.20000076293945,34.349998474121094,27280
2020-10-22,34.20000076293945,34.54999923706055,34.099998474121094,34.349998474121094,47000
2020-10-23,34.150001525878906,34.29999923706055,34.150001525878906,34.29999923706055,60807
2020-10-26,34.25,34.29999923706055,34.150001525878906,34.20000076293945,40041
2020-10-27,34.099998474121094,34.400001525878906,34.04999923706055,34.099998474121094,39000
2020-10-28,34.099998474121094,34.349998474121094,33.95000076293945,34.0,63100
2020-10-29,33.849998474121094,34.599998474121094,33.75,34.29999923706055,117100
2020-10-30,34.5,34.5,34.04999923706055,34.349998474121094,72000
2020-11-02,34.400001525878906,34.5,34.099998474121094,34.20000076293945,57166
2020-11-03,34.45000076293945,34.70000076293945,34.099998474121094,34.25,117000
2020-11-04,34.54999923706055,34.54999923706055,34.20000076293945,34.29999923706055,72000
2020-11-05,34.29999923706055,34.5,34.29999923706055,34.349998474121094,94000
2020-11-06,35.04999923706055,35.599998474121094,34.95000076293945,35.349998474121094,453006
2020-11-09,35.650001525878906,36.20000076293945,35.54999923706055,35.900001525878906,329000
2020-11-10,35.95000076293945,36.25,34.900001525878906,35.04999923706055,403000
2020-11-11,35.5,35.95000076293945,35.400001525878906,35.70000076293945,400700
2020-11-12,36.5,36.5,35.70000076293945,36.099998474121094,333451
2020-11-13,36.29999923706055,36.54999923706055,36.099998474121094,36.29999923706055,330290
2020-11-16,37.099998474121094,38.79999923706055,37.099998474121094,37.900001525878906,1501182
2020-11-17,38.5,38.5,37.599998474121094,37.900001525878906,503600
2020-11-18,37.650001525878906,38.0,37.5,37.900001525878906,471330
2020-11-19,37.900001525878906,38.099998474121094,37.650001525878906,37.75,354800
2020-11-20,37.79999923706055,38.099998474121094,37.79999923706055,37.849998474121094,366300
2020-11-23,38.099998474121094,39.099998474121094,38.099998474121094,38.45000076293945,714168
2020-11-24,38.849998474121094,38.849998474121094,37.900001525878906,37.900001525878906,557180
2020-11-25,38.0,38.29999923706055,37.75,37.95000076293945,327922
2020-11-26,37.900001525878906,38.5,37.849998474121094,38.349998474121094,409088
2020-11-27,38.400001525878906,38.75,38.400001525878906,38.75,606496
2020-11-30,39.5,40.29999923706055,39.349998474121094,39.900001525878906,1885381
2020-12-01,40.349998474121094,40.400001525878906,39.400001525878906,39.599998474121094,863000
2020-12-02,39.849998474121094,40.349998474121094,39.849998474121094,40.150001525878906,883500
2020-12-03,40.29999923706055,41.20000076293945,40.20000076293945,40.349998474121094,1457514
2020-12-04,40.849998474121094,41.099998474121094,40.150001525878906,40.20000076293945,1341097
2020-12-07,40.599998474121094,40.650001525878906,38.900001525878906,38.95000076293945,1099093
2020-12-08,39.04999923706055,39.04999923706055,38.150001525878906,38.650001525878906,559213
2020-12-09,38.70000076293945,38.79999923706055,38.04999923706055,38.599998474121094,549220
2020-12-10,38.45000076293945,38.45000076293945,38.099998474121094,38.20000076293945,347011
2020-12-11,38.20000076293945,38.400001525878906,37.400001525878906,37.79999923706055,344602
2020-12-14,37.79999923706055,38.400001525878906,37.599998474121094,38.25,170000
2020-12-15,38.400001525878906,38.45000076293945,37.900001525878906,37.900001525878906,160000
2020-12-16,38.0,38.25,38.0,38.20000076293945,179061
2020-12-17,38.45000076293945,39.0,38.25,38.79999923706055,333140
2020-12-18,38.900001525878906,39.0,38.150001525878906,38.150001525878906,289752
2020-12-21,38.25,38.349998474121094,38.0,38.20000076293945,165115
2020-12-22,38.20000076293945,38.54999923706055,38.20000076293945,38.25,174011
2020-12-23,38.45000076293945,38.599998474121094,38.29999923706055,38.400001525878906,159091
2020-12-24,38.650001525878906,38.849998474121094,38.349998474121094,38.45000076293945,156270
2020-12-25,38.599998474121094,38.75,38.150001525878906,38.150001525878906,171000
2020-12-28,38.75,38.75,38.150001525878906,38.29999923706055,187249
2020-12-29,38.29999923706055,38.5,38.25,38.400001525878906,158000
2020-12-30,38.5,38.599998474121094,38.25,38.25,215290
2020-12-31,38.29999923706055,38.599998474121094,38.150001525878906,38.599998474121094,216110
2021-01-04,38.599998474121094,38.75,38.150001525878906,38.349998474121094,254104
2021-01-05,38.29999923706055,38.45000076293945,38.099998474121094,38.349998474121094,121419
2021-01-06,38.349998474121094,38.5,37.099998474121094,37.79999923706055,400000
2021-01-07,37.900001525878906,38.150001525878906,37.79999923706055,37.900001525878906,222101
2021-01-08,38.0,38.0,37.79999923706055,37.900001525878906,167500
2021-01-11,38.5,39.599998474121094,38.349998474121094,39.29999923706055,893581
2021-01-12,39.54999923706055,39.54999923706055,38.70000076293945,39.0,394090
2021-01-13,39.0,39.099998474121094,38.79999923706055,39.0,238000
2021-01-14,39.0,39.0,38.70000076293945,38.79999923706055,138716
2021-01-15,38.79999923706055,38.79999923706055,38.0,38.04999923706055,335200
2021-01-18,37.79999923706055,38.0,37.349998474121094,37.75,231081
2021-01-19,37.79999923706055,38.79999923706055,37.79999923706055,38.349998474121094,278166
2021-01-20,38.29999923706055,38.29999923706055,37.650001525878906,37.79999923706055,273200
2021-01-21,37.849998474121094,39.099998474121094,37.849998474121094,38.650001525878906,612190
2021-01-22,38.900001525878906,39.20000076293945,38.54999923706055,38.900001525878906,411281
2021-01-25,39.20000076293945,39.75,39.099998474121094,39.599998474121094,936948
2021-01-26,39.900001525878906,40.400001525878906,39.650001525878906,39.70000076293945,906337
2021-01-27,39.75,40.099998474121094,39.70000076293945,39.849998474121094,295280
2021-01-28,39.45000076293945,39.849998474121094,38.900001525878906,39.349998474121094,436102
2021-01-29,39.599998474121094,39.900001525878906,39.099998474121094,39.400001525878906,436000
2021-02-01,39.099998474121094,39.79999923706055,39.099998474121094,39.599998474121094,262100
2021-02-02,39.79999923706055,39.79999923706055,39.400001525878906,39.599998474121094,250213
2021-02-03,39.599998474121094,39.900001525878906,39.400001525878906,39.45000076293945,180504
2021-02-04,39.45000076293945,39.650001525878906,39.25,39.400001525878906,159175
2021-02-05,39.599998474121094,39.79999923706055,39.29999923706055,39.5,268000
2021-02-17,39.79999923706055,40.70000076293945,39.54999923706055,40.5,545050
2021-02-18,40.70000076293945,40.900001525878906,40.29999923706055,40.70000076293945,577452
2021-02-19,40.70000076293945,43.650001525878906,40.70000076293945,43.04999923706055,1752200
2021-02-22,44.54999923706055,44.79999923706055,43.650001525878906,44.400001525878906,1581345
2021-02-23,44.5,44.5,43.400001525878906,43.75,785333
2021-02-24,43.75,43.79999923706055,42.95000076293945,43.20000076293945,644191
2021-02-25,43.150001525878906,44.400001525878906,43.099998474121094,43.900001525878906,851492
2021-02-26,43.25,45.0,43.150001525878906,44.900001525878906,880754
2021-03-02,45.849998474121094,46.849998474121094,45.04999923706055,45.150001525878906,1959836
2021-03-03,45.150001525878906,46.5,44.650001525878906,46.400001525878906,1238306
2021-03-04,46.5,47.70000076293945,45.900001525878906,46.849998474121094,1401180
2021-03-05,46.95000076293945,47.150001525878906,46.29999923706055,46.75,1028002
2021-03-08,47.0,47.150001525878906,42.5,43.0,2414689
2021-03-09,43.0,44.95000076293945,43.0,44.849998474121094,771868
2021-03-10,44.79999923706055,45.0,44.150001525878906,44.900001525878906,454230
2021-03-11,45.400001525878906,46.900001525878906,45.04999923706055,46.900001525878906,1334473
2021-03-12,48.29999923706055,51.0,47.20000076293945,50.5,6465087
2021-03-15,50.79999923706055,52.5,49.29999923706055,52.400001525878906,4305464
2021-03-16,51.599998474121094,53.599998474121094,51.29999923706055,53.599998474121094,3763034
2021-03-17,53.0,53.5,52.20000076293945,52.900001525878906,1352281
2021-03-18,53.099998474121094,53.900001525878906,52.099998474121094,52.29999923706055,2125884
2021-03-19,51.70000076293945,53.70000076293945,51.70000076293945,53.5,1724129
2021-03-22,53.5,54.20000076293945,52.599998474121094,53.29999923706055,1904363
2021-03-23,51.0,52.5,49.25,49.29999923706055,9054813
2021-03-24,49.29999923706055,50.400001525878906,49.29999923706055,50.20000076293945,1657152
2021-03-25,50.5,50.70000076293945,49.79999923706055,50.099998474121094,1045300
2021-03-26,50.599998474121094,50.599998474121094,49.95000076293945,50.20000076293945,695200
2021-03-29,50.599998474121094,50.70000076293945,49.900001525878906,50.099998474121094,1057850
2021-03-30,50.099998474121094,50.5,49.900001525878906,50.20000076293945,891004
2021-03-31,50.29999923706055,50.5,50.099998474121094,50.29999923706055,712746
2021-04-01,50.5,50.79999923706055,50.400001525878906,50.599998474121094,688389
2021-04-07,50.79999923706055,51.099998474121094,50.599998474121094,50.79999923706055,846791
2021-04-08,50.900001525878906,51.400001525878906,50.70000076293945,51.20000076293945,906118
2021-04-09,51.5,51.5,50.79999923706055,51.0,833620
2021-04-12,51.400001525878906,51.400001525878906,50.79999923706055,50.900001525878906,584174
2021-04-13,50.900001525878906,51.20000076293945,50.5,50.5,683018
2021-04-14,50.5,50.79999923706055,49.20000076293945,49.849998474121094,837374
2021-04-15,50.5,50.79999923706055,49.849998474121094,50.599998474121094,489986
2021-04-16,51.0,51.0,50.400001525878906,50.5,330000
2021-04-19,50.400001525878906,51.0,50.400001525878906,50.79999923706055,457869
2021-04-20,50.70000076293945,50.79999923706055,50.599998474121094,50.70000076293945,317316
2021-04-21,50.70000076293945,50.79999923706055,50.29999923706055,50.5,303300
2021-04-22,50.70000076293945,50.900001525878906,50.099998474121094,50.099998474121094,671070
2021-04-23,50.099998474121094,50.20000076293945,49.849998474121094,50.0,408389
2021-04-26,50.900001525878906,50.900001525878906,50.400001525878906,50.5,431499
2021-04-27,50.29999923706055,50.70000076293945,50.29999923706055,50.599998474121094,253301
2021-04-28,50.29999923706055,50.79999923706055,50.20000076293945,50.5,255853
2021-04-29,50.5,51.0,50.29999923706055,50.70000076293945,501000
2021-05-03,51.0,51.0,50.29999923706055,50.5,452400
2021-05-04,50.79999923706055,50.79999923706055,48.650001525878906,49.650001525878906,959819
2021-05-05,49.599998474121094,50.099998474121094,49.29999923706055,49.599998474121094,271051
2021-05-06,49.79999923706055,50.0,49.04999923706055,49.400001525878906,337030
2021-05-07,50.29999923706055,50.29999923706055,49.20000076293945,49.79999923706055,181305
2021-05-10,49.849998474121094,50.5,49.849998474121094,50.29999923706055,261223
2021-05-11,50.20000076293945,50.20000076293945,49.5,49.5,487000
2021-05-12,49.5,49.5,45.599998474121094,47.099998474121094,911500
2021-05-13,46.79999923706055,47.599998474121094,45.099998474121094,46.650001525878906,518989
2021-05-14,47.04999923706055,48.54999923706055,47.04999923706055,47.29999923706055,463606
2021-05-17,45.20000076293945,46.95000076293945,45.04999923706055,45.45000076293945,674335
2021-05-18,45.54999923706055,47.95000076293945,45.54999923706055,47.650001525878906,406400
2021-05-19,47.5,48.20000076293945,47.0,47.900001525878906,166091
2021-05-20,47.900001525878906,47.900001525878906,47.20000076293945,47.599998474121094,132018
2021-05-21,47.5,48.400001525878906,47.5,47.70000076293945,180013
2021-05-24,47.70000076293945,47.900001525878906,47.400001525878906,47.79999923706055,128011
2021-05-25,48.0,48.099998474121094,47.599998474121094,47.79999923706055,186001
2021-05-26,47.849998474121094,48.0,47.5,48.0,150000
2021-05-27,48.04999923706055,48.900001525878906,48.04999923706055,48.900001525878906,550622
2021-05-28,49.0,50.599998474121094,48.900001525878906,50.5,631920
2021-05-31,50.70000076293945,50.70000076293945,49.400001525878906,49.599998474121094,500157
2021-06-01,49.650001525878906,50.0,49.5,49.900001525878906,162177
2021-06-02,49.900001525878906,50.29999923706055,49.900001525878906,49.95000076293945,194112
2021-06-03,50.0,50.79999923706055,49.900001525878906,50.599998474121094,396000
2021-06-04,50.599998474121094,50.599998474121094,50.0,50.099998474121094,173242
2021-06-07,50.099998474121094,50.20000076293945,49.150001525878906,49.79999923706055,143000
2021-06-08,49.849998474121094,50.099998474121094,49.75,49.900001525878906,57000
2021-06-09,49.70000076293945,49.95000076293945,49.70000076293945,49.79999923706055,85000
2021-06-10,50.20000076293945,50.20000076293945,49.70000076293945,49.75,84000
2021-06-11,50.0,50.099998474121094,49.900001525878906,49.900001525878906,106000
2021-06-15,50.29999923706055,50.29999923706055,49.95000076293945,49.95000076293945,87200
2021-06-16,50.099998474121094,50.099998474121094,49.75,50.0,136226
2021-06-17,50.0,50.20000076293945,49.79999923706055,49.900001525878906,89010
2021-06-18,49.900001525878906,50.20000076293945,49.849998474121094,49.849998474121094,97000
2021-06-21,49.849998474121094,50.0,49.79999923706055,49.900001525878906,218307
2021-06-22,50.0,50.0,49.849998474121094,49.849998474121094,128119
2021-06-23,49.900001525878906,50.0,49.79999923706055,50.0,218055
2021-06-24,50.0,50.29999923706055,50.0,50.29999923706055,187694
2021-06-25,50.20000076293945,50.400001525878906,49.95000076293945,50.20000076293945,258200
2021-06-28,50.5,50.5,50.20000076293945,50.400001525878906,181853
2021-06-29,50.29999923706055,50.70000076293945,50.20000076293945,50.20000076293945,334099
2021-06-30,50.400001525878906,50.5,50.29999923706055,50.5,173220
2021-07-01,50.5,50.599998474121094,50.0,50.0,277155
2021-07-02,50.0,50.599998474121094,50.0,50.099998474121094,118740
2021-07-05,50.20000076293945,50.29999923706055,50.0,50.099998474121094,125000
2021-07-06,50.29999923706055,50.29999923706055,50.0,50.0,131000
2021-07-07,50.20000076293945,50.20000076293945,50.0,50.099998474121094,97100
2021-07-08,50.099998474121094,50.5,50.099998474121094,50.20000076293945,170606
2021-07-09,50.29999923706055,50.5,50.20000076293945,50.29999923706055,117200
2021-07-12,50.5,50.599998474121094,50.29999923706055,50.5,217064
2021-07-13,50.79999923706055,50.79999923706055,50.29999923706055,50.29999923706055,152613
2021-07-14,50.29999923706055,50.29999923706055,50.0,50.20000076293945,153227
2021-07-15,50.20000076293945,50.29999923706055,50.099998474121094,50.29999923706055,89250
2021-07-16,50.29999923706055,50.400001525878906,50.099998474121094,50.099998474121094,133206
2021-07-19,50.20000076293945,50.5,50.099998474121094,50.400001525878906,137000
2021-07-20,50.20000076293945,50.29999923706055,50.0,50.20000076293945,131000
2021-07-21,50.29999923706055,50.400001525878906,50.099998474121094,50.099998474121094,159050
2021-07-22,50.29999923706055,50.5,50.20000076293945,50.29999923706055,108100
2021-07-23,50.29999923706055,51.5,50.29999923706055,51.5,736538
2021-07-26,52.099998474121094,52.79999923706055,52.0,52.400001525878906,961418
2021-07-27,52.5,52.70000076293945,51.79999923706055,52.0,529007
2021-07-28,52.099998474121094,52.099998474121094,50.70000076293945,51.599998474121094,378101
2021-07-29,51.79999923706055,51.900001525878906,51.5,51.79999923706055,279247
2021-07-30,51.900001525878906,52.099998474121094,51.79999923706055,51.900001525878906,306120
2021-08-02,52.5,52.5,51.900001525878906,52.20000076293945,360308
2021-08-03,52.29999923706055,52.29999923706055,51.79999923706055,51.900001525878906,548595
2021-08-04,51.79999923706055,52.0,51.79999923706055,51.900001525878906,843745
2021-08-05,51.79999923706055,51.79999923706055,51.29999923706055,51.5,1572432
2021-08-06,45.79999923706055,45.79999923706055,44.0,44.20000076293945,1202902
2021-08-09,44.0,44.0,41.54999923706055,41.650001525878906,700040
2021-08-10,41.650001525878906,41.70000076293945,40.5,40.5,413113
2021-08-11,40.04999923706055,41.5,40.0,40.29999923706055,235012
2021-08-12,40.25,40.54999923706055,40.25,40.5,82020
2021-08-13,40.349998474121094,40.599998474121094,40.099998474121094,40.29999923706055,101000
2021-08-16,40.25,40.25,39.20000076293945,39.25,249089
2021-08-17,39.25,39.25,39.25,39.25,0
2021-08-18,38.5,38.599998474121094,37.400001525878906,38.599998474121094,235000
2021-08-19,38.5,38.5,37.5,37.75,149100
2021-08-20,37.54999923706055,37.54999923706055,36.70000076293945,37.29999923706055,196880
2021-08-23,37.900001525878906,38.5,37.75,38.45000076293945,152500
2021-08-24,38.599998474121094,38.70000076293945,38.5,38.650001525878906,72300
2021-08-25,38.650001525878906,38.650001525878906,38.099998474121094,38.54999923706055,80185
2021-08-26,38.5,38.5,38.29999923706055,38.29999923706055,78000
2021-08-27,38.29999923706055,39.400001525878906,38.29999923706055,39.400001525878906,106166
2021-08-30,40.20000076293945,40.20000076293945,39.75,39.95000076293945,87200
2021-08-31,40.0,40.20000076293945,39.79999923706055,39.900001525878906,46000
2021-09-01,40.0,40.650001525878906,39.900001525878906,40.45000076293945,96038
2021-09-02,40.45000076293945,40.5,40.0,40.04999923706055,46063
2021-09-03,40.099998474121094,40.54999923706055,40.0,40.400001525878906,59050
2021-09-06,41.20000076293945,41.5,40.5,41.0,121077
2021-09-07,41.04999923706055,41.400001525878906,40.75,41.29999923706055,85000
2021-09-08,41.29999923706055,41.29999923706055,40.650001525878906,40.95000076293945,61002
2021-09-09,40.5,41.29999923706055,40.29999923706055,41.25,89230
2021-09-10,41.29999923706055,41.400001525878906,40.79999923706055,41.20000076293945,48050
2021-09-13,41.099998474121094,41.5,41.099998474121094,41.45000076293945,80667
2021-09-14,41.45000076293945,41.75,41.20000076293945,41.45000076293945,134013
2021-09-15,41.70000076293945,41.75,41.400001525878906,41.75,56000
2021-09-16,41.70000076293945,41.79999923706055,41.349998474121094,41.54999923706055,56032
2021-09-17,41.54999923706055,41.54999923706055,41.0,41.0,41000
2021-09-22,40.5,40.5,39.70000076293945,39.79999923706055,138050
2021-09-23,39.900001525878906,40.0,39.70000076293945,39.849998474121094,55251
2021-09-24,39.900001525878906,40.0,39.79999923706055,39.79999923706055,32000
2021-09-27,40.0,40.099998474121094,39.79999923706055,39.79999923706055,40126
2021-09-28,39.75,39.900001525878906,39.5,39.849998474121094,61000
2021-09-29,39.75,39.79999923706055,39.0,39.25,133020
2021-09-30,39.5,39.54999923706055,39.25,39.25,37000
2021-10-01,39.0,39.349998474121094,38.79999923706055,38.79999923706055,223000
2021-10-04,38.79999923706055,39.20000076293945,38.0,38.0,102666
2021-10-05,38.0,38.0,37.400001525878906,37.79999923706055,112011
2021-10-06,37.79999923706055,38.0,37.79999923706055,37.900001525878906,57001
2021-10-07,38.0,39.79999923706055,38.0,39.20000076293945,63000
2021-10-08,39.0,39.70000076293945,39.0,39.0,13000
2021-10-12,39.0,39.349998474121094,38.400001525878906,39.0,88000
2021-10-13,39.20000076293945,39.20000076293945,38.599998474121094,38.70000076293945,44000
2021-10-14,38.70000076293945,38.70000076293945,38.400001525878906,38.45000076293945,34000
2021-10-15,38.599998474121094,38.900001525878906,38.5,38.5,60000
2021-10-18,38.5,38.599998474121094,38.5,38.54999923706055,41000
2021-10-19,39.0,39.0,38.70000076293945,38.75,61130
2021-10-20,38.75,38.75,38.599998474121094,38.75,32000
2021-10-21,38.75,38.79999923706055,38.5,38.599998474121094,52000
2021-10-22,38.599998474121094,38.650001525878906,38.45000076293945,38.54999923706055,52510
2021-10-25,38.849998474121094,39.25,38.599998474121094,38.70000076293945,50000
2021-10-26,38.70000076293945,39.5,38.599998474121094,38.599998474121094,71006
2021-10-27,38.650001525878906,38.79999923706055,38.54999923706055,38.70000076293945,43055
2021-10-28,38.599998474121094,38.900001525878906,38.599998474121094,38.900001525878906,35010
2021-10-29,38.900001525878906,38.900001525878906,38.70000076293945,38.70000076293945,34000
2021-11-01,38.75,38.75,38.54999923706055,38.650001525878906,44001
2021-11-02,38.79999923706055,39.099998474121094,38.54999923706055,38.79999923706055,141200
2021-11-03,38.79999923706055,39.349998474121094,38.79999923706055,38.79999923706055,52000
2021-11-04,39.0,39.0,38.70000076293945,38.95000076293945,51020
2021-11-05,39.04999923706055,39.04999923706055,38.599998474121094,38.95000076293945,29000
2021-11-08,39.04999923706055,39.04999923706055,38.79999923706055,38.900001525878906,38000
2021-11-09,38.900001525878906,38.95000076293945,38.70000076293945,38.849998474121094,111000
2021-11-10,38.70000076293945,38.900001525878906,38.70000076293945,38.849998474121094,66000
2021-11-11,38.75,38.95000076293945,38.75,38.79999923706055,43000
2021-11-12,38.79999923706055,38.79999923706055,38.5,38.70000076293945,47000
2021-11-15,38.70000076293945,38.95000076293945,38.5,38.599998474121094,144006
2021-11-16,38.599998474121094,38.650001525878906,38.54999923706055,38.599998474121094,51000
2021-11-17,38.599998474121094,38.75,38.20000076293945,38.599998474121094,95064
2021-11-18,38.79999923706055,38.79999923706055,38.599998474121094,38.650001525878906,60347
2021-11-19,38.70000076293945,39.0,38.70000076293945,38.849998474121094,84123
2021-11-22,38.900001525878906,39.099998474121094,38.900001525878906,38.900001525878906,49500
2021-11-23,38.900001525878906,39.20000076293945,38.79999923706055,38.900001525878906,32000
2021-11-24,38.79999923706055,38.900001525878906,38.599998474121094,38.70000076293945,35000
2021-11-25,38.70000076293945,38.70000076293945,38.400001525878906,38.5,61000
2021-11-26,38.5,38.849998474121094,38.45000076293945,38.599998474121094,61005
2021-11-29,38.5,38.5,38.0,38.099998474121094,72050
2021-11-30,38.04999923706055,38.20000076293945,38.0,38.0,73000
2021-12-01,38.0,38.04999923706055,37.900001525878906,38.0,47000
2021-12-02,38.099998474121094,38.20000076293945,38.0,38.099998474121094,41000
2021-12-03,38.099998474121094,38.20000076293945,38.0,38.0,97000
2021-12-06,38.0,38.20000076293945,37.95000076293945,37.95000076293945,44000
2021-12-07,38.0,38.099998474121094,37.95000076293945,37.95000076293945,36126
2021-12-08,37.95000076293945,38.0,37.95000076293945,37.95000076293945,44000
2021-12-09,38.150001525878906,38.20000076293945,38.0,38.099998474121094,36000
2021-12-10,38.099998474121094,38.099998474121094,37.95000076293945,38.099998474121094,44000
2021-12-13,38.0,38.099998474121094,38.0,38.0,35400
2021-12-14,38.0,38.0,37.849998474121094,38.0,39011
2021-12-15,38.0,38.0,37.900001525878906,37.95000076293945,28348
2021-12-16,37.95000076293945,38.04999923706055,37.95000076293945,37.95000076293945,50100
2021-12-17,37.95000076293945,37.95000076293945,37.900001525878906,37.900001525878906,33000
2021-12-20,37.900001525878906,37.900001525878906,37.79999923706055,37.849998474121094,42100
2021-12-21,37.849998474121094,37.849998474121094,37.599998474121094,37.70000076293945,67000
2021-12-22,37.79999923706055,38.0,37.75,37.900001525878906,45000
2021-12-23,37.95000076293945,38.20000076293945,37.95000076293945,38.0,10000
2021-12-24,38.04999923706055,38.04999923706055,37.95000076293945,38.0,19000
2021-12-27,38.0,38.0,37.95000076293945,37.95000076293945,24000
2021-12-28,38.0,38.099998474121094,38.0,38.0,30000
2021-12-29,38.0,38.099998474121094,38.0,38.099998474121094,32000
2021-12-30,38.20000076293945,38.20000076293945,38.0,38.04999923706055,44200
2022-01-03,38.04999923706055,38.099998474121094,37.849998474121094,38.0,47512
2022-01-04,38.0,38.04999923706055,37.900001525878906,37.95000076293945,36000
2022-01-05,37.95000076293945,38.099998474121094,37.95000076293945,38.0,38040
2022-01-06,38.0,38.0,37.900001525878906,37.95000076293945,27000
2022-01-07,37.95000076293945,38.0,37.900001525878906,37.900001525878906,33360
2022-01-10,38.0,38.099998474121094,37.95000076293945,38.04999923706055,39000
2022-01-11,38.099998474121094,38.25,38.0,38.0,33000
2022-01-12,38.04999923706055,38.04999923706055,37.900001525878906,38.0,26000
2022-01-13,37.95000076293945,38.0,37.849998474121094,37.900001525878906,50500
2022-01-14,37.900001525878906,37.900001525878906,37.79999923706055,37.900001525878906,39000
2022-01-17,37.79999923706055,38.0,37.79999923706055,38.0,22000
2022-01-18,37.849998474121094,38.0,37.849998474121094,37.95000076293945,22100
2022-01-19,37.900001525878906,38.099998474121094,37.849998474121094,37.95000076293945,57000
2022-01-20,37.95000076293945,38.0,37.95000076293945,37.95000076293945,36100
2022-01-21,37.900001525878906,38.20000076293945,37.849998474121094,37.95000076293945,36000
2022-01-24,37.95000076293945,37.95000076293945,37.849998474121094,37.900001525878906,84000
2022-01-25,37.849998474121094,37.849998474121094,37.70000076293945,37.75,60000
2022-01-26,37.70000076293945,37.75,37.70000076293945,37.70000076293945,72000
2022-02-07,38.0,38.0,37.79999923706055,38.0,42003
2022-02-08,38.0,38.150001525878906,37.900001525878906,38.0,35060
2022-02-09,38.04999923706055,38.04999923706055,37.95000076293945,37.95000076293945,43715
2022-02-10,37.95000076293945,38.04999923706055,37.900001525878906,37.95000076293945,38000
2022-02-11,37.900001525878906,38.0,37.900001525878906,37.95000076293945,36000
2022-02-14,37.95000076293945,37.95000076293945,37.849998474121094,37.849998474121094,40000
2022-02-15,37.849998474121094,38.0,37.849998474121094,38.0,22400
2022-02-16,38.0,38.0,37.900001525878906,37.900001525878906,47464
2022-02-17,37.900001525878906,38.0,37.849998474121094,37.900001525878906,28160
2022-02-18,37.900001525878906,37.900001525878906,37.79999923706055,37.849998474121094,26000
2022-02-21,37.849998474121094,37.900001525878906,37.75,37.79999923706055,52129
2022-02-22,37.75,37.79999923706055,37.650001525878906,37.79999923706055,74000
2022-02-23,37.79999923706055,37.79999923706055,37.70000076293945,37.70000076293945,40000
2022-02-24,37.650001525878906,37.650001525878906,37.54999923706055,37.599998474121094,54000
2022-02-25,37.599998474121094,37.599998474121094,37.45000076293945,37.45000076293945,98000
2022-03-01,37.45000076293945,37.5,37.400001525878906,37.5,75248
2022-03-02,37.5,37.54999923706055,37.45000076293945,37.5,79000
2022-03-03,37.5,37.5,37.45000076293945,37.5,50000
2022-03-04,37.45000076293945,37.54999923706055,37.45000076293945,37.54999923706055,27000
2022-03-07,37.5,37.5,36.900001525878906,36.900001525878906,187133
2022-03-08,36.900001525878906,36.900001525878906,36.20000076293945,36.45000076293945,145000
2022-03-09,36.45000076293945,36.650001525878906,36.400001525878906,36.650001525878906,22000
2022-03-10,36.650001525878906,36.650001525878906,36.5,36.599998474121094,51000
2022-03-11,36.599998474121094,37.75,36.5,37.75,49015
2022-03-14,37.599998474121094,37.599998474121094,37.04999923706055,37.20000076293945,43126
2022-03-15,37.04999923706055,37.04999923706055,36.79999923706055,36.900001525878906,51000
2022-03-16,36.79999923706055,36.849998474121094,36.599998474121094,36.599998474121094,39002
2022-03-17,36.900001525878906,37.54999923706055,36.70000076293945,36.849998474121094,55100
2022-03-18,36.849998474121094,37.0,36.849998474121094,36.849998474121094,12000
2022-03-21,36.79999923706055,36.849998474121094,36.75,36.849998474121094,20300
2022-03-22,36.95000076293945,36.95000076293945,36.849998474121094,36.849998474121094,19000
2022-03-23,36.79999923706055,37.150001525878906,36.79999923706055,36.95000076293945,29000
2022-03-24,36.95000076293945,36.95000076293945,36.79999923706055,36.849998474121094,30036
2022-03-25,36.849998474121094,36.849998474121094,36.75,36.75,20050
2022-03-28,36.75,36.75,36.70000076293945,36.70000076293945,17030
2022-03-29,37.54999923706055,37.54999923706055,36.900001525878906,36.900001525878906,12300
2022-03-30,37.0,37.0,36.900001525878906,36.95000076293945,32000
2022-03-31,37.0,37.0,36.900001525878906,36.900001525878906,25200
2022-04-01,36.79999923706055,37.0,36.599998474121094,36.849998474121094,19002
2022-04-06,36.900001525878906,36.900001525878906,36.849998474121094,36.849998474121094,18028
2022-04-07,36.79999923706055,36.79999923706055,36.45000076293945,36.70000076293945,33000
2022-04-08,36.650001525878906,36.70000076293945,36.54999923706055,36.54999923706055,20400
2022-04-11,36.45000076293945,36.45000076293945,36.0,36.29999923706055,75000
2022-04-12,36.04999923706055,36.29999923706055,36.0,36.29999923706055,29000
2022-04-13,36.29999923706055,36.70000076293945,36.20000076293945,36.400001525878906,102000
2022-04-14,36.400001525878906,36.54999923706055,36.0,36.5,57000
2022-04-15,36.5,36.5,36.099998474121094,36.349998474121094,14100
2022-04-18,36.099998474121094,36.099998474121094,36.0,36.0,23000
2022-04-19,36.04999923706055,36.04999923706055,35.5,35.70000076293945,64000
2022-04-20,35.349998474121094,35.79999923706055,35.29999923706055,35.400001525878906,19015
2022-04-21,35.400001525878906,35.54999923706055,35.400001525878906,35.54999923706055,17000
2022-04-22,35.54999923706055,35.54999923706055,35.29999923706055,35.400001525878906,28000
2022-04-25,35.54999923706055,35.54999923706055,34.5,35.29999923706055,45000
2022-04-26,35.25,35.25,34.70000076293945,34.79999923706055,27018
2022-04-27,34.25,34.25,33.79999923706055,33.95000076293945,74000
2022-04-28,33.599998474121094,33.849998474121094,33.599998474121094,33.79999923706055,26000
2022-04-29,33.75,34.0,33.75,33.849998474121094,9538
2022-05-03,33.849998474121094,34.150001525878906,33.849998474121094,34.150001525878906,14179
2022-05-04,34.20000076293945,34.20000076293945,33.79999923706055,34.0,37050
2022-05-05,34.099998474121094,34.29999923706055,34.04999923706055,34.25,30182
2022-05-06,34.0,34.0,33.900001525878906,33.900001525878906,20000
2022-05-09,33.900001525878906,33.95000076293945,33.900001525878906,33.95000076293945,12000
2022-05-10,34.0,34.099998474121094,32.95000076293945,33.5,36333
2022-05-11,33.45000076293945,33.900001525878906,33.25,33.900001525878906,22000
2022-05-12,33.29999923706055,33.349998474121094,33.150001525878906,33.150001525878906,47001
2022-05-13,32.599998474121094,32.79999923706055,32.400001525878906,32.54999923706055,71001
2022-05-16,32.599998474121094,33.25,32.5,32.54999923706055,39260
2022-05-17,32.04999923706055,32.45000076293945,32.04999923706055,32.45000076293945,24501
2022-05-18,32.20000076293945,32.45000076293945,32.20000076293945,32.400001525878906,26135
2022-05-19,32.29999923706055,32.400001525878906,32.20000076293945,32.20000076293945,16105
2022-05-20,32.29999923706055,32.45000076293945,32.099998474121094,32.400001525878906,25000
2022-05-23,32.400001525878906,32.54999923706055,32.400001525878906,32.54999923706055,11000
2022-05-24,32.650001525878906,32.650001525878906,32.25,32.25,19000
2022-05-25,32.150001525878906,32.349998474121094,32.099998474121094,32.349998474121094,16000
2022-05-26,32.20000076293945,32.400001525878906,32.20000076293945,32.400001525878906,7000
2022-05-27,32.5,32.650001525878906,32.45000076293945,32.45000076293945,15000
2022-05-30,32.650001525878906,32.650001525878906,32.400001525878906,32.400001525878906,11004
2022-05-31,32.5,32.54999923706055,32.349998474121094,32.54999923706055,18666
2022-06-01,32.54999923706055,32.95000076293945,32.20000076293945,32.650001525878906,49020
2022-06-02,32.900001525878906,32.95000076293945,32.79999923706055,32.79999923706055,14000
2022-06-06,33.0,33.0,32.900001525878906,33.0,14000
2022-06-07,33.0,33.0,32.75,32.75,25080
2022-06-08,32.75,33.0,32.75,32.849998474121094,16095
2022-06-09,32.95000076293945,32.95000076293945,32.849998474121094,32.849998474121094,27606
2022-06-10,32.849998474121094,32.849998474121094,32.75,32.849998474121094,10000
2022-06-13,32.099998474121094,32.349998474121094,32.099998474121094,32.25,18000
2022-06-14,33.349998474121094,33.349998474121094,32.04999923706055,32.04999923706055,21000
2022-06-15,32.099998474121094,32.29999923706055,32.0,32.29999923706055,26461
2022-06-16,32.29999923706055,32.400001525878906,32.29999923706055,32.400001525878906,11000
2022-06-17,32.70000076293945,33.400001525878906,32.349998474121094,32.45000076293945,32000
2022-06-20,32.29999923706055,32.29999923706055,31.549999237060547,32.25,51000
2022-06-21,32.25,32.29999923706055,31.799999237060547,32.29999923706055,18197
2022-06-22,32.04999923706055,32.04999923706055,32.0,32.0,10000
2022-06-23,32.0,32.0,31.399999618530273,31.899999618530273,34000
2022-06-24,32.0,32.0,31.799999237060547,31.899999618530273,24000
2022-06-27,31.899999618530273,32.099998474121094,31.75,32.099998474121094,34000
2022-06-28,32.04999923706055,32.150001525878906,31.950000762939453,31.950000762939453,16000
2022-06-29,31.950000762939453,31.950000762939453,31.600000381469727,31.649999618530273,21045
2022-06-30,31.649999618530273,31.649999618530273,31.100000381469727,31.200000762939453,18000
2022-07-01,31.049999237060547,31.049999237060547,30.0,30.100000381469727,151000
2022-07-04,30.0,30.200000762939453,29.899999618530273,30.049999237060547,36687
2022-07-05,30.049999237060547,30.700000762939453,30.049999237060547,30.350000381469727,196139
2022-07-06,28.299999237060547,28.649999618530273,28.049999237060547,28.399999618530273,140000
2022-07-07,28.399999618530273,28.649999618530273,28.049999237060547,28.350000381469727,97000
2022-07-08,28.350000381469727,28.649999618530273,28.350000381469727,28.5,36000
2022-07-11,28.600000381469727,28.75,28.299999237060547,28.549999237060547,11500
2022-07-12,28.549999237060547,28.549999237060547,28.049999237060547,28.049999237060547,85076
2022-07-13,28.299999237060547,28.399999618530273,28.100000381469727,28.149999618530273,14000
2022-07-14,28.399999618530273,28.600000381469727,28.399999618530273,28.399999618530273,24000
2022-07-15,28.700000762939453,28.700000762939453,28.25,28.25,18000
2022-07-18,28.25,28.25,28.149999618530273,28.200000762939453,19000
2022-07-19,28.299999237060547,28.450000762939453,28.299999237060547,28.450000762939453,18000
2022-07-20,28.5,28.549999237060547,28.350000381469727,28.350000381469727,26000
2022-07-21,28.350000381469727,28.5,28.350000381469727,28.5,11000
2022-07-22,28.5,28.5,28.299999237060547,28.5,10000
2022-07-25,28.5,28.700000762939453,28.399999618530273,28.549999237060547,16000
2022-07-26,28.799999237060547,28.850000381469727,28.5,28.850000381469727,27100
2022-07-27,28.899999618530273,28.899999618530273,28.700000762939453,28.850000381469727,10000
2022-07-28,28.950000762939453,28.950000762939453,28.75,28.799999237060547,12000
2022-07-29,28.899999618530273,29.5,28.700000762939453,29.450000762939453,32202
2022-08-01,29.399999618530273,29.399999618530273,29.350000381469727,29.350000381469727,14000
2022-08-02,29.350000381469727,29.700000762939453,29.149999618530273,29.450000762939453,38000
2022-08-03,29.450000762939453,29.75,29.299999237060547,29.450000762939453,33000
2022-08-04,30.049999237060547,30.049999237060547,29.450000762939453,29.649999618530273,8000
2022-08-05,29.600000381469727,30.0,29.5,29.549999237060547,18000
2022-08-08,29.200000762939453,29.450000762939453,28.700000762939453,29.450000762939453,26000
2022-08-09,28.850000381469727,29.200000762939453,28.799999237060547,29.200000762939453,15000
2022-08-10,28.899999618530273,29.200000762939453,28.700000762939453,29.149999618530273,52417
2022-08-11,29.950000762939453,29.950000762939453,29.200000762939453,29.5,117000
2022-08-12,29.200000762939453,29.25,29.0,29.25,87000
2022-08-15,29.25,29.850000381469727,29.200000762939453,29.5,245000
2022-08-16,29.5,29.549999237060547,29.5,29.549999237060547,223000
2022-08-17,29.649999618530273,29.649999618530273,29.299999237060547,29.399999618530273,241000
2022-08-18,29.200000762939453,29.5,29.049999237060547,29.5,213080
2022-08-19,29.5,29.5,29.399999618530273,29.5,196050
2022-08-22,29.5,30.0,29.5,30.0,10000
2022-08-23,30.049999237060547,30.049999237060547,29.649999618530273,29.700000762939453,14000
2022-08-24,30.0,30.0,29.700000762939453,29.700000762939453,4000
2022-08-25,29.5,29.950000762939453,29.0,29.899999618530273,18000
2022-08-26,30.0,30.350000381469727,29.850000381469727,30.200000762939453,23079
2022-08-29,30.200000762939453,30.299999237060547,30.0,30.299999237060547,35000
2022-08-30,30.049999237060547,30.799999237060547,30.049999237060547,30.700000762939453,33200
2022-08-31,30.200000762939453,30.950000762939453,30.100000381469727,30.950000762939453,33000
2022-09-01,30.850000381469727,31.799999237060547,30.850000381469727,31.700000762939453,72238
2022-09-02,31.700000762939453,32.04999923706055,31.450000762939453,31.5,78000
2022-09-05,30.950000762939453,31.0,30.799999237060547,30.799999237060547,18000
2022-09-06,31.25,31.25,30.899999618530273,30.899999618530273,8000
2022-09-07,31.0,31.0,29.850000381469727,30.450000762939453,24000
2022-09-08,30.450000762939453,30.450000762939453,30.299999237060547,30.299999237060547,12082
2022-09-12,30.100000381469727,30.299999237060547,30.100000381469727,30.100000381469727,18000
2022-09-13,30.100000381469727,30.399999618530273,30.100000381469727,30.149999618530273,9213
2022-09-14,30.149999618530273,30.149999618530273,30.0,30.0,10153
2022-09-15,30.0,32.0,30.0,30.950000762939453,40230
2022-09-16,30.399999618530273,30.700000762939453,30.200000762939453,30.700000762939453,15050
2022-09-19,30.700000762939453,31.049999237060547,30.5,30.75,64000
2022-09-20,30.75,30.799999237060547,30.700000762939453,30.799999237060547,19000
2022-09-21,30.899999618530273,31.0,30.799999237060547,30.799999237060547,36100
2022-09-22,30.200000762939453,30.299999237060547,30.200000762939453,30.299999237060547,7000
2022-09-23,30.600000381469727,30.600000381469727,30.049999237060547,30.049999237060547,19000
2022-09-26,30.649999618530273,30.649999618530273,29.649999618530273,29.850000381469727,37000
2022-09-27,29.850000381469727,30.0,29.200000762939453,30.0,126000
2022-09-28,30.0,30.0,29.549999237060547,29.799999237060547,17020
2022-09-29,29.549999237060547,29.700000762939453,29.5,29.549999237060547,28000
2022-09-30,29.5,29.549999237060547,29.200000762939453,29.399999618530273,20000
2022-10-03,29.399999618530273,29.399999618530273,29.200000762939453,29.399999618530273,8000
2022-10-04,29.5,29.5,29.100000381469727,29.200000762939453,56163
2022-10-05,29.200000762939453,29.649999618530273,29.200000762939453,29.200000762939453,27008
2022-10-06,29.799999237060547,29.799999237060547,29.200000762939453,29.25,13000
2022-10-07,29.299999237060547,29.549999237060547,29.200000762939453,29.5,12300
2022-10-11,29.200000762939453,29.950000762939453,28.799999237060547,29.299999237060547,37000
2022-10-12,29.299999237060547,29.299999237060547,29.149999618530273,29.299999237060547,11000
2022-10-13,29.299999237060547,29.399999618530273,28.399999618530273,29.299999237060547,43010
2022-10-14,29.299999237060547,30.0,28.799999237060547,29.299999237060547,41000
2022-10-17,30.0,30.0,29.200000762939453,29.350000381469727,14000
2022-10-18,29.75,29.75,29.100000381469727,29.100000381469727,36020
2022-10-19,29.100000381469727,29.100000381469727,28.950000762939453,28.950000762939453,15000
2022-10-20,29.450000762939453,29.450000762939453,29.0,29.25,16000
2022-10-21,29.899999618530273,29.899999618530273,29.049999237060547,29.149999618530273,18000
2022-10-24,29.149999618530273,29.75,29.049999237060547,29.75,20500
2022-10-25,29.75,29.899999618530273,29.299999237060547,29.799999237060547,26100
2022-10-26,29.950000762939453,29.950000762939453,29.549999237060547,29.899999618530273,24000
2022-10-27,29.899999618530273,29.899999618530273,29.600000381469727,29.850000381469727,5000
2022-10-28,30.0,30.850000381469727,29.799999237060547,29.850000381469727,14000
2022-10-31,30.0,30.0,29.950000762939453,29.950000762939453,9000
2022-11-01,30.0,30.0,29.75,29.75,6005
2022-11-02,29.399999618530273,30.0,29.399999618530273,30.0,7000
2022-11-03,30.25,30.25,29.700000762939453,29.950000762939453,4667
2022-11-04,29.799999237060547,29.799999237060547,29.799999237060547,29.799999237060547,4000
2022-11-07,30.100000381469727,30.100000381469727,29.899999618530273,30.0,25566
2022-11-08,30.0,30.0,29.5,29.950000762939453,7000
2022-11-09,29.950000762939453,29.950000762939453,29.950000762939453,29.950000762939453,2000
2022-11-10,29.950000762939453,30.0,29.950000762939453,30.0,11000
2022-11-11,30.0,30.0,29.950000762939453,29.950000762939453,17000
2022-11-14,29.899999618530273,29.899999618530273,29.399999618530273,29.899999618530273,7000
2022-11-15,30.200000762939453,30.200000762939453,29.799999237060547,30.0,11000
2022-11-16,29.5,29.700000762939453,29.5,29.600000381469727,15804
2022-11-17,29.600000381469727,29.950000762939453,29.600000381469727,29.649999618530273,10000
2022-11-18,29.700000762939453,29.700000762939453,29.600000381469727,29.700000762939453,10000
2022-11-21,29.600000381469727,30.049999237060547,29.600000381469727,30.0,9039
2022-11-22,30.0,30.0,29.799999237060547,29.799999237060547,7000
2022-11-23,29.5,29.799999237060547,28.299999237060547,29.399999618530273,61500
2022-11-24,29.600000381469727,29.850000381469727,29.600000381469727,29.850000381469727,19625
2022-11-25,29.799999237060547,29.799999237060547,29.75,29.799999237060547,5000
2022-11-28,29.899999618530273,29.899999618530273,29.549999237060547,29.549999237060547,13000
2022-11-29,29.600000381469727,29.600000381469727,29.0,29.5,18010
2022-11-30,29.899999618530273,29.899999618530273,29.5,29.899999618530273,7000
2022-12-01,29.799999237060547,29.899999618530273,29.75,29.850000381469727,20000
2022-12-02,29.899999618530273,30.0,29.899999618530273,30.0,12000
2022-12-05,30.0,30.100000381469727,30.0,30.100000381469727,49024
2022-12-06,30.100000381469727,30.100000381469727,30.0,30.049999237060547,6156
2022-12-07,30.100000381469727,30.100000381469727,29.600000381469727,29.649999618530273,8000
2022-12-08,29.649999618530273,29.700000762939453,29.649999618530273,29.649999618530273,6033
2022-12-09,29.799999237060547,30.149999618530273,29.799999237060547,29.799999237060547,8000
2022-12-12,29.850000381469727,30.0,29.799999237060547,29.799999237060547,12000
2022-12-13,30.049999237060547,30.049999237060547,29.799999237060547,30.049999237060547,10504
2022-12-14,30.049999237060547,30.049999237060547,29.75,30.0,7210
2022-12-15,30.049999237060547,30.049999237060547,29.950000762939453,29.950000762939453,19000
2022-12-16,29.799999237060547,29.799999237060547,29.700000762939453,29.700000762939453,27050
2022-12-19,30.0,30.049999237060547,29.850000381469727,29.850000381469727,12000
2022-12-20,29.700000762939453,29.700000762939453,29.5,29.5,8020
2022-12-21,29.399999618530273,29.899999618530273,29.299999237060547,29.450000762939453,11050
2022-12-22,29.5,29.5,29.5,29.5,4050
2022-12-23,29.75,29.799999237060547,29.5,29.799999237060547,5000
2022-12-26,29.5,29.950000762939453,29.5,29.950000762939453,2650
2022-12-27,29.850000381469727,29.899999618530273,29.75,29.75,20205
2022-12-28,29.75,29.75,29.5,29.549999237060547,9000
2022-12-29,29.600000381469727,29.600000381469727,29.149999618530273,29.350000381469727,11000
2022-12-30,29.399999618530273,29.399999618530273,29.299999237060547,29.350000381469727,13050
2023-01-03,29.200000762939453,29.350000381469727,29.200000762939453,29.350000381469727,6000
2023-01-04,29.200000762939453,29.25,29.200000762939453,29.25,6166
2023-01-05,29.25,29.549999237060547,29.25,29.299999237060547,29250
2023-01-06,29.25,30.0,29.200000762939453,29.899999618530273,35012
2023-01-09,30.049999237060547,30.049999237060547,29.899999618530273,30.0,11083
2023-01-10,30.0,30.0,29.450000762939453,29.899999618530273,10432
2023-01-11,29.799999237060547,29.799999237060547,29.700000762939453,29.700000762939453,3000
2023-01-12,29.899999618530273,29.899999618530273,29.600000381469727,29.700000762939453,11000
2023-01-13,29.700000762939453,29.75,29.5,29.75,9000
2023-01-16,29.700000762939453,29.700000762939453,29.5,29.5,11000
2023-01-17,29.5,29.899999618530273,29.25,29.299999237060547,40000
2023-01-30,29.850000381469727,29.850000381469727,29.450000762939453,29.450000762939453,23000
2023-01-31,29.299999237060547,29.600000381469727,29.299999237060547,29.450000762939453,9100
2023-02-01,29.600000381469727,29.700000762939453,29.600000381469727,29.700000762939453,11000
2023-02-02,29.700000762939453,29.799999237060547,29.600000381469727,29.700000762939453,31050
2023-02-03,29.700000762939453,29.799999237060547,29.299999237060547,29.75,43020
2023-02-06,29.950000762939453,29.950000762939453,29.600000381469727,29.700000762939453,13000
2023-02-07,29.700000762939453,29.75,29.549999237060547,29.75,8001
2023-02-08,29.799999237060547,29.850000381469727,29.649999618530273,29.700000762939453,23081
2023-02-09,29.700000762939453,29.899999618530273,29.700000762939453,29.700000762939453,21427
2023-02-10,29.649999618530273,29.899999618530273,29.649999618530273,29.799999237060547,6000
2023-02-13,29.950000762939453,29.950000762939453,29.799999237060547,29.799999237060547,27000
2023-02-14,29.799999237060547,30.0,29.799999237060547,30.0,28000
2023-02-15,30.0,30.0,29.799999237060547,29.899999618530273,17000
2023-02-16,29.899999618530273,30.0,29.850000381469727,30.0,10166
2023-02-17,29.899999618530273,30.0,29.799999237060547,30.0,33000
2023-02-20,30.0,30.299999237060547,30.0,30.149999618530273,28000
2023-02-21,30.200000762939453,31.5,30.149999618530273,31.299999237060547,81415
2023-02-22,31.5,32.099998474121094,31.100000381469727,31.5,102000
2023-02-23,31.799999237060547,32.79999923706055,31.799999237060547,32.099998474121094,51010
2023-02-24,32.25,32.75,31.700000762939453,32.04999923706055,57000
2023-03-01,32.29999923706055,32.29999923706055,31.799999237060547,31.899999618530273,14000
2023-03-02,31.799999237060547,31.850000381469727,31.700000762939453,31.75,14000
2023-03-03,31.799999237060547,32.599998474121094,31.5,31.75,36212
2023-03-06,31.75,32.5,31.75,31.799999237060547,46000
2023-03-07,31.799999237060547,32.0,31.700000762939453,31.950000762939453,66005
2023-03-08,31.950000762939453,32.400001525878906,31.600000381469727,31.950000762939453,16000
2023-03-09,32.29999923706055,32.5,32.20000076293945,32.20000076293945,121011
2023-03-10,32.20000076293945,32.29999923706055,31.75,32.0,38050
2023-03-13,32.0,32.0,31.200000762939453,31.5,59000
2023-03-14,31.5,31.5,31.100000381469727,31.25,18006
2023-03-15,31.350000381469727,31.5,31.25,31.299999237060547,22000
2023-03-16,31.299999237060547,31.299999237060547,31.0,31.200000762939453,8000
2023-03-17,31.0,31.299999237060547,31.0,31.25,14139
2023-03-20,31.200000762939453,31.600000381469727,31.200000762939453,31.600000381469727,13288
2023-03-21,31.600000381469727,31.700000762939453,31.5,31.5,18000
2023-03-22,31.549999237060547,31.899999618530273,31.5,31.899999618530273,13790
2023-03-23,31.600000381469727,32.0,31.5,31.950000762939453,36295
2023-03-24,31.799999237060547,32.0,31.799999237060547,32.0,7050
2023-03-27,32.0,32.349998474121094,31.950000762939453,32.25,50000
2023-03-28,32.349998474121094,32.349998474121094,32.04999923706055,32.099998474121094,38000
2023-03-29,32.04999923706055,32.04999923706055,32.04999923706055,32.04999923706055,16100
2023-03-30,32.04999923706055,32.04999923706055,32.04999923706055,32.04999923706055,9000
2023-03-31,33.150001525878906,33.150001525878906,32.599998474121094,32.79999923706055,24350
2023-04-06,32.79999923706055,33.0,32.79999923706055,32.900001525878906,28000
2023-04-07,32.900001525878906,32.900001525878906,32.5,32.900001525878906,15035
2023-04-10,32.95000076293945,32.95000076293945,32.849998474121094,32.900001525878906,6000
2023-04-11,33.0,33.0,32.849998474121094,32.849998474121094,9000
2023-04-12,32.849998474121094,32.849998474121094,32.849998474121094,32.849998474121094,5000
2023-04-13,32.79999923706055,32.79999923706055,32.70000076293945,32.70000076293945,6000
2023-04-14,32.75,32.900001525878906,32.70000076293945,32.70000076293945,26000
2023-04-17,32.79999923706055,32.849998474121094,32.54999923706055,32.70000076293945,29005
2023-04-18,32.900001525878906,32.900001525878906,32.599998474121094,32.75,14000
2023-04-19,32.75,32.849998474121094,32.5,32.5,18124
2023-04-20,32.5,32.599998474121094,32.5,32.5,15000
2023-04-21,32.5,32.5,32.04999923706055,32.04999923706055,13030
2023-04-24,32.0,32.0,31.799999237060547,31.799999237060547,8050
2023-04-25,31.850000381469727,31.850000381469727,31.100000381469727,31.100000381469727,30005
2023-04-26,31.25,31.5,31.25,31.25,8000
2023-04-27,31.200000762939453,31.950000762939453,31.049999237060547,31.75,11000
2023-04-28,31.799999237060547,31.850000381469727,31.5,31.600000381469727,6080
2023-05-02,31.850000381469727,32.0,31.850000381469727,32.0,13000
2023-05-03,31.950000762939453,32.0,31.799999237060547,32.0,7000
2023-05-04,32.0,32.0,31.850000381469727,31.899999618530273,12000
2023-05-05,32.349998474121094,32.400001525878906,31.899999618530273,32.0,17000
2023-05-08,32.5,32.5,31.850000381469727,31.950000762939453,11496
2023-05-09,31.950000762939453,31.950000762939453,31.899999618530273,31.899999618530273,10000
2023-05-10,31.700000762939453,31.899999618530273,31.700000762939453,31.899999618530273,2513
2023-05-11,31.799999237060547,31.799999237060547,31.600000381469727,31.649999618530273,13000
2023-05-12,31.649999618530273,31.649999618530273,31.5,31.600000381469727,8000
2023-05-15,31.350000381469727,31.600000381469727,31.299999237060547,31.450000762939453,7000
2023-05-16,31.299999237060547,31.649999618530273,31.299999237060547,31.600000381469727,18000
2023-05-17,31.600000381469727,31.850000381469727,31.600000381469727,31.700000762939453,15000
2023-05-18,31.850000381469727,31.850000381469727,31.75,31.799999237060547,12000
2023-05-19,31.799999237060547,31.899999618530273,31.75,31.899999618530273,18000
2023-05-22,31.850000381469727,31.899999618530273,31.850000381469727,31.899999618530273,5000
2023-05-23,31.5,31.899999618530273,31.350000381469727,31.899999618530273,40000
2023-05-24,31.75,31.899999618530273,31.75,31.799999237060547,8000
2023-05-25,31.799999237060547,31.799999237060547,31.600000381469727,31.649999618530273,11005
2023-05-26,31.649999618530273,31.700000762939453,31.649999618530273,31.649999618530273,22400
2023-05-29,31.649999618530273,31.950000762939453,31.600000381469727,31.700000762939453,27000
2023-05-30,31.700000762939453,31.799999237060547,31.299999237060547,31.600000381469727,53000
2023-05-31,31.5,31.700000762939453,31.5,31.5,17000
2023-06-01,31.700000762939453,31.799999237060547,31.600000381469727,31.649999618530273,25180
2023-06-02,31.649999618530273,31.75,31.600000381469727,31.649999618530273,34000
2023-06-05,31.649999618530273,31.700000762939453,31.600000381469727,31.600000381469727,27000
2023-06-06,31.700000762939453,31.799999237060547,31.549999237060547,31.600000381469727,59000
2023-06-07,31.600000381469727,33.0,31.549999237060547,32.0,98000
2023-06-08,32.0,32.0,31.600000381469727,31.850000381469727,25306
2023-06-09,31.950000762939453,32.04999923706055,31.950000762939453,32.0,31066
2023-06-12,32.04999923706055,32.5,32.0,32.349998474121094,19398
2023-06-13,32.25,32.45000076293945,32.20000076293945,32.400001525878906,35000
2023-06-14,32.400001525878906,32.79999923706055,32.400001525878906,32.650001525878906,26000
2023-06-15,32.650001525878906,32.900001525878906,32.650001525878906,32.70000076293945,28000
2023-06-16,32.70000076293945,32.95000076293945,32.70000076293945,32.900001525878906,34506
2023-06-19,32.900001525878906,33.0,32.900001525878906,32.900001525878906,23020
2023-06-20,32.900001525878906,32.900001525878906,32.20000076293945,32.20000076293945,40000
2023-06-21,32.5,33.25,32.5,33.25,46082
2023-06-26,33.25,33.79999923706055,33.20000076293945,33.79999923706055,76021
2023-06-27,33.79999923706055,33.849998474121094,33.5,33.54999923706055,62000
2023-06-28,33.650001525878906,33.75,33.0,33.099998474121094,166002
2023-06-29,31.149999618530273,31.399999618530273,31.149999618530273,31.25,59000
2023-06-30,31.25,31.450000762939453,31.200000762939453,31.399999618530273,26000
2023-07-03,31.600000381469727,31.799999237060547,31.399999618530273,31.5,25081
2023-07-04,31.549999237060547,31.600000381469727,31.5,31.5,23000
2023-07-05,31.5,31.5,31.450000762939453,31.450000762939453,25000
2023-07-06,31.399999618530273,31.700000762939453,31.200000762939453,31.700000762939453,20000
2023-07-07,32.0,32.0,31.399999618530273,31.399999618530273,18484
2023-07-10,31.399999618530273,31.5,31.399999618530273,31.399999618530273,8000
2023-07-11,31.450000762939453,31.450000762939453,30.5,30.75,104000
2023-07-12,30.549999237060547,30.600000381469727,30.5,30.600000381469727,49000
2023-07-13,30.5,30.5,30.350000381469727,30.399999618530273,27639
2023-07-14,30.399999618530273,30.5,30.350000381469727,30.399999618530273,32096
2023-07-17,30.350000381469727,30.399999618530273,30.350000381469727,30.350000381469727,39249
2023-07-18,30.25,30.350000381469727,30.100000381469727,30.299999237060547,35000
2023-07-19,30.25,30.399999618530273,30.25,30.299999237060547,25015
2023-07-20,30.5,30.5,30.25,30.299999237060547,12000
2023-07-21,30.350000381469727,30.350000381469727,30.049999237060547,30.200000762939453,26000
2023-07-24,30.049999237060547,30.399999618530273,30.049999237060547,30.200000762939453,14035
2023-07-25,30.049999237060547,30.299999237060547,30.049999237060547,30.299999237060547,15010
2023-07-26,30.299999237060547,30.350000381469727,30.299999237060547,30.299999237060547,28000
2023-07-27,30.299999237060547,30.350000381469727,30.299999237060547,30.299999237060547,22383
2023-07-28,30.299999237060547,30.299999237060547,29.799999237060547,29.899999618530273,120804
2023-07-31,30.200000762939453,30.399999618530273,29.950000762939453,30.100000381469727,12290
2023-08-01,30.100000381469727,30.350000381469727,30.100000381469727,30.200000762939453,31123
2023-08-02,30.100000381469727,30.100000381469727,30.0,30.100000381469727,29000
2023-08-04,30.100000381469727,30.200000762939453,30.049999237060547,30.149999618530273,23000
2023-08-07,30.200000762939453,30.200000762939453,30.0,30.200000762939453,25000
2023-08-08,30.200000762939453,30.200000762939453,30.0,30.049999237060547,23000
2023-08-09,30.200000762939453,30.200000762939453,30.049999237060547,30.200000762939453,24000
2023-08-10,30.200000762939453,30.25,30.0,30.049999237060547,13363
2023-08-11,30.100000381469727,30.100000381469727,30.049999237060547,30.049999237060547,8626
2023-08-14,29.899999618530273,30.0,29.899999618530273,29.950000762939453,18000
2023-08-15,29.950000762939453,30.100000381469727,29.950000762939453,29.950000762939453,18900
2023-08-16,29.950000762939453,29.950000762939453,29.899999618530273,29.899999618530273,18000
2023-08-17,29.950000762939453,30.0,29.799999237060547,29.799999237060547,43000
2023-08-18,29.799999237060547,29.899999618530273,29.700000762939453,29.899999618530273,22000
2023-08-21,29.899999618530273,29.899999618530273,29.600000381469727,29.850000381469727,16000
2023-08-22,29.850000381469727,29.850000381469727,29.700000762939453,29.850000381469727,26000
2023-08-23,29.700000762939453,29.799999237060547,29.600000381469727,29.799999237060547,21632
2023-08-24,29.600000381469727,29.799999237060547,29.600000381469727,29.799999237060547,20000
2023-08-25,29.600000381469727,29.700000762939453,29.600000381469727,29.700000762939453,14000
2023-08-28,29.700000762939453,29.799999237060547,29.700000762939453,29.700000762939453,16000
2023-08-29,29.700000762939453,29.75,29.600000381469727,29.75,25150
2023-08-30,29.700000762939453,29.799999237060547,29.600000381469727,29.649999618530273,37015
2023-08-31,29.600000381469727,29.75,29.600000381469727,29.75,19000
2023-09-01,29.649999618530273,29.950000762939453,29.649999618530273,29.950000762939453,24205
2023-09-04,29.950000762939453,29.950000762939453,29.850000381469727,29.899999618530273,27190
2023-09-05,30.0,30.5,29.899999618530273,30.0,29412
2023-09-06,30.100000381469727,30.149999618530273,30.0,30.049999237060547,36011
2023-09-07,30.0,30.0,29.799999237060547,29.950000762939453,20000
2023-09-08,29.899999618530273,30.0,29.850000381469727,29.950000762939453,19220
2023-09-11,29.850000381469727,29.850000381469727,29.700000762939453,29.75,22000
2023-09-12,29.75,29.799999237060547,29.75,29.75,19000
2023-09-13,29.700000762939453,30.0,29.700000762939453,29.899999618530273,19000
2023-09-14,30.0,30.0,29.75,29.850000381469727,38000
2023-09-15,29.700000762939453,29.850000381469727,29.700000762939453,29.850000381469727,46252
2023-09-18,29.899999618530273,29.899999618530273,29.799999237060547,29.799999237060547,16100
2023-09-19,29.799999237060547,29.799999237060547,29.700000762939453,29.799999237060547,20000
2023-09-20,29.799999237060547,29.799999237060547,29.700000762939453,29.799999237060547,7188
2023-09-21,30.0,30.0,29.700000762939453,29.799999237060547,9095
2023-09-22,29.799999237060547,29.799999237060547,29.75,29.75,3114
2023-09-25,29.700000762939453,29.75,29.700000762939453,29.700000762939453,19012
2023-09-26,29.649999618530273,29.75,29.5,29.75,42000
2023-09-27,29.5,29.649999618530273,29.5,29.649999618530273,13000
2023-09-28,29.649999618530273,29.649999618530273,29.549999237060547,29.549999237060547,17024
2023-10-02,29.549999237060547,29.700000762939453,29.5,29.5,58011
2023-10-03,29.799999237060547,29.799999237060547,29.299999237060547,29.600000381469727,29000
2023-10-04,29.549999237060547,29.600000381469727,29.5,29.5,21057
2023-10-05,29.700000762939453,29.700000762939453,29.450000762939453,29.549999237060547,17000
2023-10-06,29.549999237060547,30.100000381469727,29.5,29.75,29000
2023-10-11,29.75,30.0,29.549999237060547,29.549999237060547,26000
2023-10-12,29.950000762939453,29.950000762939453,29.5,29.850000381469727,23000
2023-10-13,29.600000381469727,29.75,29.5,29.600000381469727,20000
2023-10-16,29.5,29.700000762939453,29.450000762939453,29.700000762939453,28400
2023-10-17,29.850000381469727,29.850000381469727,29.5,29.75,26000
2023-10-18,29.649999618530273,29.649999618530273,29.5,29.5,12010
2023-10-19,29.549999237060547,29.549999237060547,29.5,29.549999237060547,15100
2023-10-20,29.5,29.549999237060547,29.399999618530273,29.549999237060547,20000
2023-10-23,29.5,29.5,29.5,29.5,21000
2023-10-24,29.5,30.100000381469727,29.299999237060547,29.649999618530273,36000
2023-10-25,29.5,29.799999237060547,29.5,29.549999237060547,14126
2023-10-26,29.549999237060547,29.549999237060547,29.5,29.5,16000
2023-10-27,29.450000762939453,29.5,29.450000762939453,29.450000762939453,10000
2023-10-30,29.450000762939453,29.75,29.450000762939453,29.75,3000
2023-10-31,29.75,29.75,29.600000381469727,29.600000381469727,9050
2023-11-01,29.5,29.5,29.450000762939453,29.450000762939453,15000
2023-11-02,29.450000762939453,29.600000381469727,29.450000762939453,29.5,7030
2023-11-03,29.549999237060547,29.649999618530273,29.549999237060547,29.600000381469727,6000
2023-11-06,29.450000762939453,29.75,29.450000762939453,29.75,18243
2023-11-07,29.75,29.75,29.600000381469727,29.649999618530273,9000
2023-11-08,30.049999237060547,30.049999237060547,29.649999618530273,29.700000762939453,25010
2023-11-09,29.700000762939453,29.75,29.700000762939453,29.700000762939453,3000
2023-11-10,29.75,30.0,29.649999618530273,29.649999618530273,14045
2023-11-13,29.700000762939453,29.700000762939453,29.600000381469727,29.600000381469727,28000
2023-11-14,29.549999237060547,29.600000381469727,29.549999237060547,29.600000381469727,15000
2023-11-15,29.549999237060547,29.649999618530273,29.549999237060547,29.600000381469727,17047
2023-11-16,29.75,29.899999618530273,29.5,29.899999618530273,31000
2023-11-17,29.799999237060547,29.950000762939453,29.600000381469727,29.950000762939453,18000
2023-11-20,29.700000762939453,29.799999237060547,29.600000381469727,29.75,16001
2023-11-21,29.950000762939453,29.950000762939453,29.649999618530273,29.799999237060547,26260
2023-11-22,29.850000381469727,29.899999618530273,29.600000381469727,29.799999237060547,19000
2023-11-23,29.799999237060547,29.799999237060547,29.649999618530273,29.799999237060547,25004
2023-11-24,29.799999237060547,29.950000762939453,29.799999237060547,29.950000762939453,22000
2023-11-27,30.149999618530273,30.149999618530273,29.75,30.0,34000
2023-11-28,29.899999618530273,30.100000381469727,29.799999237060547,30.049999237060547,50032
2023-11-29,29.899999618530273,30.450000762939453,29.899999618530273,30.100000381469727,92260
2023-11-30,30.25,30.950000762939453,30.25,30.399999618530273,118000
2023-12-01,30.450000762939453,30.649999618530273,30.399999618530273,30.549999237060547,59034
2023-12-04,30.5,30.5,30.299999237060547,30.399999618530273,22005
2023-12-05,30.600000381469727,30.600000381469727,30.350000381469727,30.350000381469727,27100
2023-12-06,30.299999237060547,30.600000381469727,30.200000762939453,30.549999237060547,30000
2023-12-07,30.399999618530273,30.399999618530273,30.0,30.100000381469727,40000
2023-12-08,30.100000381469727,30.200000762939453,30.049999237060547,30.049999237060547,55000
2023-12-11,30.0,30.25,29.950000762939453,30.25,34000
2023-12-12,30.100000381469727,30.25,30.0,30.25,22000
2023-12-13,30.149999618530273,30.149999618530273,30.0,30.0,35000
2023-12-14,30.0,30.200000762939453,30.0,30.200000762939453,46428
2023-12-15,30.0,30.200000762939453,29.850000381469727,30.200000762939453,28000
2023-12-18,29.950000762939453,30.100000381469727,29.950000762939453,30.0,25073
2023-12-19,30.0,30.149999618530273,30.0,30.149999618530273,61099
2023-12-20,30.149999618530273,30.25,30.149999618530273,30.200000762939453,31170
2023-12-21,30.149999618530273,30.25,30.100000381469727,30.200000762939453,28066
2023-12-22,30.149999618530273,30.399999618530273,30.100000381469727,30.149999618530273,30000
2023-12-25,30.149999618530273,30.149999618530273,30.049999237060547,30.049999237060547,23000
2023-12-26,30.049999237060547,30.149999618530273,30.049999237060547,30.100000381469727,20000
2023-12-27,30.100000381469727,30.100000381469727,30.0,30.049999237060547,30056
2023-12-28,30.0,30.100000381469727,29.950000762939453,30.100000381469727,25000
2023-12-29,30.049999237060547,30.049999237060547,30.0,30.0,15025
2024-01-02,30.0,30.0,29.950000762939453,30.0,32065
2024-01-03,30.0,30.049999237060547,29.899999618530273,30.049999237060547,26010
2024-01-04,30.0,30.049999237060547,29.950000762939453,30.0,19075
2024-01-05,30.0,30.100000381469727,30.0,30.100000381469727,36000
2024-01-08,30.0,30.25,30.0,30.25,25005
2024-01-09,30.100000381469727,30.100000381469727,30.049999237060547,30.100000381469727,22000
2024-01-10,30.0,30.200000762939453,29.899999618530273,30.100000381469727,15000
2024-01-11,30.0,30.0,29.899999618530273,29.950000762939453,30000
2024-01-12,29.950000762939453,30.100000381469727,29.850000381469727,29.899999618530273,25000
2024-01-15,30.0,30.0,29.899999618530273,29.899999618530273,31000
2024-01-16,29.799999237060547,29.899999618530273,29.75,29.899999618530273,29000
2024-01-17,29.75,31.399999618530273,29.75,30.700000762939453,307439
2024-01-18,30.700000762939453,31.0,30.700000762939453,30.899999618530273,116600
2024-01-19,30.899999618530273,31.0,30.799999237060547,30.899999618530273,90000
2024-01-22,30.950000762939453,31.0,30.850000381469727,30.899999618530273,55510
2024-01-23,31.0,31.25,30.950000762939453,31.100000381469727,83073
2024-01-24,31.100000381469727,31.25,31.049999237060547,31.200000762939453,69699
2024-01-25,31.149999618530273,31.25,31.100000381469727,31.200000762939453,35085
2024-01-26,31.149999618530273,31.149999618530273,31.0,31.049999237060547,65647
2024-01-29,31.049999237060547,31.100000381469727,31.0,31.0,36470
2024-01-30,31.0,31.200000762939453,31.0,31.200000762939453,42015
2024-01-31,31.049999237060547,31.100000381469727,31.0,31.0,50044
2024-02-01,31.149999618530273,31.450000762939453,31.149999618530273,31.200000762939453,51100
2024-02-02,31.25,31.649999618530273,31.25,31.5,59920
2024-02-05,31.5,31.5,31.299999237060547,31.350000381469727,50671
2024-02-15,31.350000381469727,31.399999618530273,31.299999237060547,31.350000381469727,47271
2024-02-16,31.299999237060547,31.399999618530273,31.299999237060547,31.350000381469727,35063
2024-02-19,31.299999237060547,31.399999618530273,31.25,31.350000381469727,54500
2024-02-20,31.299999237060547,31.350000381469727,31.25,31.299999237060547,49461
2024-02-21,31.25,31.25,31.100000381469727,31.149999618530273,49155
2024-02-22,31.299999237060547,31.350000381469727,31.200000762939453,31.25,26000
2024-02-23,31.299999237060547,31.600000381469727,31.299999237060547,31.450000762939453,59185
2024-02-26,31.450000762939453,32.25,31.450000762939453,31.899999618530273,136038
2024-02-27,32.0,32.20000076293945,31.700000762939453,31.899999618530273,55015
2024-02-29,31.899999618530273,31.899999618530273,31.649999618530273,31.799999237060547,49000
2024-03-01,31.649999618530273,31.700000762939453,31.25,31.25,81300
2024-03-04,31.25,31.5,31.149999618530273,31.149999618530273,80177
2024-03-05,31.149999618530273,31.200000762939453,30.75,30.950000762939453,98197
2024-03-06,30.950000762939453,31.149999618530273,30.399999618530273,30.600000381469727,134595
2024-03-07,30.600000381469727,30.649999618530273,30.549999237060547,30.600000381469727,35782
2024-03-08,30.5,30.549999237060547,30.450000762939453,30.450000762939453,41000
2024-03-11,30.450000762939453,30.549999237060547,30.350000381469727,30.350000381469727,38127
2024-03-12,30.200000762939453,30.450000762939453,30.200000762939453,30.450000762939453,50170
2024-03-13,30.450000762939453,30.5,30.350000381469727,30.399999618530273,29000
2024-03-14,30.399999618530273,30.399999618530273,30.049999237060547,30.049999237060547,80140
2024-03-15,30.049999237060547,30.049999237060547,29.950000762939453,29.950000762939453,54000
2024-03-18,29.899999618530273,29.950000762939453,29.799999237060547,29.899999618530273,63000
2024-03-19,29.799999237060547,29.899999618530273,29.75,29.799999237060547,72039
2024-03-20,29.850000381469727,29.850000381469727,29.75,29.850000381469727,37000
2024-03-21,29.850000381469727,29.899999618530273,29.700000762939453,29.850000381469727,36000
2024-03-22,29.899999618530273,29.899999618530273,29.75,29.75,25125
2024-03-25,29.75,29.899999618530273,29.700000762939453,29.850000381469727,29619
2024-03-26,29.850000381469727,29.850000381469727,29.700000762939453,29.75,31600
2024-03-27,29.700000762939453,30.0,29.700000762939453,29.75,43000
2024-03-28,29.75,29.899999618530273,29.75,29.899999618530273,26401
2024-03-29,29.799999237060547,29.850000381469727,29.75,29.799999237060547,16000
2024-04-01,29.850000381469727,30.0,29.799999237060547,30.0,50124
2024-04-02,29.850000381469727,30.0,29.850000381469727,29.950000762939453,16000
2024-04-03,29.950000762939453,29.950000762939453,29.799999237060547,29.899999618530273,20033
2024-04-08,29.700000762939453,30.399999618530273,29.700000762939453,30.299999237060547,99615
2024-04-09,30.299999237060547,30.299999237060547,30.100000381469727,30.25,38043
2024-04-10,30.25,30.25,29.850000381469727,30.149999618530273,54817
2024-04-11,30.149999618530273,30.149999618530273,29.850000381469727,30.0,34000
2024-04-12,29.950000762939453,29.950000762939453,29.850000381469727,29.950000762939453,27100
2024-04-15,29.899999618530273,30.0,29.899999618530273,29.950000762939453,23000
2024-04-16,29.899999618530273,29.899999618530273,29.799999237060547,29.799999237060547,46581
2024-04-17,29.799999237060547,29.850000381469727,29.799999237060547,29.850000381469727,18359
2024-04-18,29.899999618530273,30.100000381469727,29.75,29.799999237060547,43010
2024-04-19,29.799999237060547,29.799999237060547,29.0,29.5,135521
2024-04-22,29.600000381469727,29.700000762939453,29.5,29.700000762939453,13005
2024-04-23,29.450000762939453,29.75,29.450000762939453,29.75,11000
2024-04-24,29.799999237060547,29.799999237060547,29.75,29.75,23419
2024-04-25,29.75,29.799999237060547,29.649999618530273,29.75,9117
2024-04-26,29.75,29.850000381469727,29.700000762939453,29.799999237060547,12000
2024-04-29,29.799999237060547,30.0,29.799999237060547,29.899999618530273,26360
2024-04-30,29.950000762939453,30.049999237060547,29.950000762939453,30.0,9000
2024-05-02,30.0,30.100000381469727,30.0,30.100000381469727,369623
2024-05-03,30.299999237060547,31.25,30.299999237060547,30.899999618530273,133835
2024-05-06,31.399999618530273,31.5,31.0,31.149999618530273,137700
2024-05-07,31.200000762939453,31.5,31.0,31.0,55000
2024-05-08,31.0,31.049999237060547,30.799999237060547,30.850000381469727,56078
2024-05-09,30.850000381469727,30.899999618530273,30.600000381469727,30.649999618530273,42100
2024-05-10,30.649999618530273,30.799999237060547,30.600000381469727,30.700000762939453,18000
2024-05-13,30.700000762939453,30.75,30.700000762939453,30.700000762939453,33000
2024-05-14,30.700000762939453,30.75,30.600000381469727,30.700000762939453,20440
2024-05-15,30.700000762939453,30.850000381469727,30.549999237060547,30.549999237060547,51114
2024-05-16,30.700000762939453,30.700000762939453,30.450000762939453,30.549999237060547,35178
2024-05-17,30.549999237060547,30.549999237060547,30.399999618530273,30.450000762939453,44000
2024-05-20,30.450000762939453,30.700000762939453,30.450000762939453,30.700000762939453,17000
2024-05-21,30.549999237060547,30.75,30.549999237060547,30.600000381469727,25544
2024-05-22,30.649999618530273,30.700000762939453,30.649999618530273,30.700000762939453,23000
2024-05-23,30.649999618530273,30.649999618530273,30.549999237060547,30.600000381469727,32010
2024-05-24,30.600000381469727,30.799999237060547,30.600000381469727,30.799999237060547,68670
2024-05-27,30.850000381469727,31.100000381469727,30.75,31.100000381469727,114214
2024-05-28,31.200000762939453,34.20000076293945,31.200000762939453,34.20000076293945,873077
2024-05-29,37.54999923706055,37.599998474121094,35.95000076293945,37.599998474121094,3765504
2024-05-30,37.599998474121094,40.599998474121094,36.29999923706055,38.70000076293945,3017627
2024-05-31,38.849998474121094,40.45000076293945,38.04999923706055,39.0,1045050
2024-06-03,39.0,39.150001525878906,37.54999923706055,37.900001525878906,679416
2024-06-04,37.849998474121094,38.150001525878906,36.04999923706055,36.20000076293945,662010
2024-06-05,36.20000076293945,37.79999923706055,36.20000076293945,36.75,487100
2024-06-06,36.900001525878906,37.0,35.79999923706055,35.79999923706055,389076
2024-06-07,35.79999923706055,35.79999923706055,34.79999923706055,34.79999923706055,289401
2024-06-11,35.0,35.0,33.849998474121094,33.900001525878906,223000
2024-06-12,34.099998474121094,34.599998474121094,33.79999923706055,34.599998474121094,314040
2024-06-13,34.70000076293945,38.04999923706055,34.70000076293945,38.04999923706055,581292
2024-06-14,38.650001525878906,40.0,38.0,38.5,1435045
2024-06-17,37.95000076293945,38.099998474121094,36.79999923706055,37.099998474121094,346566
2024-06-18,37.099998474121094,37.20000076293945,36.099998474121094,36.400001525878906,248050
2024-06-19,36.400001525878906,36.900001525878906,36.400001525878906,36.900001525878906,135100
2024-06-20,36.95000076293945,37.95000076293945,36.650001525878906,36.650001525878906,194104
2024-06-21,36.25,36.5,36.099998474121094,36.29999923706055,127000
2024-06-24,36.349998474121094,36.5,35.79999923706055,35.849998474121094,125283
2024-06-25,36.29999923706055,36.29999923706055,35.5,35.849998474121094,70000
2024-06-26,35.79999923706055,35.95000076293945,35.5,35.5,80990
2024-06-27,35.20000076293945,35.25,34.099998474121094,34.5,113015
2024-06-28,34.25,35.0,33.0,33.70000076293945,239010
2024-07-01,33.70000076293945,34.20000076293945,33.70000076293945,33.900001525878906,88000
2024-07-02,34.95000076293945,34.95000076293945,33.900001525878906,33.900001525878906,73021
2024-07-03,33.79999923706055,34.0,33.54999923706055,33.54999923706055,66677
2024-07-04,34.95000076293945,34.95000076293945,33.75,34.0,111088
2024-07-05,34.20000076293945,34.20000076293945,33.29999923706055,33.650001525878906,80100
2024-07-08,33.650001525878906,33.70000076293945,33.20000076293945,33.20000076293945,142050
2024-07-09,33.20000076293945,33.20000076293945,31.350000381469727,31.700000762939453,278250
2024-07-10,31.700000762939453,31.899999618530273,31.5,31.700000762939453,70065
2024-07-11,31.700000762939453,31.850000381469727,30.950000762939453,31.0,241180
2024-07-12,31.0,31.149999618530273,30.850000381469727,31.0,91066
2024-07-15,31.0,31.549999237060547,31.0,31.399999618530273,65511
2024-07-16,31.399999618530273,31.75,31.049999237060547,31.200000762939453,71228
2024-07-17,32.25,34.29999923706055,31.350000381469727,34.29999923706055,407000
2024-07-18,34.0,35.5,33.29999923706055,33.5,611471
2024-07-19,33.95000076293945,35.70000076293945,33.95000076293945,34.75,728355
2024-07-22,34.75,34.849998474121094,32.75,33.20000076293945,309143
2024-07-23,33.75,33.75,32.75,33.099998474121094,25500
2024-07-26,32.900001525878906,33.650001525878906,32.0,32.5,120016
2024-07-29,32.5,33.400001525878906,32.400001525878906,32.75,68164
2024-07-30,32.849998474121094,32.849998474121094,31.75,32.79999923706055,50004
2024-07-31,32.79999923706055,33.0,32.75,32.849998474121094,23150
2024-08-01,32.95000076293945,34.099998474121094,32.95000076293945,34.099998474121094,184117
2024-08-02,33.75,33.849998474121094,32.849998474121094,33.400001525878906,79185
2024-08-05,32.45000076293945,32.45000076293945,30.649999618530273,31.600000381469727,235099
2024-08-06,32.29999923706055,32.29999923706055,30.899999618530273,31.950000762939453,220200
2024-08-07,32.150001525878906,34.0,32.150001525878906,33.400001525878906,156014
2024-08-08,33.900001525878906,34.25,33.75,34.150001525878906,192309
2024-08-09,34.400001525878906,37.45000076293945,34.400001525878906,36.0,653563
2024-08-12,36.5,36.5,35.150001525878906,35.95000076293945,155020
2024-08-13,35.5,36.95000076293945,35.5,36.04999923706055,117025
2024-08-14,36.04999923706055,36.25,35.650001525878906,36.04999923706055,57143
2024-08-15,35.54999923706055,37.0,35.54999923706055,36.5,205228
2024-08-16,36.45000076293945,36.849998474121094,35.45000076293945,35.900001525878906,257021
2024-08-19,35.849998474121094,35.900001525878906,35.70000076293945,35.79999923706055,23000
2024-08-20,36.150001525878906,36.400001525878906,35.25,35.29999923706055,75000
2024-08-21,35.0,35.5,34.54999923706055,35.5,112000
2024-08-22,34.75,35.04999923706055,34.75,35.04999923706055,9606
2024-08-23,35.04999923706055,35.04999923706055,34.29999923706055,35.0,32000
2024-08-26,36.25,38.5,36.25,38.5,1538720
2024-08-27,38.45000076293945,39.29999923706055,37.599998474121094,38.650001525878906,1365497
2024-08-28,38.20000076293945,40.20000076293945,38.20000076293945,39.29999923706055,924279
2024-08-29,39.29999923706055,40.0,39.20000076293945,39.54999923706055,452332
2024-08-30,39.900001525878906,39.900001525878906,38.0,39.150001525878906,468050
2024-09-02,38.79999923706055,39.599998474121094,38.70000076293945,39.20000076293945,294510
2024-09-03,38.95000076293945,39.400001525878906,38.75,38.900001525878906,175002
2024-09-04,37.5,39.29999923706055,37.400001525878906,38.0,297113
2024-09-05,37.849998474121094,38.599998474121094,36.650001525878906,37.099998474121094,393095
2024-09-06,36.79999923706055,37.5,36.75,36.849998474121094,156000
2024-09-09,36.79999923706055,37.20000076293945,35.79999923706055,37.150001525878906,142050
2024-09-10,37.45000076293945,37.45000076293945,36.150001525878906,36.20000076293945,120007
2024-09-11,36.5,39.599998474121094,36.5,38.150001525878906,435070
2024-09-12,38.25,38.45000076293945,37.79999923706055,38.0,116800
2024-09-13,37.70000076293945,38.849998474121094,37.54999923706055,38.849998474121094,130650
2024-09-16,39.099998474121094,41.45000076293945,39.099998474121094,40.75,1346137
2024-09-18,41.0,44.45000076293945,41.0,44.04999923706055,2482382
2024-09-19,45.0,45.75,43.45000076293945,45.5,2038552
2024-09-20,46.0,49.5,44.650001525878906,49.04999923706055,2867477
2024-09-23,49.0,49.0,46.75,46.95000076293945,1694134
2024-09-24,47.099998474121094,47.45000076293945,45.849998474121094,46.54999923706055,933115
2024-09-25,46.95000076293945,47.45000076293945,45.04999923706055,45.04999923706055,784678
2024-09-26,46.099998474121094,46.099998474121094,44.599998474121094,44.70000076293945,385125
2024-09-27,44.900001525878906,46.900001525878906,44.900001525878906,46.0,605011
2024-09-30,46.0,47.599998474121094,46.0,47.599998474121094,569700
2024-10-01,47.599998474121094,48.04999923706055,46.45000076293945,48.04999923706055,542013
2024-10-04,48.04999923706055,48.29999923706055,47.20000076293945,47.79999923706055,438669
2024-10-07,48.0,48.75,46.900001525878906,47.0,611626
2024-10-08,47.0,47.099998474121094,46.150001525878906,46.75,277705
2024-10-09,46.650001525878906,47.45000076293945,46.650001525878906,46.95000076293945,344086
2024-10-11,47.0,47.400001525878906,46.20000076293945,47.0,526002
2024-10-14,47.0,47.900001525878906,47.0,47.25,524311
2024-10-15,47.400001525878906,47.400001525878906,45.849998474121094,45.849998474121094,661024
2024-10-16,45.29999923706055,46.45000076293945,43.79999923706055,45.95000076293945,452658
2024-10-17,45.95000076293945,47.150001525878906,45.95000076293945,46.45000076293945,255000
2024-10-18,46.45000076293945,46.599998474121094,45.849998474121094,45.95000076293945,314237
2024-10-21,46.0,47.599998474121094,45.900001525878906,46.400001525878906,471044
2024-10-22,46.400001525878906,46.70000076293945,44.79999923706055,45.599998474121094,323150
2024-10-23,45.25,45.900001525878906,45.04999923706055,45.849998474121094,117000
2024-10-24,45.650001525878906,47.29999923706055,45.650001525878906,47.29999923706055,601770
2024-10-25,47.45000076293945,47.5,45.400001525878906,45.79999923706055,545554
2024-10-28,45.95000076293945,45.95000076293945,41.29999923706055,41.29999923706055,1600549
2024-10-29,41.70000076293945,42.0,40.650001525878906,41.599998474121094,641377
2024-10-30,41.79999923706055,43.20000076293945,41.79999923706055,42.5,396044
2024-11-01,41.25,42.349998474121094,41.25,42.349998474121094,224100
2024-11-04,42.20000076293945,44.45000076293945,41.95000076293945,44.099998474121094,454041
2024-11-05,44.400001525878906,44.400001525878906,43.099998474121094,43.20000076293945,228000
2024-11-06,43.20000076293945,43.70000076293945,43.20000076293945,43.45000076293945,95100
2024-11-07,43.95000076293945,43.95000076293945,43.45000076293945,43.79999923706055,81000
2024-11-08,43.79999923706055,43.79999923706055,42.54999923706055,42.75,189354
2024-11-11,42.650001525878906,42.650001525878906,39.400001525878906,42.0,903000
2024-11-12,42.0,43.25,41.150001525878906,42.849998474121094,245050
2024-11-13,42.95000076293945,45.75,42.95000076293945,44.150001525878906,837244
2024-11-14,44.20000076293945,44.29999923706055,43.5,43.900001525878906,211722
2024-11-15,44.0,44.95000076293945,43.900001525878906,44.349998474121094,252561
2024-11-18,45.04999923706055,45.04999923706055,44.099998474121094,45.0,161059
2024-11-19,45.70000076293945,45.70000076293945,44.79999923706055,45.29999923706055,348142
2024-11-20,45.099998474121094,45.099998474121094,45.099998474121094,45.099998474121094,168690
2024-11-21,45.099998474121094,47.20000076293945,44.70000076293945,46.75,442793
2024-11-22,46.900001525878906,49.20000076293945,46.599998474121094,47.95000076293945,2140160
2024-11-25,47.95000076293945,48.79999923706055,46.849998474121094,48.5,969015
2024-11-26,47.95000076293945,49.150001525878906,47.95000076293945,48.849998474121094,997882
2024-11-27,49.5,49.5,47.849998474121094,48.0,1054000
2024-11-28,48.04999923706055,48.349998474121094,46.04999923706055,48.0,879276
2024-11-29,47.599998474121094,48.900001525878906,47.150001525878906,48.79999923706055,608006
2024-12-02,49.099998474121094,52.0,49.099998474121094,52.0,3060783
2024-12-03,52.29999923706055,53.0,50.5,52.0,2862006
2024-12-04,52.0,52.0,46.79999923706055,48.5,5815092
2024-12-05,48.849998474121094,50.5,48.150001525878906,48.20000076293945,2291217
2024-12-06,48.400001525878906,49.099998474121094,47.75,48.04999923706055,1520404
2024-12-09,48.849998474121094,48.849998474121094,47.5,47.849998474121094,798010
2024-12-10,48.349998474121094,48.349998474121094,46.75,47.25,894072
2024-12-11,46.849998474121094,47.900001525878906,46.849998474121094,47.45000076293945,412010
2024-12-12,47.849998474121094,48.650001525878906,47.5,47.900001525878906,337416
2024-12-13,47.599998474121094,48.349998474121094,47.349998474121094,47.400001525878906,295097
2024-12-16,47.599998474121094,48.599998474121094,47.45000076293945,47.70000076293945,658200
2024-12-17,47.650001525878906,48.099998474121094,47.650001525878906,47.95000076293945,355819
2024-12-18,48.0,48.099998474121094,47.75,48.04999923706055,291606
2024-12-19,47.70000076293945,48.099998474121094,47.70000076293945,47.849998474121094,359200
2024-12-20,47.849998474121094,47.849998474121094,46.900001525878906,47.29999923706055,720080
2024-12-23,47.150001525878906,47.650001525878906,46.29999923706055,47.650001525878906,408920
2024-12-24,47.70000076293945,49.0,47.70000076293945,48.70000076293945,744028
2024-12-25,49.0,52.79999923706055,48.70000076293945,52.099998474121094,2073359
2024-12-26,52.099998474121094,54.70000076293945,50.5,54.20000076293945,2696576
2024-12-27,53.70000076293945,54.29999923706055,51.5,53.70000076293945,1465874
2024-12-30,53.20000076293945,53.5,50.29999923706055,50.70000076293945,1586204
2024-12-31,50.20000076293945,55.599998474121094,50.20000076293945,53.70000076293945,2377954
2025-01-02,53.400001525878906,54.29999923706055,52.5,53.400001525878906,732262
2025-01-03,53.5,53.900001525878906,51.79999923706055,53.0,449342
2025-01-06,53.20000076293945,54.400001525878906,51.79999923706055,54.400001525878906,749296
2025-01-07,54.5,54.79999923706055,52.5,52.79999923706055,547000
2025-01-08,52.5,53.79999923706055,52.400001525878906,52.900001525878906,198525
2025-01-09,53.099998474121094,53.29999923706055,51.5,52.0,339000
2025-01-10,51.79999923706055,52.099998474121094,50.5,51.900001525878906,606300
2025-01-13,51.29999923706055,51.400001525878906,49.0,49.400001525878906,712265
2025-01-14,49.5,50.400001525878906,49.349998474121094,50.099998474121094,227000
2025-01-15,51.0,51.0,48.849998474121094,49.04999923706055,326000
2025-01-16,49.29999923706055,49.349998474121094,48.099998474121094,48.25,523011
2025-01-17,47.849998474121094,50.0,47.849998474121094,49.150001525878906,189000
2025-01-20,50.0,50.099998474121094,49.099998474121094,49.54999923706055,259506
2025-01-21,49.849998474121094,49.849998474121094,48.150001525878906,48.400001525878906,277125
2025-01-22,48.650001525878906,49.70000076293945,47.849998474121094,49.349998474121094,256550
2025-02-03,49.349998474121094,49.349998474121094,47.20000076293945,49.0,288137
2025-02-04,48.95000076293945,49.349998474121094,47.79999923706055,47.79999923706055,179050
2025-02-05,47.79999923706055,48.45000076293945,47.599998474121094,47.95000076293945,164000
2025-02-06,48.5,52.70000076293945,48.45000076293945,51.20000076293945,1354100
2025-02-07,51.20000076293945,51.79999923706055,50.400001525878906,51.099998474121094,307019
2025-02-10,51.20000076293945,51.29999923706055,50.400001525878906,51.20000076293945,329050
2025-02-11,51.29999923706055,52.5,50.099998474121094,50.20000076293945,433000
2025-02-12,50.900001525878906,50.900001525878906,49.79999923706055,50.0,176013
2025-02-13,49.79999923706055,50.0,49.75,49.95000076293945,108100
2025-02-14,50.79999923706055,50.900001525878906,49.75,50.400001525878906,254062
2025-02-17,50.0,50.900001525878906,50.0,50.70000076293945,202053
2025-02-18,50.5,53.599998474121094,50.5,52.5,1236225
2025-02-19,53.20000076293945,53.900001525878906,52.5,53.0,880050
2025-02-20,53.0,53.20000076293945,50.900001525878906,52.29999923706055,733183
2025-02-21,52.29999923706055,52.599998474121094,51.5,52.5,362030
2025-02-24,53.0,55.599998474121094,52.099998474121094,54.900001525878906,1307969
2025-02-25,55.0,55.0,53.5,53.5,387849
2025-02-26,53.599998474121094,53.70000076293945,52.20000076293945,53.0,301000
2025-02-27,53.400001525878906,54.20000076293945,52.0,53.20000076293945,554000
2025-03-03,53.0,53.0,51.400001525878906,52.0,332400
2025-03-04,52.0,52.29999923706055,51.5,52.0,227000
2025-03-05,53.0,53.0,51.400001525878906,51.900001525878906,464001
2025-03-06,51.5,53.0,51.5,51.900001525878906,530000
2025-03-07,51.5,51.900001525878906,51.5,51.900001525878906,166100
2025-03-10,52.0,52.099998474121094,51.5,51.70000076293945,249000
2025-03-11,51.900001525878906,51.900001525878906,50.900001525878906,51.400001525878906,250000
2025-03-12,51.599998474121094,54.0,51.0,51.599998474121094,856000
2025-03-13,52.20000076293945,52.20000076293945,51.400001525878906,51.400001525878906,274320
2025-03-14,51.900001525878906,52.0,50.400001525878906,51.5,299144
2025-03-17,52.5,52.5,51.400001525878906,51.70000076293945,137030
2025-03-18,51.5,52.0,51.400001525878906,51.599998474121094,131000
2025-03-19,51.70000076293945,51.70000076293945,50.5,51.099998474121094,342000
2025-03-20,51.79999923706055,52.0,51.099998474121094,52.0,158000
2025-03-21,51.79999923706055,52.0,51.5,51.5,121000
2025-03-24,51.5,51.5,51.29999923706055,51.29999923706055,110000
2025-03-25,51.79999923706055,51.79999923706055,51.20000076293945,51.29999923706055,189342
2025-03-26,51.79999923706055,53.29999923706055,51.29999923706055,52.70000076293945,587065
2025-03-27,52.0,52.20000076293945,51.599998474121094,51.900001525878906,223016
2025-03-28,51.900001525878906,52.79999923706055,51.400001525878906,51.599998474121094,324006
2025-03-31,48.79999923706055,52.099998474121094,48.20000076293945,49.849998474121094,580010
2025-04-01,50.400001525878906,50.400001525878906,49.5,49.54999923706055,360124
2025-04-02,50.099998474121094,50.20000076293945,49.5,49.900001525878906,196030
2025-04-07,44.95000076293945,44.95000076293945,44.95000076293945,44.95000076293945,99001
2025-04-08,40.5,44.45000076293945,40.5,40.5,1731071
2025-04-09,39.0,39.599998474121094,36.45000076293945,36.45000076293945,1149200
2025-04-10,40.04999923706055,40.04999923706055,40.04999923706055,40.04999923706055,88006
2025-04-11,36.79999923706055,43.349998474121094,36.79999923706055,42.54999923706055,764001
2025-04-14,43.0,45.150001525878906,43.0,43.54999923706055,386000
2025-04-15,44.70000076293945,46.54999923706055,44.5,46.5,335000
2025-04-16,47.0,47.29999923706055,45.70000076293945,45.75,324000
2025-04-17,45.75,45.75,43.75,43.849998474121094,569016
2025-04-18,44.25,44.599998474121094,43.5,43.75,281050
2025-04-21,44.0,44.5,43.54999923706055,44.5,213060
2025-04-22,44.349998474121094,47.5,44.349998474121094,46.0,313015
2025-04-23,46.5,47.0,45.95000076293945,46.70000076293945,274410
2025-04-24,46.70000076293945,46.70000076293945,45.5,45.599998474121094,213105
2025-04-25,46.150001525878906,46.25,45.599998474121094,46.04999923706055,138000
2025-04-28,46.04999923706055,46.45000076293945,46.04999923706055,46.349998474121094,56010
2025-04-29,46.5,46.95000076293945,46.099998474121094,46.75,105001
2025-04-30,46.900001525878906,46.95000076293945,42.099998474121094,43.0,1824177
2025-05-02,43.099998474121094,46.70000076293945,43.099998474121094,45.400001525878906,683000
2025-05-05,45.650001525878906,46.349998474121094,43.599998474121094,43.79999923706055,476001
2025-05-06,44.0,45.5,43.849998474121094,44.79999923706055,384000
2025-05-07,44.849998474121094,44.849998474121094,43.70000076293945,43.70000076293945,208011
2025-05-08,44.0,44.75,43.849998474121094,44.400001525878906,156000
2025-05-09,45.0,46.0,44.599998474121094,45.79999923706055,315015
2025-05-12,45.79999923706055,45.95000076293945,45.20000076293945,45.95000076293945,126000
2025-05-13,46.400001525878906,47.79999923706055,45.849998474121094,47.54999923706055,416030
2025-05-14,47.95000076293945,47.95000076293945,46.75,46.75,250000
2025-05-15,46.849998474121094,47.150001525878906,46.20000076293945,46.20000076293945,181114
2025-05-16,45.349998474121094,46.150001525878906,45.349998474121094,45.79999923706055,104200
2025-05-19,45.75,45.79999923706055,45.20000076293945,45.20000076293945,101000
2025-05-20,45.20000076293945,45.25,44.400001525878906,44.400001525878906,203000
2025-05-21,44.599998474121094,45.45000076293945,44.29999923706055,45.0,232000
2025-05-22,44.5,44.650001525878906,43.599998474121094,43.79999923706055,190010
2025-05-23,43.45000076293945,44.79999923706055,43.29999923706055,43.75,166000
2025-05-26,43.5,44.599998474121094,43.5,44.0,83000
2025-05-27,44.349998474121094,44.5,43.79999923706055,43.79999923706055,125000
2025-05-28,44.0,44.70000076293945,44.0,44.25,129005
2025-05-29,44.20000076293945,44.95000076293945,44.099998474121094,44.099998474121094,181000
2025-06-02,44.599998474121094,44.599998474121094,43.849998474121094,44.150001525878906,90210
2025-06-03,44.400001525878906,45.45000076293945,44.25,45.0,113003
2025-06-04,45.0,46.45000076293945,44.599998474121094,45.20000076293945,427012
2025-06-05,45.20000076293945,45.45000076293945,44.849998474121094,44.900001525878906,77000
2025-06-06,45.099998474121094,45.45000076293945,44.599998474121094,44.70000076293945,86000
2025-06-09,44.5,44.650001525878906,43.79999923706055,44.150001525878906,231075
2025-06-10,44.20000076293945,44.75,43.900001525878906,44.400001525878906,264013
2025-06-11,44.400001525878906,45.0,44.099998474121094,44.5,365200
2025-06-12,44.5,44.5,43.599998474121094,44.150001525878906,299100
2025-06-13,44.0,44.29999923706055,43.79999923706055,43.95000076293945,285055
2025-06-16,44.400001525878906,46.5,44.349998474121094,45.150001525878906,1118000
2025-06-17,45.20000076293945,45.5,44.900001525878906,45.04999923706055,366000
2025-06-18,45.400001525878906,46.150001525878906,45.29999923706055,45.650001525878906,724675
2025-06-19,48.900001525878906,50.20000076293945,47.45000076293945,50.20000076293945,4028808
2025-06-20,55.20000076293945,55.20000076293945,55.20000076293945,55.20000076293945,1679310
2025-06-23,55.0,60.70000076293945,54.70000076293945,60.70000076293945,11216797
2025-06-24,63.5,64.69999694824219,60.70000076293945,62.099998474121094,7584290
2025-06-25,62.70000076293945,64.5999984741211,62.099998474121094,63.400001525878906,4431007
2025-06-26,62.599998474121094,64.9000015258789,62.5,63.5,1292883
2025-06-27,63.5,65.4000015258789,63.400001525878906,65.4000015258789,1686353
2025-06-30,67.9000015258789,70.0,67.9000015258789,69.5,2017070
2025-07-01,70.69999694824219,70.69999694824219,66.5999984741211,69.80000305175781,1470776
2025-07-02,69.4000015258789,70.0,69.0999984741211,70.0,935076
2025-07-03,69.5,69.9000015258789,67.9000015258789,69.9000015258789,1827214
2025-07-04,69.0,69.19999694824219,65.30000305175781,66.0,1887465
2025-07-07,66.0,66.80000305175781,61.900001525878906,62.0,1524424
2025-07-08,62.0,65.5,60.400001525878906,65.4000015258789,1751510
2025-07-09,63.5,66.4000015258789,63.5,65.5,1986949
2025-07-10,64.0,66.5,62.70000076293945,64.0,3926168
2025-07-11,63.400001525878906,65.0,62.29999923706055,63.70000076293945,2197027
2025-07-14,63.5,69.69999694824219,62.599998474121094,65.5,9896510
2025-07-15,66.0999984741211,67.0,64.4000015258789,66.5,3097404
2025-07-16,67.0,68.5999984741211,66.4000015258789,67.4000015258789,2804099
2025-07-17,67.69999694824219,68.5999984741211,66.5,67.19999694824219,2427400
2025-07-18,68.0,68.19999694824219,66.9000015258789,67.9000015258789,1927328
2025-07-21,67.9000015258789,69.80000305175781,66.69999694824219,67.0,2546000
2025-07-22,67.69999694824219,69.69999694824219,66.80000305175781,66.9000015258789,2852376
2025-07-23,67.69999694824219,72.5,65.5999984741211,68.9000015258789,3491075
2025-07-24,69.0,69.5,68.0,69.19999694824219,1050111
2025-07-25,69.30000305175781,71.69999694824219,67.4000015258789,68.0999984741211,2544438
2025-07-28,68.0999984741211,69.0999984741211,66.5,68.9000015258789,1403875
2025-07-29,69.30000305175781,69.30000305175781,65.9000015258789,68.0999984741211,1712150
2025-07-30,68.69999694824219,69.69999694824219,67.4000015258789,69.0,1171600
2025-07-31,69.0999984741211,69.5999984741211,67.4000015258789,68.0999984741211,1311200
2025-08-04,68.0,68.0,65.9000015258789,66.4000015258789,1494513
2025-08-05,66.9000015258789,66.9000015258789,63.400001525878906,64.30000305175781,2505258
2025-08-06,63.70000076293945,64.80000305175781,63.599998474121094,64.19999694824219,526151
2025-08-07,65.0,65.69999694824219,63.5,63.79999923706055,612200
2025-08-08,64.0999984741211,64.0999984741211,61.599998474121094,63.400001525878906,1703632
2025-08-11,64.0999984741211,64.0999984741211,61.0,61.0,984371
2025-08-12,61.20000076293945,61.400001525878906,60.20000076293945,60.900001525878906,324309
2025-08-13,60.900001525878906,61.400001525878906,59.20000076293945,60.400001525878906,832005
2025-08-14,60.400001525878906,60.400001525878906,58.29999923706055,59.5,732022
2025-08-15,60.0,60.0,58.5,59.900001525878906,493150
2025-08-18,59.5,65.80000305175781,59.400001525878906,64.5,1856067
2025-08-19,64.4000015258789,64.4000015258789,63.0,63.0,862009
2025-08-20,63.79999923706055,63.79999923706055,60.400001525878906,60.400001525878906,659126
2025-08-21,60.70000076293945,61.79999923706055,59.099998474121094,60.400001525878906,399050
2025-08-22,61.099998474121094,61.20000076293945,60.099998474121094,60.599998474121094,231100
2025-08-25,60.70000076293945,61.0,57.5,59.5,1778634
2025-08-26,59.0,60.0,57.599998474121094,59.099998474121094,541299
2025-08-27,59.0,60.20000076293945,58.400001525878906,60.0,405000
2025-08-28,59.900001525878906,60.79999923706055,59.79999923706055,59.900001525878906,220020
2025-08-29,59.900001525878906,60.79999923706055,59.5,60.099998474121094,727002
2025-09-01,60.099998474121094,60.099998474121094,57.900001525878906,58.599998474121094,482000
2025-09-02,58.400001525878906,59.29999923706055,58.0,59.20000076293945,282000
2025-09-03,59.20000076293945,62.400001525878906,58.79999923706055,62.0,837474
2025-09-04,62.099998474121094,64.30000305175781,61.79999923706055,62.20000076293945,946215
2025-09-05,63.70000076293945,68.0,62.29999923706055,67.5,2328789
2025-09-08,69.0,69.4000015258789,65.5999984741211,68.0,1320294
2025-09-09,68.5999984741211,74.69999694824219,67.69999694824219,74.5999984741211,4084878
2025-09-10,73.19999694824219,74.4000015258789,71.69999694824219,74.30000305175781,2028204
2025-09-11,73.80000305175781,77.0,71.80000305175781,73.19999694824219,1999500
2025-09-12,73.80000305175781,73.80000305175781,71.69999694824219,71.69999694824219,646686
2025-09-15,72.5,72.5,67.0999984741211,67.0999984741211,1933091
2025-09-16,68.0999984741211,68.19999694824219,66.5,66.69999694824219,669280
2025-09-17,65.5,66.69999694824219,64.5999984741211,65.69999694824219,1035392
2025-09-18,65.30000305175781,68.0,63.70000076293945,64.0,979084
2025-09-19,64.0999984741211,64.9000015258789,62.599998474121094,64.69999694824219,1430072
2025-09-22,64.69999694824219,64.69999694824219,63.70000076293945,64.4000015258789,467050
2025-09-23,64.5999984741211,65.4000015258789,63.599998474121094,64.69999694824219,278020
2025-09-24,65.4000015258789,68.0999984741211,64.69999694824219,66.69999694824219,645600
2025-09-25,66.9000015258789,67.0,65.30000305175781,65.9000015258789,259000
2025-09-26,65.19999694824219,66.0,64.0,65.0,333103
2025-09-30,64.69999694824219,65.19999694824219,63.70000076293945,65.0,300000
2025-10-01,64.80000305175781,66.30000305175781,64.30000305175781,65.0,789095
2025-10-02,66.0,66.0,64.19999694824219,64.80000305175781,290150
2025-10-03,65.19999694824219,66.4000015258789,64.5,65.80000305175781,619379
2025-10-07,66.0,66.80000305175781,64.80000305175781,65.0,408075
2025-10-08,65.80000305175781,65.80000305175781,63.599998474121094,64.9000015258789,361660
2025-10-09,65.0999984741211,65.19999694824219,64.19999694824219,65.0,381844
2025-10-13,63.70000076293945,65.0,63.099998474121094,65.0,308705
2025-10-14,65.0,67.0,62.599998474121094,62.70000076293945,1021099
2025-10-15,63.5,63.5,61.900001525878906,63.400001525878906,398300
2025-10-16,63.70000076293945,64.5,63.099998474121094,64.5,274000
2025-10-17,64.80000305175781,64.80000305175781,63.099998474121094,64.5,266073
2025-10-20,63.599998474121094,64.80000305175781,62.70000076293945,64.19999694824219,513000
2025-10-21,64.30000305175781,64.69999694824219,63.29999923706055,64.5,386000
2025-10-22,64.19999694824219,64.4000015258789,62.900001525878906,63.79999923706055,430856
2025-10-23,63.400001525878906,63.5,62.20000076293945,63.5,291000
2025-10-27,63.20000076293945,64.30000305175781,62.0,62.29999923706055,493162
2025-10-28,62.20000076293945,63.20000076293945,61.599998474121094,63.20000076293945,199010
2025-10-29,63.20000076293945,63.29999923706055,61.29999923706055,63.29999923706055,858020
2025-10-30,63.0,64.19999694824219,61.5,61.5,377029
2025-10-31,61.70000076293945,62.0,59.79999923706055,60.5,580020
2025-11-03,61.099998474121094,61.099998474121094,59.0,60.5,609000
2025-11-04,60.400001525878906,60.400001525878906,59.599998474121094,60.29999923706055,182414
2025-11-05,60.20000076293945,60.400001525878906,58.400001525878906,60.400001525878906,299005
2025-11-06,60.400001525878906,61.400001525878906,59.70000076293945,60.599998474121094,155058
2025-11-07,60.599998474121094,60.70000076293945,59.70000076293945,60.70000076293945,146000
2025-11-10,60.70000076293945,61.599998474121094,57.900001525878906,58.599998474121094,689050
2025-11-11,58.599998474121094,58.599998474121094,55.0,55.0,778093
2025-11-12,55.0,58.900001525878906,51.20000076293945,56.099998474121094,1946002
2025-11-13,56.900001525878906,57.400001525878906,55.29999923706055,57.0,334210
2025-11-14,56.400001525878906,57.29999923706055,55.79999923706055,56.29999923706055,565300
2025-11-17,55.900001525878906,56.29999923706055,55.099998474121094,55.79999923706055,174005
2025-11-18,56.70000076293945,56.70000076293945,54.0,55.79999923706055,279000
2025-11-19,55.79999923706055,56.0,54.79999923706055,55.70000076293945,279006
2025-11-20,56.0,57.0,54.70000076293945,55.0,421050
2025-11-21,53.5,55.0,53.099998474121094,54.5,306000
2025-11-24,54.599998474121094,55.0,53.099998474121094,53.70000076293945,336001
2025-11-25,53.70000076293945,53.79999923706055,53.099998474121094,53.599998474121094,189000
2025-11-26,53.79999923706055,53.79999923706055,52.79999923706055,53.099998474121094,81006
2025-11-27,53.0,56.20000076293945,53.0,56.20000076293945,284016
2025-11-28,56.29999923706055,60.0,56.29999923706055,59.79999923706055,563035
2025-12-01,59.70000076293945,61.099998474121094,59.099998474121094,59.400001525878906,305087
2025-12-02,59.400001525878906,60.20000076293945,58.79999923706055,59.400001525878906,223000
2025-12-03,61.400001525878906,61.400001525878906,59.20000076293945,59.29999923706055,91010
2025-12-04,59.29999923706055,64.69999694824219,59.0,64.69999694824219,700530
2025-12-05,64.5999984741211,65.0999984741211,62.400001525878906,63.400001525878906,1219000
2025-12-08,64.30000305175781,64.80000305175781,61.0,62.0,741002
2025-12-09,61.79999923706055,62.0,58.29999923706055,58.29999923706055,750063
2025-12-10,58.29999923706055,58.79999923706055,56.599998474121094,57.5,411000
2025-12-11,57.20000076293945,57.79999923706055,56.5,56.70000076293945,285000
2025-12-12,56.599998474121094,56.70000076293945,55.599998474121094,56.70000076293945,209050
2025-12-15,56.0,57.099998474121094,55.5,56.900001525878906,69000
2025-12-16,57.0,57.400001525878906,54.900001525878906,56.5,229000
2025-12-17,55.79999923706055,56.900001525878906,55.79999923706055,56.900001525878906,89000
2025-12-18,56.70000076293945,56.900001525878906,56.0,56.099998474121094,87103
2025-12-19,55.70000076293945,57.20000076293945,55.70000076293945,56.20000076293945,52000
2025-12-22,56.29999923706055,56.70000076293945,55.400001525878906,56.70000076293945,122002
2025-12-23,56.20000076293945,56.900001525878906,56.0,56.5,69756
2025-12-24,57.0,57.400001525878906,56.0,56.5,143000
2025-12-26,57.099998474121094,57.099998474121094,55.900001525878906,56.70000076293945,55000
2025-12-29,56.599998474121094,56.599998474121094,55.400001525878906,55.5,142324
2025-12-30,55.0,56.0,52.79999923706055,56.0,366002
2025-12-31,55.20000076293945,56.5,53.599998474121094,54.79999923706055,463047
2026-01-02,55.20000076293945,55.20000076293945,51.79999923706055,52.599998474121094,651297
2026-01-05,53.20000076293945,53.20000076293945,49.599998474121094,50.79999923706055,406055
2026-01-06,51.0,52.0,49.79999923706055,52.0,457186
2026-01-07,52.0,52.400001525878906,50.29999923706055,52.0,185000
2026-01-08,52.400001525878906,55.5,51.0,54.5,662145
2026-01-09,53.400001525878906,54.900001525878906,52.5,52.79999923706055,596015
2026-01-12,52.900001525878906,54.5,52.70000076293945,53.099998474121094,134000
2026-01-13,52.5,53.0,51.79999923706055,51.79999923706055,69010
2026-01-14,51.79999923706055,53.0,50.5,52.5,451004
2026-01-15,52.20000076293945,52.79999923706055,50.400001525878906,50.400001525878906,436270
2026-01-16,50.5,50.5,49.400001525878906,50.5,419458
2026-01-19,50.5,51.0,49.45000076293945,50.20000076293945,340006
2026-01-20,50.20000076293945,51.0,48.599998474121094,51.0,434000
2026-01-21,50.900001525878906,50.900001525878906,49.29999923706055,49.29999923706055,126074
2026-01-22,49.25,49.5,48.5,49.25,204020
2026-01-23,49.25,50.400001525878906,49.04999923706055,49.150001525878906,238000
2026-01-26,49.5,49.5,48.04999923706055,48.04999923706055,347223
2026-01-27,48.099998474121094,48.099998474121094,45.79999923706055,47.0,521500
2026-01-28,46.20000076293945,47.150001525878906,44.5,45.0,659068
2026-01-29,44.29999923706055,47.099998474121094,43.849998474121094,47.099998474121094,501576
2026-01-30,48.29999923706055,51.79999923706055,45.099998474121094,51.70000076293945,1575689
2026-02-02,51.599998474121094,55.400001525878906,49.400001525878906,55.400001525878906,1290005
2026-02-03,55.0,57.400001525878906,54.0,54.0,1224250
2026-02-04,54.0,54.29999923706055,49.599998474121094,52.099998474121094,1833194
2026-02-05,50.900001525878906,50.900001525878906,47.20000076293945,47.20000076293945,635225
2026-02-06,47.0,47.0,42.5,44.04999923706055,1222964
2026-02-09,44.29999923706055,44.29999923706055,42.45000076293945,42.45000076293945,362057
2026-02-10,42.79999923706055,42.79999923706055,40.849998474121094,42.349998474121094,459000
2026-02-11,41.79999923706055,42.79999923706055,41.5,42.20000076293945,111028
2026-02-23,42.0,42.0,40.79999923706055,41.29999923706055,199000
2026-02-24,41.25,42.20000076293945,41.099998474121094,41.400001525878906,158248
2026-02-25,41.75,41.79999923706055,40.04999923706055,40.099998474121094,255000
2026-02-26,40.29999923706055,40.400001525878906,38.5,40.099998474121094,726000
2026-03-02,40.099998474121094,40.099998474121094,38.650001525878906,38.70000076293945,475119
2026-03-03,38.5,38.54999923706055,37.349998474121094,37.599998474121094,2389010
2026-03-04,38.70000076293945,40.29999923706055,37.650001525878906,38.70000076293945,412000
2026-03-05,39.0,41.400001525878906,38.75,39.400001525878906,538000
2026-03-06,39.650001525878906,39.95000076293945,39.45000076293945,39.75,75200
2026-03-09,35.79999923706055,38.29999923706055,35.79999923706055,37.79999923706055,274000
2026-03-10,38.599998474121094,39.95000076293945,38.599998474121094,39.5,172031
2026-03-11,40.0,40.70000076293945,39.79999923706055,40.400001525878906,309000
2026-03-12,44.400001525878906,44.400001525878906,44.400001525878906,44.400001525878906,208120
2026-03-13,47.25,48.79999923706055,45.599998474121094,48.54999923706055,1265070
2026-03-16,48.20000076293945,48.900001525878906,46.75,48.150001525878906,521000
2026-03-17,47.900001525878906,48.099998474121094,47.04999923706055,47.54999923706055,154182
2026-03-18,47.400001525878906,50.400001525878906,47.400001525878906,48.04999923706055,389123
2026-03-19,48.04999923706055,48.79999923706055,47.400001525878906,48.5,253867
2026-03-20,48.29999923706055,49.5,48.04999923706055,48.900001525878906,214071
2026-03-23,48.849998474121094,50.099998474121094,47.900001525878906,49.400001525878906,509116
2026-03-24,49.900001525878906,50.099998474121094,49.04999923706055,49.400001525878906,147011
2026-03-25,49.400001525878906,50.79999923706055,49.400001525878906,50.79999923706055,252000
2026-03-26,50.79999923706055,54.0,50.79999923706055,52.70000076293945,510510
2026-03-27,52.70000076293945,53.79999923706055,51.29999923706055,53.5,204165
2026-03-30,53.0,53.70000076293945,52.20000076293945,53.5,107624
2026-03-31,53.099998474121094,53.5,51.5,52.5,124389
2026-04-01,52.5,53.099998474121094,50.099998474121094,51.5,230002
2026-04-02,51.5,52.900001525878906,50.0,50.29999923706055,130012
2026-04-07,50.29999923706055,51.0,48.5,50.0,229004
2026-04-08,50.5,50.70000076293945,49.650001525878906,50.0,167050
2026-04-09,48.95000076293945,49.70000076293945,48.400001525878906,48.599998474121094,135222
2026-04-10,48.599998474121094,48.599998474121094,47.0,47.599998474121094,472091
2026-04-13,47.54999923706055,47.54999923706055,46.150001525878906,47.04999923706055,326020
2026-04-14,46.70000076293945,48.0,46.349998474121094,47.099998474121094,325000
2026-04-15,47.099998474121094,47.599998474121094,46.099998474121094,46.400001525878906,109067
2026-04-16,46.400001525878906,47.20000076293945,46.20000076293945,46.20000076293945,95061
2026-04-17,46.20000076293945,47.54999923706055,44.70000076293945,44.70000076293945,246045
2026-04-20,44.70000076293945,45.349998474121094,43.54999923706055,44.0,233026
2026-04-21,43.95000076293945,44.79999923706055,43.29999923706055,44.79999923706055,163001
2026-04-22,45.45000076293945,46.95000076293945,44.599998474121094,46.849998474121094,196342
2026-04-23,47.79999923706055,48.79999923706055,45.95000076293945,46.5,264001
2026-04-24,46.599998474121094,47.349998474121094,44.79999923706055,46.29999923706055,129058
2026-04-27,45.599998474121094,45.599998474121094,44.45000076293945,44.5,160000
2026-04-28,44.900001525878906,45.099998474121094,44.25,44.25,95000
2026-04-29,44.25,44.45000076293945,43.79999923706055,43.79999923706055,79000
2026-04-30,43.849998474121094,43.849998474121094,42.849998474121094,42.849998474121094,128000
2026-05-04,42.900001525878906,44.349998474121094,41.599998474121094,43.45000076293945,219000
2026-05-05,43.5,44.25,43.099998474121094,43.20000076293945,55000
2026-05-06,43.54999923706055,43.599998474121094,42.04999923706055,42.79999923706055,169010
2026-05-07,42.0,42.79999923706055,42.0,42.349998474121094,118000
2026-05-08,42.349998474121094,42.349998474121094,40.5,40.900001525878906,294000
2026-05-11,40.900001525878906,40.900001525878906,40.0,40.0,201147
2026-05-12,40.0,40.25,39.0,39.0,216038
2026-05-13,39.5,40.20000076293945,38.400001525878906,39.79999923706055,106031
2026-05-14,39.79999923706055,40.04999923706055,39.04999923706055,39.04999923706055,91086
2026-05-15,39.150001525878906,41.0,39.099998474121094,39.20000076293945,141212
2026-05-18,39.0,40.54999923706055,38.900001525878906,39.5,145001
2026-05-19,40.0,40.150001525878906,39.0,39.5,184050
2026-05-20,40.04999923706055,40.5,39.5,40.04999923706055,53050
2026-05-21,40.04999923706055,40.29999923706055,40.0,40.20000076293945,29500
2026-05-22,39.95000076293945,40.20000076293945,39.349998474121094,39.599998474121094,115259
2026-05-25,40.04999923706055,40.29999923706055,39.20000076293945,39.5,101191
2026-05-26,40.70000076293945,41.5,39.650001525878906,41.150001525878906,167400
2026-05-27,41.45000076293945,41.45000076293945,39.650001525878906,39.650001525878906,118193
2026-05-28,39.75,40.400001525878906,39.29999923706055,39.650001525878906,116001
2026-05-29,39.70000076293945,40.29999923706055,39.20000076293945,39.70000076293945,123465
2026-06-01,39.75,42.5,39.75,41.650001525878906,272576
2026-06-02,41.20000076293945,41.25,40.04999923706055,40.45000076293945,529304
2026-06-03,40.0,40.95000076293945,38.900001525878906,39.70000076293945,321123
2026-06-04,38.849998474121094,39.70000076293945,38.849998474121094,39.150001525878906,191861
2026-06-05,39.900001525878906,39.900001525878906,38.29999923706055,38.400001525878906,271020
2026-06-08,38.400001525878906,38.5,36.79999923706055,37.5,175100
2026-06-09,37.099998474121094,38.29999923706055,37.099998474121094,37.349998474121094,119000
2026-06-10,37.150001525878906,37.349998474121094,36.20000076293945,36.54999923706055,344000
2026-06-11,36.54999923706055,36.599998474121094,35.54999923706055,36.54999923706055,1047001
2026-06-12,36.20000076293945,38.0,36.20000076293945,37.95000076293945,218500
2026-06-15,37.79999923706055,38.400001525878906,37.0,38.099998474121094,251999
2026-06-16,38.349998474121094,38.5,38.04999923706055,38.400001525878906,156029
2026-06-17,38.400001525878906,38.54999923706055,37.900001525878906,38.25,129012
2026-06-18,38.25,38.400001525878906,37.900001525878906,38.400001525878906,306500
2026-06-22,38.150001525878906,40.400001525878906,38.150001525878906,39.04999923706055,574500
2026-06-23,40.0,40.0,37.5,37.900001525878906,245001
2026-06-24,37.849998474121094,38.20000076293945,37.75,37.75,81348
2026-06-25,38.70000076293945,38.70000076293945,37.5,37.900001525878906,192151
2026-06-26,37.54999923706055,37.849998474121094,37.400001525878906,37.5,515039
2026-06-29,37.099998474121094,38.0,37.0,37.650001525878906,113000
2026-06-30,38.099998474121094,38.099998474121094,37.79999923706055,38.0,59003
2026-07-01,38.349998474121094,38.349998474121094,37.70000076293945,37.70000076293945,56368
2026-07-02,37.650001525878906,37.95000076293945,37.599998474121094,37.599998474121094,52064
2026-07-03,37.599998474121094,38.29999923706055,37.599998474121094,38.20000076293945,84283
2026-07-06,38.20000076293945,38.5,38.0,38.150001525878906,75007
2026-07-07,38.45000076293945,38.5,37.29999923706055,37.29999923706055,75015
2026-07-08,37.650001525878906,37.75,37.20000076293945,37.599998474121094,22008
2026-07-09,38.54999923706055,38.54999923706055,37.400001525878906,37.5,13021
2026-07-10,37.5,37.5,37.5,37.5,0
2026-07-13,37.599998474121094,38.400001525878906,37.54999923706055,38.099998474121094,145835
2026-07-14,38.70000076293945,38.70000076293945,35.5,37.5,319043
2026-07-15,37.599998474121094,38.29999923706055,37.54999923706055,38.0,239026
2026-07-16,38.0,39.29999923706055,38.0,38.79999923706055,163016
2026-07-17,38.20000076293945,39.0,38.04999923706055,38.650001525878906,225023
2026-07-20,39.5,39.5,37.20000076293945,37.20000076293945,241230
2026-07-21,36.900001525878906,37.79999923706055,36.849998474121094,37.5,78011
2026-07-22,37.599998474121094,37.79999923706055,37.150001525878906,37.150001525878906,91395
2026-07-23,37.150001525878906,37.5,36.599998474121094,36.599998474121094,122000
2026-07-24,36.599998474121094,36.650001525878906,35.29999923706055,35.849998474121094,260356
2026-07-27,35.849998474121094,36.900001525878906,35.79999923706055,36.0,114053
2026-07-28,35.54999923706055,36.400001525878906,35.29999923706055,35.400001525878906,733003
2026-07-29,36.400001525878906,36.400001525878906,34.0,35.400001525878906,1492923
2026-07-30,35.099998474121094,35.400001525878906,33.5,35.400001525878906,378122
2026-07-31,36.25,36.25,34.849998474121094,35.0,95367
2026-08-03,33.95000076293945,36.150001525878906,33.95000076293945,35.5,132000
2026-08-04,35.79999923706055,35.79999923706055,34.849998474121094,35.79999923706055,67000
2026-08-05,35.79999923706055,37.5,35.70000076293945,37.5,108171
2026-08-06,37.400001525878906,38.099998474121094,36.5,38.099998474121094,146082
2026-08-07,38.5,38.70000076293945,37.599998474121094,38.45000076293945,86001
2026-08-10,37.5,38.45000076293945,37.5,37.95000076293945,78327
2026-08-11,37.849998474121094,38.0,36.95000076293945,38.0,54036
2026-08-12,37.29999923706055,38.5,37.29999923706055,37.70000076293945,69341
2026-08-13,37.45000076293945,38.150001525878906,37.45000076293945,38.0,57004
2026-08-14,38.0,38.0,37.54999923706055,37.54999923706055,57336
2026-08-17,37.29999923706055,38.04999923706055,37.29999923706055,37.95000076293945,12098
2026-08-18,38.04999923706055,38.04999923706055,37.599998474121094,37.900001525878906,35001
2026-08-19,37.599998474121094,37.95000076293945,37.54999923706055,37.75,37100
2026-08-20,38.29999923706055,39.0,37.849998474121094,38.650001525878906,89039
2026-08-21,38.849998474121094,38.849998474121094,38.400001525878906,38.5,61005
2026-08-24,38.95000076293945,38.95000076293945,38.0,38.400001525878906,70007
2026-08-25,38.0,38.0,37.650001525878906,37.95000076293945,23098
2026-08-26,37.25,38.29999923706055,37.25,38.04999923706055,91055
2026-08-27,38.099998474121094,39.20000076293945,37.29999923706055,37.599998474121094,198441
2026-08-28,37.599998474121094,37.599998474121094,36.900001525878906,37.400001525878906,134017
2026-08-31,36.900001525878906,37.349998474121094,36.0,37.349998474121094,118000
2026-09-01,37.099998474121094,37.099998474121094,36.25,36.25,182048
2026-09-02,36.25,37.25,35.650001525878906,36.25,126761
2026-09-03,35.75,36.099998474121094,34.900001525878906,35.650001525878906,406318
2026-09-04,35.400001525878906,35.70000076293945,35.20000076293945,35.70000076293945,57074
2026-09-07,35.70000076293945,36.5,35.04999923706055,35.70000076293945,175541
2026-09-08,35.20000076293945,35.79999923706055,34.70000076293945,35.79999923706055,111171
2026-09-09,35.099998474121094,35.70000076293945,34.20000076293945,35.70000076293945,393001
2026-09-10,34.900001525878906,35.349998474121094,34.150001525878906,34.5,377167
2026-09-11,34.150001525878906,34.29999923706055,33.45000076293945,34.099998474121094,416338
2026-09-14,34.79999923706055,34.79999923706055,33.25,33.79999923706055,236401
2026-09-15,33.45000076293945,34.29999923706055,33.099998474121094,34.29999923706055,316199
2026-09-16,34.20000076293945,34.54999923706055,33.75,34.0,250121
2026-09-17,34.5,35.5,33.599998474121094,33.70000076293945,239026
2026-09-18,34.150001525878906,34.54999923706055,33.5,34.45000076293945,183000
2026-09-21,34.5,35.5,34.400001525878906,35.5,257001
2026-09-22,36.0,36.0,34.900001525878906,34.900001525878906,208011
2026-09-23,34.900001525878906,35.400001525878906,34.75,35.20000076293945,25200
2026-09-24,34.900001525878906,35.099998474121094,34.849998474121094,35.099998474121094,22242
